User_ID,Daily_Steps,Exercise_Duration_min,Calories_Burned,Heart_Rate_bpm,Water_Intake_L
1001,11199,75,646,82,4.1
1002,12013,72,619,71,3.3
1003,11813,57,500,73,3.1
1004,7055,46,412,75,3.4
1005,12269,70,602,67,3.4
1006,5656,59,515,69,3.1
1007,7746,58,511,73,3.4
1008,10009,66,574,73,4.1
1009,14432,67,581,77,3.6
1010,13813,65,563,65,3.2
1011,9265,46,412,74,3.1
1012,9138,74,639,62,3.7
1013,7651,42,378,72,2.2
1014,13031,67,582,74,4.1
1015,12245,51,450,71,2.3
1016,6551,26,251,81,2.3
1017,8150,50,446,73,3.9
1018,11307,77,660,70,3.6
1019,12690,69,599,75,4.5
1020,9079,54,478,76,3.7
1021,13434,93,791,78,4.5
1022,12150,67,577,75,2.8
1023,7019,44,394,72,2.0
1024,9863,69,595,65,3.4
1025,9458,65,561,74,2.6
1026,11303,57,501,75,3.4
1027,10346,56,493,78,3.5
1028,5155,40,366,70,3.4
1029,8509,53,466,69,2.2
1030,6609,61,533,70,3.0
1031,8388,47,416,74,2.1
1032,7548,55,487,67,3.7
1033,10860,67,579,65,2.9
1034,12019,71,611,71,2.8
1035,8362,43,388,67,2.8
1036,13112,71,614,74,3.6
1037,8440,50,444,71,2.8
1038,9143,70,603,60,3.1
1039,8910,49,438,80,3.9
1040,9565,55,481,62,2.7
1041,11013,62,539,72,3.4
1042,14230,99,836,74,3.8
1043,8117,58,504,72,2.2
1044,10555,67,581,79,3.3
1045,4962,36,331,67,2.6
1046,11984,61,537,73,4.4
1047,6609,55,485,80,3.4
1048,12887,66,576,81,4.3
1049,11843,88,750,83,4.5
1050,6881,45,405,72,3.4
1051,10907,70,602,70,3.0
1052,8631,52,462,77,3.3
1053,12920,103,866,67,3.8
1054,12454,56,492,63,3.3
1055,10339,55,485,77,3.4
1056,9310,43,388,73,3.2
1057,11140,48,427,74,2.5
1058,10581,64,556,76,3.4
1059,14754,74,638,76,4.3
1060,4602,29,281,79,3.7
1061,11219,60,521,71,2.6
1062,7224,45,404,76,2.9
1063,11173,46,412,70,3.1
1064,12330,54,474,70,2.8
1065,11826,51,451,71,3.0
1066,9258,55,486,73,3.9
1067,9626,57,501,73,3.0
1068,11952,67,581,65,3.8
1069,10150,64,555,68,3.2
1070,12667,74,641,80,5.0
1071,9525,36,333,75,3.0
1072,10103,56,493,75,3.9
1073,10891,64,559,83,4.3
1074,7358,33,310,77,3.5
1075,10965,45,405,83,3.2
1076,9821,65,565,74,3.9
1077,11496,54,477,72,3.0
1078,10853,72,623,72,4.2
1079,8744,52,464,78,4.7
1080,6290,37,342,78,3.2
1081,7672,54,477,80,3.6
1082,10718,62,544,84,3.8
1083,11493,63,551,78,4.6
1084,9642,46,414,77,3.3
1085,11910,84,719,76,4.2
1086,11961,54,475,75,2.7
1087,9832,70,608,76,4.2
1088,13255,55,488,72,3.9
1089,10056,63,551,72,4.1
1090,7619,56,495,77,3.7
1091,10880,63,550,70,3.2
1092,11749,74,639,73,4.2
1093,13415,87,740,77,4.2
1094,8998,60,529,71,4.0
1095,10694,81,693,71,3.9
1096,7586,72,621,71,4.5
1097,9352,73,629,78,3.6
1098,7494,54,481,80,4.4
1099,11027,58,507,75,2.7
1100,9979,61,530,76,3.2
1101,9063,60,528,88,4.4
1102,8443,37,341,68,3.0
1103,11298,62,541,85,3.6
1104,9864,45,404,79,2.8
1105,9282,48,429,86,3.1
1106,9560,60,532,76,4.9
1107,7085,42,380,74,2.8
1108,11833,59,516,69,3.0
1109,11280,68,590,66,3.8
1110,6428,40,364,76,3.4
1111,7108,45,408,75,3.6
1112,14677,79,683,74,5.0
1113,9109,58,510,71,3.8
1114,7876,28,272,82,3.6
1115,11175,63,546,73,2.5
1116,8265,69,594,72,2.9
1117,10309,28,273,75,4.0
1118,13845,70,604,69,3.1
1119,9193,55,482,71,2.9
1120,7351,32,300,70,2.6
1121,14099,57,501,75,3.8
1122,8782,47,418,68,2.6
1123,7256,38,346,78,2.1
1124,7443,54,476,71,3.3
1125,11416,57,499,78,2.8
1126,7744,53,467,77,2.6
1127,13128,74,634,65,3.0
1128,13681,83,709,73,3.7
1129,10568,56,493,79,4.1
1130,10195,56,491,70,2.8
1131,8672,65,569,73,4.6
1132,11864,81,691,70,3.0
1133,9988,78,667,75,3.3
1134,9109,40,362,74,2.7
1135,7322,35,326,78,4.0
1136,12420,73,630,78,3.9
1137,14436,74,640,73,3.8
1138,7339,21,212,70,3.1
1139,9327,60,522,75,2.9
1140,11609,55,488,79,3.2
1141,12939,71,610,64,2.4
1142,9390,58,512,81,4.1
1143,10128,53,466,75,2.3
1144,7753,44,394,73,2.6
1145,8412,58,507,72,2.9
1146,13135,51,454,73,3.9
1147,8321,35,321,74,2.5
1148,11078,32,302,81,3.0
1149,8107,41,375,72,4.3
1150,11556,83,707,69,3.7
1151,11665,52,458,77,1.9
1152,10431,61,538,80,4.5
1153,7725,46,413,73,2.9
1154,5705,26,253,76,2.7
1155,10537,52,462,73,2.8
1156,12111,43,388,74,3.0
1157,14668,84,718,74,3.9
1158,12669,87,744,74,4.8
1159,10396,44,396,79,3.7
1160,11324,65,566,73,4.2
1161,5893,52,457,66,2.3
1162,12687,81,690,66,3.0
1163,8589,59,517,84,3.6
1164,8835,70,604,69,4.0
1165,12153,51,454,78,3.7
1166,9442,46,415,81,3.5
1167,9727,55,485,81,3.5
1168,9737,65,568,75,3.8
1169,10954,73,626,74,2.6
1170,6766,43,390,76,3.8
1171,11972,72,620,68,3.7
1172,10275,63,550,75,4.3
1173,9197,32,300,73,3.2
1174,10881,53,466,76,2.9
1175,9105,28,270,84,3.1
1176,10348,55,487,76,3.3
1177,9733,55,484,69,3.2
1178,8606,52,458,69,2.6
1179,9941,51,453,79,3.3
1180,11108,66,570,66,2.9
1181,7482,46,408,64,2.0
1182,8692,42,381,81,3.3
1183,11548,48,427,75,2.5
1184,12704,61,534,72,3.8
1185,8493,54,479,76,3.4
1186,7397,45,409,81,4.3
1187,6462,44,397,76,3.1
1188,7656,49,433,70,2.5
1189,10508,74,634,67,3.5
1190,10685,52,460,70,2.4
1191,8739,61,529,71,2.5
1192,12043,88,748,73,3.7
1193,9505,37,339,76,2.6
1194,8705,55,483,67,2.9
1195,13071,65,561,73,2.7
1196,8090,39,354,68,2.9
1197,8135,75,644,79,2.9
1198,7904,55,482,79,2.2
1199,14529,74,636,72,3.5
1200,11090,75,645,70,4.0
1201,14318,88,748,73,4.0
1202,8855,53,468,70,2.9
1203,13227,74,633,65,2.3
1204,10114,56,496,70,4.2
1205,10279,57,501,80,3.7
1206,13408,63,553,78,4.0
1207,9952,51,453,71,3.0
1208,7987,48,430,76,3.6
1209,9426,50,446,73,3.5
1210,9152,45,402,70,2.8
1211,7359,66,570,69,3.0
1212,9614,61,530,75,2.3
1213,6207,37,339,73,2.7
1214,7339,59,515,68,2.5
1215,9749,52,461,71,3.4
1216,8409,44,397,69,3.0
1217,9344,42,383,78,4.4
1218,11028,60,527,72,4.1
1219,11767,74,633,75,3.1
1220,9813,64,557,74,3.3
1221,10001,62,542,62,3.6
1222,9733,59,519,71,4.1
1223,13234,68,586,66,2.6
1224,7117,64,555,62,3.1
1225,8128,79,675,75,3.0
1226,7205,44,397,75,3.8
1227,9593,56,492,78,3.1
1228,8714,29,273,76,1.9
1229,8539,51,452,79,3.0
1230,12615,61,532,73,3.5
1231,11449,79,678,76,3.9
1232,10072,74,634,73,2.7
1233,10391,44,395,78,3.2
1234,10872,56,496,78,4.2
1235,11707,67,580,71,3.3
1236,10405,77,662,65,3.6
1237,9868,71,616,76,4.2
1238,9953,73,625,68,2.6
1239,10038,56,497,72,4.1
1240,11127,78,668,69,2.7
1241,10613,40,367,75,4.0
1242,7131,51,455,77,3.4
1243,9098,54,473,75,2.2
1244,11016,82,703,75,4.1
1245,12473,62,541,72,4.1
1246,5401,46,417,69,4.0
1247,11869,91,772,69,3.9
1248,12247,67,580,72,3.6
1249,9988,63,549,79,3.9
1250,10693,60,521,64,2.2
1251,10582,53,467,65,3.1
1252,8781,46,411,76,2.6
1253,6987,50,445,74,2.7
1254,7175,38,344,69,2.0
1255,6303,43,386,77,2.4
1256,8113,40,364,71,3.5
1257,7604,59,518,84,4.2
1258,9591,64,554,73,3.1
1259,11392,51,453,79,3.3
1260,7325,40,366,75,3.5
1261,7073,37,339,76,2.7
1262,13848,72,617,67,2.8
1263,9948,66,577,77,4.4
1264,9937,49,436,76,3.0
1265,8362,43,386,77,2.7
1266,10637,57,503,74,4.4
1267,13267,77,660,73,3.6
1268,8606,27,261,73,3.0
1269,12158,72,620,75,3.2
1270,7405,20,203,77,2.0
1271,10202,58,508,74,3.3
1272,9807,49,436,78,2.8
1273,10023,37,340,75,2.5
1274,12014,78,667,68,3.8
1275,11974,61,534,78,4.0
1276,10449,45,403,74,2.3
1277,9941,61,534,75,4.3
1278,11805,78,672,78,4.1
1279,9246,39,354,76,2.0
1280,9177,66,570,68,2.4
1281,7123,26,252,81,2.5
1282,9217,29,276,79,3.1
1283,7651,43,390,67,2.9
1284,7387,45,402,68,2.4
1285,9417,67,582,68,4.0
1286,13423,67,580,67,3.2
1287,10567,59,517,76,3.4
1288,9626,48,429,71,3.6
1289,10213,84,719,77,4.1
1290,11208,58,508,75,2.9
1291,13411,66,573,74,3.7
1292,9706,52,460,70,3.0
1293,12465,66,573,71,3.7
1294,8235,26,253,74,3.2
1295,9304,43,389,76,2.5
1296,11210,47,421,75,3.0
1297,13782,66,573,63,3.4
1298,8567,70,603,76,3.0
1299,10112,32,301,75,3.6
1300,8771,36,332,74,2.1
1301,7090,51,456,80,3.9
1302,6789,33,308,71,2.5
1303,11566,76,656,68,4.6
1304,7474,60,522,68,2.6
1305,10080,36,329,77,2.7
1306,8246,34,317,75,3.0
1307,9698,78,668,76,3.4
1308,11824,71,612,61,3.2
1309,9681,39,358,75,3.3
1310,10064,47,421,69,2.7
1311,10072,66,570,73,2.4
1312,9862,56,494,73,3.5
1313,10994,65,564,67,3.6
1314,10344,52,460,72,3.5
1315,12052,61,536,69,3.5
1316,8355,63,552,76,4.4
1317,10622,70,604,66,3.4
1318,13440,55,485,70,3.5
1319,7908,42,378,73,2.4
1320,9159,65,564,63,3.6
1321,11654,31,291,73,2.4
1322,11281,37,337,69,2.0
1323,9007,73,629,77,3.3
1324,9915,57,501,76,3.0
1325,12037,65,564,68,2.3
1326,7258,54,478,72,3.3
1327,12650,46,411,75,2.9
1328,11837,68,589,71,3.8
1329,8280,62,543,79,4.3
1330,8552,46,410,72,3.2
1331,8540,70,608,75,4.3
1332,10031,79,674,73,2.9
1333,10638,76,653,80,4.9
1334,10177,62,542,76,3.8
1335,9948,56,492,78,2.8
1336,10483,54,473,72,2.3
1337,8357,49,434,69,2.3
1338,10831,73,625,72,2.9
1339,7712,31,294,75,3.1
1340,11440,67,581,67,3.5
1341,9638,65,564,70,3.7
1342,7085,34,316,77,2.8
1343,8708,51,458,75,4.4
1344,7744,57,501,80,3.1
1345,8782,58,509,78,3.8
1346,15532,77,662,82,4.3
1347,10856,50,445,74,3.4
1348,12867,57,499,76,3.0
1349,5451,36,333,81,3.5
1350,12715,75,644,66,3.0
1351,11085,61,533,80,3.9
1352,8019,39,358,69,3.4
1353,6668,49,436,78,2.7
1354,9162,52,463,76,3.4
1355,16524,76,655,72,4.0
1356,11645,51,454,71,3.4
1357,9773,53,467,68,3.0
1358,9770,52,462,74,3.7
1359,11482,60,523,71,3.3
1360,9643,75,644,70,3.8
1361,10628,65,564,70,3.7
1362,9599,58,507,76,3.7
1363,12375,62,541,80,3.2
1364,6860,49,437,72,3.2
1365,8191,43,393,79,3.8
1366,9779,79,676,68,3.6
1367,10676,79,675,70,3.1
1368,10086,42,381,73,3.7
1369,9393,44,394,77,2.6
1370,7019,63,548,71,2.9
1371,8584,48,431,77,3.5
1372,9917,62,541,71,3.3
1373,9283,49,436,80,2.7
1374,11172,29,274,76,2.3
1375,11889,52,457,73,2.9
1376,10006,61,531,77,2.6
1377,8344,49,441,80,4.2
1378,10944,58,513,80,3.6
1379,8894,52,463,70,4.0
1380,8381,36,334,80,2.9
1381,12642,53,469,77,3.7
1382,11588,41,374,74,3.8
1383,8048,50,448,80,4.3
1384,9910,69,602,67,4.7
1385,9253,65,566,68,3.4
1386,5171,49,441,76,4.4
1387,7402,22,221,82,2.9
1388,10692,55,486,75,3.7
1389,12495,75,644,70,3.1
1390,8576,51,452,74,3.4
1391,8988,48,429,75,3.9
1392,11279,73,626,67,2.8
1393,8439,72,620,75,3.4
1394,11744,45,402,75,2.6
1395,10799,79,680,81,4.5
1396,8303,45,405,76,3.0
1397,10004,59,517,83,3.5
1398,9173,51,449,71,2.0
1399,12421,54,481,81,4.4
1400,12556,71,608,76,1.9
1401,9380,61,534,69,3.8
1402,10443,52,459,67,3.0
1403,12239,42,380,74,2.8
1404,11852,68,589,75,3.8
1405,9070,68,589,81,4.2
1406,8292,48,429,72,3.7
1407,10454,53,470,66,3.7
1408,11676,75,644,72,3.5
1409,8871,50,443,74,3.3
1410,9186,49,439,76,4.0
1411,10321,57,500,70,2.9
1412,8296,45,405,67,3.5
1413,8703,50,443,82,2.7
1414,7864,52,459,76,3.4
1415,9383,69,596,80,3.7
1416,10710,34,314,69,2.2
1417,8709,46,412,73,2.9
1418,13555,90,767,74,3.9
1419,6586,37,341,81,3.2
1420,9676,69,596,79,3.2
1421,10980,64,555,67,3.1
1422,10234,75,647,73,5.0
1423,9635,59,518,75,3.6
1424,8005,63,550,75,3.3
1425,9759,60,524,64,3.1
1426,10298,72,619,75,3.1
1427,12694,91,772,71,3.6
1428,6904,52,461,71,3.4
1429,6697,54,473,71,2.5
1430,7482,39,356,67,3.0
1431,6280,41,371,82,2.9
1432,10569,45,404,75,3.6
1433,9572,62,541,70,3.7
1434,8830,62,538,79,3.2
1435,11739,52,462,69,3.3
1436,9263,75,647,72,4.4
1437,8383,46,410,78,2.7
1438,9193,66,572,70,3.1
1439,14196,73,631,71,4.0
1440,14648,76,653,71,3.8
1441,10117,25,245,78,3.1
1442,12474,69,598,73,4.1
1443,12078,54,474,72,2.8
1444,7588,56,490,72,2.8
1445,9561,46,410,72,2.5
1446,13280,65,561,69,2.5
1447,8891,52,461,75,3.6
1448,7765,58,503,69,2.0
1449,6678,44,397,67,3.4
1450,9378,50,448,83,4.1
1451,12057,73,629,67,4.1
1452,12004,71,610,69,3.0
1453,8600,46,412,79,3.1
1454,10021,31,292,83,1.7
1455,7741,64,560,79,3.9
1456,10161,51,448,73,2.3
1457,7474,55,483,73,3.2
1458,5384,43,388,74,3.2
1459,9387,39,355,77,2.5
1460,9108,47,422,80,3.2
1461,15040,61,533,78,3.4
1462,8740,35,325,79,3.2
1463,11765,63,549,70,3.5
1464,10966,67,584,77,4.6
1465,7387,62,543,68,4.0
1466,10778,60,526,79,3.7
1467,9911,43,389,74,2.6
1468,10580,61,535,67,3.7
1469,9323,54,476,76,3.5
1470,10097,57,501,79,3.5
1471,10435,62,539,71,3.4
1472,7066,69,599,77,4.0
1473,9512,62,541,71,4.0
1474,9770,39,359,75,3.7
1475,10035,59,518,75,3.5
1476,11954,48,429,70,3.4
1477,13166,78,672,74,4.7
1478,10558,60,524,69,3.3
1479,13028,56,494,73,3.3
1480,9298,51,450,75,2.7
1481,10425,58,508,69,3.4
1482,9260,76,651,69,3.0
1483,9600,37,341,71,3.0
1484,10262,60,525,76,3.1
1485,7425,48,430,75,3.8
1486,11708,61,530,70,2.6
1487,10571,56,491,72,3.6
1488,7742,35,326,74,3.6
1489,14892,84,713,62,2.9
1490,9420,49,437,73,2.7
1491,10115,51,450,76,2.6
1492,11102,72,618,69,2.3
1493,7143,53,471,79,3.7
1494,12625,84,714,62,3.6
1495,9623,49,437,81,3.1
1496,10821,81,691,77,3.2
1497,10893,50,443,75,2.7
1498,11612,58,506,72,2.8
1499,9195,31,294,73,3.2
1500,10695,44,394,66,3.2
1501,11574,80,685,73,3.9
1502,12983,60,524,78,3.4
1503,13950,80,681,70,2.9
1504,8299,28,265,73,2.0
1505,10257,57,500,68,3.6
1506,11108,27,262,79,3.4
1507,8623,42,377,76,1.8
1508,7686,53,465,74,2.6
1509,9120,64,556,68,3.6
1510,13322,79,674,68,3.7
1511,9868,80,686,74,4.0
1512,10285,55,482,69,2.6
1513,12393,72,620,79,3.8
1514,7830,48,428,83,3.1
1515,8245,63,549,73,3.7
1516,11045,67,583,86,4.6
1517,10281,60,527,73,4.0
1518,7894,70,610,80,5.0
1519,10574,50,444,75,3.0
1520,8308,59,520,75,3.6
1521,12290,68,592,70,4.7
1522,9618,35,325,74,3.3
1523,4608,32,299,80,2.8
1524,6673,53,469,76,3.0
1525,14377,77,660,71,3.1
1526,8962,39,355,74,2.9
1527,10228,59,518,79,3.8
1528,7145,18,185,74,1.6
1529,9219,64,556,75,3.0
1530,11862,51,449,72,2.4
1531,12809,79,675,70,3.1
1532,9221,56,495,71,3.5
1533,9847,33,311,83,3.3
1534,11622,62,541,68,3.4
1535,12659,66,571,73,3.1
1536,7129,34,317,74,2.8
1537,10664,70,606,73,4.0
1538,10574,35,325,72,3.1
1539,10725,46,418,75,4.3
1540,8738,49,438,77,3.8
1541,8924,73,631,78,4.2
1542,9239,67,581,76,3.0
1543,8671,45,408,69,3.4
1544,11273,55,483,76,3.3
1545,13232,88,748,72,3.3
1546,9546,66,573,72,3.8
1547,10557,58,509,77,3.6
1548,11459,75,645,76,3.6
1549,10079,71,609,67,2.2
1550,10140,51,451,70,2.8
1551,10438,63,546,77,2.5
1552,12572,48,432,82,4.1
1553,10374,66,572,76,3.8
1554,11813,68,587,76,3.0
1555,8106,44,403,80,4.7
1556,9803,44,401,80,4.5
1557,10629,47,422,67,3.4
1558,12031,83,711,78,4.1
1559,7698,61,534,77,4.0
1560,10285,90,763,72,3.0
1561,9505,41,371,75,2.3
1562,6694,45,407,78,3.2
1563,9607,49,434,68,2.5
1564,17874,79,677,79,3.9
1565,9659,61,530,76,2.5
1566,9071,73,627,82,2.9
1567,9595,57,502,73,3.6
1568,11359,71,613,76,3.4
1569,6712,61,536,78,4.4
1570,11571,60,529,68,4.8
1571,11485,55,486,73,4.0
1572,8663,68,597,79,5.0
1573,7719,42,383,76,3.7
1574,9132,74,636,70,3.4
1575,13860,79,675,75,3.3
1576,8839,55,487,78,4.0
1577,12032,75,647,72,4.6
1578,12926,64,559,78,4.4
1579,11608,60,525,69,3.4
1580,10234,47,419,73,3.2
1581,12502,58,511,74,3.8
1582,8026,38,346,72,2.5
1583,6884,49,435,71,2.9
1584,9371,54,475,70,2.7
1585,10161,58,512,73,4.7
1586,9959,46,412,70,3.4
1587,12184,84,717,72,3.4
1588,9731,75,645,73,3.9
1589,13236,71,611,71,3.0
1590,11219,64,555,70,3.2
1591,11466,78,670,67,4.1
1592,13580,89,754,71,3.4
1593,12027,76,650,71,2.7
1594,9997,69,596,76,2.7
1595,8291,37,341,70,3.3
1596,11941,57,500,72,2.9
1597,9276,78,665,71,2.7
1598,10188,59,516,68,3.2
1599,14101,76,652,72,3.4
1600,6942,60,526,66,3.9
1601,12810,63,545,70,2.2
1602,7038,50,448,80,3.7
1603,11974,90,764,78,3.6
1604,11154,56,490,72,2.7
1605,9443,38,352,78,3.3
1606,11982,55,483,74,3.2
1607,9215,49,437,77,2.9
1608,7636,37,339,75,2.3
1609,10660,65,562,65,3.1
1610,9025,54,480,79,3.9
1611,13506,95,803,63,3.9
1612,9304,54,476,78,2.2
1613,8731,56,493,78,3.1
1614,11254,64,556,67,3.5
1615,11121,71,608,73,2.3
1616,10323,50,444,70,3.3
1617,7761,43,386,71,2.3
1618,11920,82,702,66,4.1
1619,7640,56,492,74,3.0
1620,8210,62,538,78,3.4
1621,8746,48,431,75,3.8
1622,7061,62,540,70,3.0
1623,9744,50,445,74,3.1
1624,8734,45,404,81,3.2
1625,7241,44,399,81,3.9
1626,8600,68,588,76,3.1
1627,9259,47,420,76,3.4
1628,9379,39,356,66,3.1
1629,10032,74,637,64,3.6
1630,10848,53,466,71,2.6
1631,9755,70,607,68,4.5
1632,10597,52,459,75,3.0
1633,11458,62,541,73,3.5
1634,11179,83,712,67,4.2
1635,12663,86,735,74,4.3
1636,11695,83,710,71,4.5
1637,11320,59,514,71,2.6
1638,8177,53,469,79,3.9
1639,10480,66,569,76,1.9
1640,7843,56,493,78,3.2
1641,8342,51,458,80,4.8
1642,8044,67,579,79,3.4
1643,7893,34,319,76,3.3
1644,12510,83,712,72,4.9
1645,8669,54,477,73,4.5
1646,9106,89,754,69,3.8
1647,8417,50,447,75,4.2
1648,11082,49,438,74,3.2
1649,9063,51,453,76,3.5
1650,6639,30,281,76,2.2
1651,9699,72,622,73,4.0
1652,9749,52,461,74,2.9
1653,9419,54,472,72,2.3
1654,8631,52,459,67,2.7
1655,14656,69,595,64,3.0
1656,9333,46,413,72,3.2
1657,7648,30,286,79,2.9
1658,11796,41,372,75,3.2
1659,10033,56,493,72,3.5
1660,11993,60,525,72,3.5
1661,7898,36,334,82,2.8
1662,5907,45,403,70,2.4
1663,8888,63,548,73,3.5
1664,8867,57,504,70,3.9
1665,13470,75,642,67,2.6
1666,5788,60,524,74,2.8
1667,9579,51,454,78,3.6
1668,10288,71,610,72,2.8
1669,11200,96,812,74,3.6
1670,12519,82,702,73,4.4
1671,7592,36,331,80,2.7
1672,8968,42,378,77,2.1
1673,9811,44,398,75,3.4
1674,12459,75,650,77,4.9
1675,13743,64,558,73,3.8
1676,9524,57,503,78,4.3
1677,10439,37,342,80,3.6
1678,9135,76,650,75,3.0
1679,11758,63,545,77,3.0
1680,8509,58,512,83,4.3
1681,9277,48,429,78,2.4
1682,7454,36,331,75,2.4
1683,8067,64,559,76,4.0
1684,12429,69,599,70,3.5
1685,8019,36,333,73,2.9
1686,12378,74,634,71,3.2
1687,9509,65,568,76,4.2
1688,8980,52,461,72,3.4
1689,11849,50,444,74,3.0
1690,10588,78,666,64,3.3
1691,9134,65,574,76,5.0
1692,9689,47,420,77,3.3
1693,11961,62,539,71,3.3
1694,11761,66,573,79,3.3
1695,9786,72,620,75,3.6
1696,12009,72,619,63,3.2
1697,13050,86,735,73,4.2
1698,6061,36,330,73,2.8
1699,12277,81,697,79,4.7
1700,12163,80,684,67,3.1
1701,17771,100,843,73,3.6
1702,8247,30,284,82,2.9
1703,10304,67,581,80,3.4
1704,6428,44,395,74,3.1
1705,6782,77,664,79,4.5
1706,8560,58,509,77,2.9
1707,10230,50,446,82,3.6
1708,9709,65,564,74,3.1
1709,6006,33,310,76,3.3
1710,7081,44,396,76,2.8
1711,10367,41,372,69,3.0
1712,10453,69,601,73,4.7
1713,9513,39,356,73,2.9
1714,14037,80,683,73,3.2
1715,7957,44,395,68,2.7
1716,9633,54,476,77,3.2
1717,7579,52,458,69,2.5
1718,6971,29,273,67,2.0
1719,10619,74,637,70,3.2
1720,7789,43,389,74,3.3
1721,12230,83,707,71,3.3
1722,9805,44,395,75,2.9
1723,11476,66,573,75,3.8
1724,7015,43,386,72,2.8
1725,11185,77,660,72,3.4
1726,8745,68,588,65,3.1
1727,8049,62,538,71,3.1
1728,13439,83,707,72,3.6
1729,9854,49,433,67,2.4
1730,9329,55,485,79,3.8
1731,11777,81,693,67,4.1
1732,7778,41,376,81,4.5
1733,11906,65,561,67,2.9
1734,10406,31,290,77,2.4
1735,9706,43,391,77,3.5
1736,7171,41,378,75,4.4
1737,8441,52,460,78,2.9
1738,8086,55,482,66,3.1
1739,8624,26,257,82,3.6
1740,9938,84,715,73,3.6
1741,7070,41,371,74,2.6
1742,8137,46,415,78,3.8
1743,12531,56,492,67,3.5
1744,10884,44,395,72,2.8
1745,9074,65,567,72,4.0
1746,7854,53,465,79,2.7
1747,10167,60,522,67,2.3
1748,10343,61,532,64,3.6
1749,9771,60,522,73,3.1
1750,6661,48,426,72,2.2
1751,7394,39,357,74,3.6
1752,8386,57,501,66,2.8
1753,8959,52,460,71,3.3
1754,11457,48,428,70,2.8
1755,7126,51,457,75,4.2
1756,12582,56,490,63,2.9
1757,13481,59,513,75,2.9
1758,10811,72,623,80,4.1
1759,8424,41,371,69,2.6
1760,8781,39,360,72,3.4
1761,7785,40,366,72,3.3
1762,7941,38,350,79,3.0
1763,9168,82,704,72,4.7
1764,14566,78,667,71,3.2
1765,8230,57,501,80,3.5
1766,8465,65,567,76,4.2
1767,8960,55,486,78,3.8
1768,10160,73,627,74,3.5
1769,9908,67,582,75,3.5
1770,9621,63,544,65,2.4
1771,10283,61,537,75,4.2
1772,8988,66,575,73,3.6
1773,11309,38,349,78,2.9
1774,13461,72,622,78,3.8
1775,12241,65,566,68,4.0
1776,13228,72,621,72,3.7
1777,9984,71,609,74,2.9
1778,12870,69,599,82,4.6
1779,10170,48,429,67,2.9
1780,9846,29,277,75,3.1
1781,10535,58,509,75,3.2
1782,13166,83,706,69,3.3
1783,8713,50,440,68,2.4
1784,13708,77,659,65,2.7
1785,12188,66,571,71,2.8
1786,10756,69,596,67,4.1
1787,9722,60,526,74,3.3
1788,9619,55,485,77,3.0
1789,10093,40,365,80,3.3
1790,10442,50,444,77,3.1
1791,11294,65,563,80,2.7
1792,10064,71,612,77,3.5
1793,8382,50,444,70,3.3
1794,9383,56,496,74,3.6
1795,10106,52,464,81,4.7
1796,10187,59,515,76,3.2
1797,13588,77,660,76,3.6
1798,10122,67,579,73,2.9
1799,10924,41,371,63,2.5
1800,8764,40,371,82,4.1
1801,8652,53,471,77,3.4
1802,11055,70,601,67,2.8
1803,9708,43,391,75,3.6
1804,9810,36,328,73,2.3
1805,8578,63,549,69,3.8
1806,10836,61,531,78,3.1
1807,9049,53,471,73,3.8
1808,9168,52,456,66,2.0
1809,12600,51,450,79,2.9
1810,7477,58,510,69,3.7
1811,9113,68,588,68,3.3
1812,8844,61,530,72,2.7
1813,11012,47,424,77,4.0
1814,6014,33,313,79,3.6
1815,8177,25,246,78,3.6
1816,13072,82,697,68,2.4
1817,10333,80,688,71,4.4
1818,6398,31,291,83,2.5
1819,12031,84,717,78,3.9
1820,10042,61,532,71,3.1
1821,13193,64,562,73,4.7
1822,9308,38,349,79,3.5
1823,7535,32,298,75,2.3
1824,10478,57,499,61,3.3
1825,13931,72,622,71,3.7
1826,11208,47,420,64,3.2
1827,9863,71,612,70,3.0
1828,11158,78,667,72,3.6
1829,9408,39,356,77,3.5
1830,8891,59,517,66,3.2
1831,7632,54,475,70,2.8
1832,10748,78,670,75,4.4
1833,15917,64,556,78,3.0
1834,9793,49,436,75,3.2
1835,9608,40,365,75,2.8
1836,12182,67,582,70,3.6
1837,9105,50,447,72,3.9
1838,9804,47,419,72,3.3
1839,8562,93,788,71,4.1
1840,8472,37,342,71,3.5
1841,9332,47,422,71,3.2
1842,9907,70,602,72,2.8
1843,12298,66,575,74,4.0
1844,10514,59,518,71,3.7
1845,13359,78,667,72,3.4
1846,11697,80,686,70,3.8
1847,10457,65,564,75,3.5
1848,8528,37,338,74,2.3
1849,9939,50,444,72,2.9
1850,8878,61,536,70,4.2
1851,11962,60,523,69,2.7
1852,11013,69,600,71,4.1
1853,8962,59,518,71,4.1
1854,12411,56,494,76,3.2
1855,6539,45,411,79,5.0
1856,9128,49,437,78,3.7
1857,11228,45,407,74,3.3
1858,7024,33,308,76,2.9
1859,6628,42,379,71,2.7
1860,7564,40,366,75,3.4
1861,9940,62,537,71,2.5
1862,10950,54,477,73,3.2
1863,10550,84,714,77,3.0
1864,10322,52,458,68,2.5
1865,8104,60,526,68,4.1
1866,9826,51,453,70,3.7
1867,8469,59,519,81,3.3
1868,10600,54,476,79,3.2
1869,10095,90,766,71,4.2
1870,12297,57,501,73,3.5
1871,11011,59,513,74,2.4
1872,9343,63,547,78,3.3
1873,10528,47,416,62,2.5
1874,9582,67,578,71,3.0
1875,12826,101,851,74,3.0
1876,9078,41,372,74,3.0
1877,10769,63,546,64,2.8
1878,8774,54,474,80,2.5
1879,12927,56,491,74,3.0
1880,9584,44,401,71,3.7
1881,10478,31,289,72,2.8
1882,12206,66,570,72,3.5
1883,7904,50,444,72,3.3
1884,9641,59,513,77,2.4
1885,7284,54,473,75,2.7
1886,10645,74,640,75,4.2
1887,8261,48,427,70,3.3
1888,9609,52,459,73,3.6
1889,8552,58,512,83,4.1
1890,13893,100,848,75,4.9
1891,10301,40,366,79,3.7
1892,12777,54,473,65,2.4
1893,10202,45,403,71,2.6
1894,11340,49,436,74,3.0
1895,10137,35,325,75,3.3
1896,10091,56,491,77,2.9
1897,12714,50,442,68,2.6
1898,6741,50,441,72,3.1
1899,10337,74,640,76,4.3
1900,9179,41,371,80,2.6
1901,8709,47,425,76,4.5
1902,8691,52,459,72,2.8
1903,7458,62,542,65,3.8
1904,8171,47,419,73,2.7
1905,11473,55,484,72,3.1
1906,9516,64,553,70,2.0
1907,10757,50,445,80,3.3
1908,6806,35,326,78,3.5
1909,8572,56,493,73,3.7
1910,6087,44,398,73,4.0
1911,11010,50,443,73,2.5
1912,12011,71,615,70,3.9
1913,9370,42,382,75,3.8
1914,10679,49,439,75,3.5
1915,11147,53,476,75,5.0
1916,11987,64,562,75,4.9
1917,8879,55,486,71,3.9
1918,10369,54,477,85,3.5
1919,11314,73,631,81,4.1
1920,13414,75,643,70,3.4
1921,7012,46,412,69,3.2
1922,11400,69,599,62,4.2
1923,12765,83,708,64,3.5
1924,7556,52,462,79,3.0
1925,9166,68,590,72,3.7
1926,11502,74,637,71,3.6
1927,9248,53,467,76,3.1
1928,9605,51,455,74,4.3
1929,11452,78,669,76,3.4
1930,9251,62,540,75,3.0
1931,14206,70,605,72,3.3
1932,8275,40,364,75,2.7
1933,9657,55,482,77,2.9
1934,11322,75,646,76,4.1
1935,11322,51,451,66,2.9
1936,8469,42,379,78,3.0
1937,11965,64,556,73,4.0
1938,8835,56,493,72,3.5
1939,13897,45,405,71,2.8
1940,10804,53,469,72,3.4
1941,11098,56,495,74,4.0
1942,7849,37,341,72,2.8
1943,9613,60,525,74,3.5
1944,9108,37,338,68,2.5
1945,9380,57,499,62,3.0
1946,12117,47,418,72,3.0
1947,10167,52,460,76,3.2
1948,8951,40,364,77,2.9
1949,11729,59,514,77,2.2
1950,8650,52,459,67,2.5
1951,8815,55,487,76,3.6
1952,9491,50,446,79,3.8
1953,8435,55,485,74,3.2
1954,10317,70,606,74,3.6
1955,7605,28,265,74,2.0
1956,9007,53,470,81,3.6
1957,7849,32,302,77,3.1
1958,10816,64,556,74,3.5
1959,12533,43,387,70,3.1
1960,9916,40,364,71,2.6
1961,13538,75,645,67,3.8
1962,10441,56,494,67,3.3
1963,8775,66,573,76,4.0
1964,11067,75,643,70,2.8
1965,7227,50,442,72,2.0
1966,6614,51,453,77,3.4
1967,10755,40,367,83,3.3
1968,11037,67,584,73,4.8
1969,10778,50,447,72,3.3
1970,11287,73,628,72,2.9
1971,6382,31,292,79,2.8
1972,11087,71,615,66,3.3
1973,9094,62,544,80,3.8
1974,10972,63,545,67,2.2
1975,7547,33,305,79,1.8
1976,8388,36,331,74,2.4
1977,9360,69,602,74,4.5
1978,11465,75,645,74,3.4
1979,9770,45,403,71,3.1
1980,14018,61,535,65,4.0
1981,7866,39,360,75,3.8
1982,9050,77,661,79,3.7
1983,13511,86,736,70,4.6
1984,8027,55,483,64,3.0
1985,8789,45,403,69,2.9
1986,8336,67,583,72,4.3
1987,12176,69,597,78,3.9
1988,14962,59,515,64,3.7
1989,9371,28,268,72,2.6
1990,7936,66,572,66,3.1
1991,8742,40,363,76,3.0
1992,9750,36,333,80,2.9
1993,7395,63,547,74,3.1
1994,9698,74,640,73,5.0
1995,8313,55,484,68,3.8
1996,9860,29,281,76,3.6
1997,9439,41,376,79,3.4
1998,12638,63,549,78,2.8
1999,12853,89,756,67,3.7
2000,14116,82,702,69,3.8
2001,13166,60,525,74,3.4
2002,9644,67,581,79,3.4
2003,10976,57,500,71,3.2
2004,11371,47,419,82,2.6
2005,10693,66,573,72,3.6
2006,6145,57,500,69,3.6
2007,9709,45,406,72,2.8
2008,12523,60,530,74,4.6
2009,8222,39,358,75,3.0
2010,8757,45,404,78,3.1
2011,9466,54,477,77,3.2
2012,9306,54,476,76,3.5
2013,11345,64,558,72,3.9
2014,7965,37,338,74,2.2
2015,7680,58,510,68,3.8
2016,10651,32,296,68,2.2
2017,10444,47,418,76,2.5
2018,13024,61,536,75,4.3
2019,6632,32,300,73,2.5
2020,10827,60,521,71,2.4
2021,5776,41,368,64,2.2
2022,8562,44,400,79,4.0
2023,9185,45,402,69,2.7
2024,10981,49,434,75,2.6
2025,10039,71,610,69,2.6
2026,7719,43,388,70,2.8
2027,9863,42,379,73,3.0
2028,7272,42,380,69,3.5
2029,10139,47,425,83,4.2
2030,9097,49,434,73,2.7
2031,12886,82,701,75,3.9
2032,10644,78,669,76,3.7
2033,9319,55,483,69,2.3
2034,8222,42,380,76,2.7
2035,8233,50,444,75,3.2
2036,9985,61,533,76,3.6
2037,11673,63,547,75,3.2
2038,10167,66,569,67,2.5
2039,8288,58,512,78,3.8
2040,8321,25,248,81,3.6
2041,9845,65,565,69,3.9
2042,10006,70,605,68,3.7
2043,9807,72,623,77,3.6
2044,6675,43,391,77,3.4
2045,13183,99,835,69,3.3
2046,10174,53,469,70,2.8
2047,6309,21,214,80,2.9
2048,9219,36,330,77,2.7
2049,6377,42,379,71,2.5
2050,10129,66,578,79,4.9
2051,11706,57,500,75,3.2
2052,8877,77,660,68,3.4
2053,8324,36,334,74,3.4
2054,12054,24,235,77,2.4
2055,8284,74,635,65,3.3
2056,11799,50,442,63,3.2
2057,9085,42,378,78,3.0
2058,10827,69,598,74,3.1
2059,9874,54,477,75,3.4
2060,8026,46,412,83,2.8
2061,10670,56,493,74,3.7
2062,8278,39,355,75,3.0
2063,8901,62,538,71,3.0
2064,6674,36,334,75,3.4
2065,12230,79,678,68,3.7
2066,10087,58,508,75,3.5
2067,6072,27,259,76,2.4
2068,8001,42,379,71,2.2
2069,8878,53,471,78,3.3
2070,11314,55,484,70,3.0
2071,8794,57,503,75,4.1
2072,12108,71,614,75,3.5
2073,8564,34,315,76,2.8
2074,10565,67,579,71,2.8
2075,14101,84,718,67,4.0
2076,11105,58,510,74,3.1
2077,13619,61,531,76,3.2
2078,13136,76,652,67,3.3
2079,9639,49,440,70,4.0
2080,7133,23,226,79,2.1
2081,10058,55,483,69,2.9
2082,10204,65,566,72,3.7
2083,12212,58,508,72,3.4
2084,7143,26,252,80,3.0
2085,7959,44,400,71,3.7
2086,13463,74,640,72,4.2
2087,8667,59,515,68,3.5
2088,7787,63,549,81,3.6
2089,7199,34,317,74,3.2
2090,8487,47,421,72,3.1
2091,7576,46,411,71,2.5
2092,10796,58,508,72,3.0
2093,9948,37,340,76,2.8
2094,6767,40,366,80,3.6
2095,9951,77,663,70,4.9
2096,9183,44,399,72,3.7
2097,10364,55,484,63,2.9
2098,10212,93,787,66,3.5
2099,9460,64,557,70,3.2
2100,9359,46,414,83,2.8
2101,9442,41,374,74,3.5
2102,14611,71,614,73,3.6
2103,9908,36,332,80,3.2
2104,7137,37,339,73,2.5
2105,11487,77,660,69,3.6
2106,9183,63,554,72,4.4
2107,7954,42,382,70,3.7
2108,16563,94,792,64,3.2
2109,7891,55,483,71,2.5
2110,11620,71,614,72,3.9
2111,13265,76,649,73,3.2
2112,11500,54,474,73,3.4
2113,9530,62,539,77,3.3
2114,12026,61,530,75,2.8
2115,7882,46,413,77,3.5
2116,8924,61,529,67,2.4
2117,8556,66,569,69,2.4
2118,9125,47,419,77,2.9
2119,11800,69,594,76,2.9
2120,13324,67,584,74,4.2
2121,9817,33,312,85,3.8
2122,7479,61,533,71,3.4
2123,8845,57,500,74,3.5
2124,10136,47,419,68,3.1
2125,9877,61,529,72,2.1
2126,8222,61,531,74,2.8
2127,12575,60,520,75,2.3
2128,11311,64,554,59,3.3
2129,7853,50,447,71,3.6
2130,10409,45,404,71,3.1
2131,14252,69,592,60,2.0
2132,11208,65,562,72,2.6
2133,11164,64,553,77,2.9
2134,8328,50,444,73,3.3
2135,8728,66,572,76,3.8
2136,7284,59,516,73,3.3
2137,11110,66,572,69,3.6
2138,14635,67,580,67,3.1
2139,6591,49,434,74,2.7
2140,9228,41,372,77,3.1
2141,6051,29,281,78,4.3
2142,10583,54,482,78,4.4
2143,11734,57,500,80,3.2
2144,9237,58,507,79,3.1
2145,6329,46,414,70,3.7
2146,12515,54,480,70,4.3
2147,6603,49,434,76,2.4
2148,14410,77,664,67,4.7
2149,8093,30,282,76,2.9
2150,14152,103,870,74,4.1
2151,7697,45,406,73,4.1
2152,8244,43,384,72,1.9
2153,7676,38,349,76,2.8
2154,8107,39,358,75,3.2
2155,7010,47,423,79,3.6
2156,8699,40,365,75,3.2
2157,10365,57,501,77,3.5
2158,10305,45,401,68,1.9
2159,9250,68,596,77,5.0
2160,12893,72,621,74,4.1
2161,10367,50,442,68,2.1
2162,8215,23,229,73,2.9
2163,8162,36,331,78,2.3
2164,9893,46,413,78,2.9
2165,10378,52,458,73,2.8
2166,12134,85,729,75,5.0
2167,7864,51,454,68,3.5
2168,8624,49,433,72,2.6
2169,6513,46,411,70,2.1
2170,8499,62,538,71,2.5
2171,8563,59,518,67,3.2
2172,11548,74,635,73,3.6
2173,10312,58,507,69,3.4
2174,10914,70,605,82,4.0
2175,9551,22,221,75,2.9
2176,8782,62,543,75,3.5
2177,10087,55,483,72,2.6
2178,6957,36,328,65,2.7
2179,10943,66,576,74,3.8
2180,10319,66,576,78,3.8
2181,11033,92,777,69,2.9
2182,16007,87,739,68,3.7
2183,8524,45,404,81,3.6
2184,7499,46,412,73,3.2
2185,8672,58,508,72,3.2
2186,12404,40,364,71,2.9
2187,11521,68,588,65,3.3
2188,11517,75,641,72,2.8
2189,9485,52,464,74,3.9
2190,11859,63,546,72,3.4
2191,11745,48,431,72,3.3
2192,11742,56,490,78,2.2
2193,9558,47,425,79,4.2
2194,11658,70,605,66,3.3
2195,7409,54,477,75,3.7
2196,12809,87,736,68,2.9
2197,10184,63,547,75,3.4
2198,10168,37,343,77,3.4
2199,9974,73,631,77,3.5
2200,11769,52,458,75,2.7
2201,11033,62,537,72,2.8
2202,17819,83,710,75,4.5
2203,13458,71,609,67,2.7
2204,8359,58,506,70,2.9
2205,10391,62,542,82,4.1
2206,9619,46,416,81,3.9
2207,12592,77,660,76,3.4
2208,12147,89,759,73,3.9
2209,7144,45,401,64,2.3
2210,8568,43,388,75,2.8
2211,9627,66,572,71,3.7
2212,12033,55,483,77,3.1
2213,8422,50,443,72,2.4
2214,8593,45,408,65,3.6
2215,8988,73,626,73,3.0
2216,10261,59,516,71,2.9
2217,9992,50,448,74,4.1
2218,9721,51,450,71,2.5
2219,9453,25,242,80,2.0
2220,10876,58,506,81,3.4
2221,9998,61,532,73,3.0
2222,9841,53,469,69,3.7
2223,6524,29,276,65,3.2
2224,10430,68,588,79,3.9
2225,10585,60,523,80,2.8
2226,8896,76,655,67,4.0
2227,8304,42,379,75,3.0
2228,9340,54,479,75,3.8
2229,9601,53,467,65,2.6
2230,10810,55,482,74,3.0
2231,6617,52,461,76,3.2
2232,13040,71,613,71,4.0
2233,10946,64,556,75,3.5
2234,9185,54,477,75,3.2
2235,7852,58,509,74,2.5
2236,5393,55,486,73,3.4
2237,8750,43,387,73,2.9
2238,10334,58,507,74,2.7
2239,15391,87,741,74,3.4
2240,9273,59,515,75,3.0
2241,12463,79,677,73,3.4
2242,7668,40,366,78,2.9
2243,11281,61,533,78,3.9
2244,7580,57,501,67,3.4
2245,11406,58,508,73,3.3
2246,9695,58,505,72,2.3
2247,7923,38,352,74,3.7
2248,12330,93,790,72,4.4
2249,11965,68,589,71,3.6
2250,10956,77,661,71,3.0
2251,10599,61,534,68,3.6
2252,11653,72,624,76,4.4
2253,10400,63,548,74,3.5
2254,9254,65,564,76,3.2
2255,7321,55,482,76,2.5
2256,10764,57,497,70,2.2
2257,10569,56,488,73,2.6
2258,12733,80,682,74,3.5
2259,9749,79,673,66,2.4
2260,9595,51,455,73,4.0
2261,6298,33,309,73,2.7
2262,8097,35,325,75,3.3
2263,9314,61,534,73,3.8
2264,8091,50,444,70,3.5
2265,9926,58,507,67,3.0
2266,11722,69,592,74,2.0
2267,10205,63,552,75,4.4
2268,7426,47,420,69,3.4
2269,6813,49,437,79,3.7
2270,7434,55,486,78,3.3
2271,9288,63,549,68,3.4
2272,10356,60,524,73,3.7
2273,9776,58,509,78,3.4
2274,12000,56,490,66,2.9
2275,7150,37,344,73,3.8
2276,9924,70,604,71,3.0
2277,10029,48,431,77,3.8
2278,7288,31,292,79,3.3
2279,8685,59,518,75,3.6
2280,8865,59,518,70,3.6
2281,11681,67,581,73,2.9
2282,12694,79,678,67,3.8
2283,6903,23,228,77,2.7
2284,10686,66,574,71,3.8
2285,11458,61,532,67,3.1
2286,7444,42,380,75,2.6
2287,10643,71,611,67,2.6
2288,8592,64,557,68,4.0
2289,7207,37,342,78,3.5
2290,8473,61,535,70,4.0
2291,7569,62,536,65,2.3
2292,10804,61,533,69,3.1
2293,14240,78,669,77,3.8
2294,14816,84,718,70,3.7
2295,10718,50,446,77,3.7
2296,7974,36,335,80,3.4
2297,10340,90,763,68,3.6
2298,11839,64,554,71,2.2
2299,12553,48,427,77,2.9
2300,11117,67,583,75,3.9
2301,9872,65,567,72,4.0
2302,9499,32,298,73,2.1
2303,11242,58,506,70,2.6
2304,9875,67,583,71,3.6
2305,10171,66,571,70,2.4
2306,10331,56,494,72,4.2
2307,11090,51,457,79,4.9
2308,10648,74,637,63,3.7
2309,9376,41,373,77,3.4
2310,8023,73,628,80,3.2
2311,11647,72,622,73,3.9
2312,12127,57,503,74,3.8
2313,9802,53,467,68,2.7
2314,11267,57,500,67,3.3
2315,8600,53,474,74,4.6
2316,7298,44,393,71,2.4
2317,8547,60,524,65,3.7
2318,7211,45,402,69,2.3
2319,7885,46,413,69,2.8
2320,11238,60,520,74,2.3
2321,8917,63,551,77,4.0
2322,10189,73,629,70,4.0
2323,10453,46,410,74,2.6
2324,10227,70,605,72,3.4
2325,11945,83,708,75,3.0
2326,5995,32,298,74,2.3
2327,12199,65,567,75,4.1
2328,11183,60,528,73,3.9
2329,10206,65,563,75,3.3
2330,5572,30,286,66,3.6
2331,7796,61,533,68,2.9
2332,9517,27,258,79,2.6
2333,12926,70,601,62,3.2
2334,10900,59,521,72,3.9
2335,7406,39,354,74,2.9
2336,9729,62,544,78,4.3
2337,8279,50,443,71,2.8
2338,9705,59,518,73,3.0
2339,10660,65,564,68,3.3
2340,11788,88,748,73,3.6
2341,7530,74,640,72,4.6
2342,7641,36,335,68,3.4
2343,10990,48,430,68,3.2
2344,10744,57,499,74,2.6
2345,9597,45,406,80,3.4
2346,10995,67,577,70,2.7
2347,10626,59,517,71,3.6
2348,6645,51,450,73,2.4
2349,12518,68,589,73,3.4
2350,9258,61,531,74,3.4
2351,11524,74,632,76,2.9
2352,8007,39,360,74,4.0
2353,8930,31,293,85,2.5
2354,8286,48,428,70,2.8
2355,14347,72,622,66,3.9
2356,9258,58,513,74,4.3
2357,13156,77,661,63,3.4
2358,12527,62,539,70,3.3
2359,10368,67,579,65,3.1
2360,10020,65,561,69,2.7
2361,12420,55,486,75,3.5
2362,13328,59,518,72,3.4
2363,10368,66,575,74,4.2
2364,9879,47,424,76,4.1
2365,12622,87,744,67,4.3
2366,13174,68,592,71,4.2
2367,6548,52,457,66,2.3
2368,8990,45,404,73,2.8
2369,8381,43,392,75,3.9
2370,10516,42,380,73,2.7
2371,9527,50,445,69,3.2
2372,8207,40,365,75,3.5
2373,8648,33,312,73,3.9
2374,11181,62,542,74,4.1
2375,11772,82,701,71,3.7
2376,13326,64,556,76,3.2
2377,8464,48,426,71,2.7
2378,11490,84,719,61,3.7
2379,11737,70,604,74,3.0
2380,9131,48,427,65,2.9
2381,9319,39,359,80,3.7
2382,9665,50,443,73,2.7
2383,12070,56,491,70,2.9
2384,11621,56,492,77,3.0
2385,8516,46,410,74,3.0
2386,10093,51,452,73,3.4
2387,14747,59,517,75,3.2
2388,9456,54,474,67,2.3
2389,12228,61,533,80,4.1
2390,11100,55,485,73,3.4
2391,10936,62,543,74,4.3
2392,7678,40,365,74,3.0
2393,9612,59,518,69,3.6
2394,8435,49,437,65,3.2
2395,11582,62,540,71,3.4
2396,12895,67,582,78,3.9
2397,9138,42,379,77,2.3
2398,10275,65,563,76,2.8
2399,11519,75,644,79,3.2
2400,8183,42,380,73,3.0
2401,12232,72,626,74,5.0
2402,10581,52,461,72,3.2
2403,8956,37,341,75,2.7
2404,9823,46,414,77,3.7
2405,9121,39,354,68,2.4
2406,7984,64,558,71,4.1
2407,10894,56,490,71,2.7
2408,11386,62,546,80,4.5
2409,11703,74,635,71,3.0
2410,9947,45,406,80,3.7
2411,12441,59,513,71,2.2
2412,8466,41,370,72,2.2
2413,9718,44,394,75,2.5
2414,11866,69,593,69,2.9
2415,9244,72,620,72,3.5
2416,13977,87,742,76,4.0
2417,15398,62,540,75,3.4
2418,7075,50,443,73,2.4
2419,9105,69,598,73,4.1
2420,10606,50,441,75,2.7
2421,12583,53,466,71,3.2
2422,12477,80,685,74,4.6
2423,9238,53,467,77,3.1
2424,10649,64,558,77,4.0
2425,7322,45,405,80,3.1
2426,7606,54,478,74,3.7
2427,12419,73,631,78,4.8
2428,11602,64,553,73,2.1
2429,12488,74,637,70,4.1
2430,12297,76,652,73,3.6
2431,7135,47,424,81,4.1
2432,11443,57,502,70,3.9
2433,8164,50,444,74,2.7
2434,11651,70,606,78,3.3
2435,11511,66,575,71,4.0
2436,10472,68,587,74,2.7
2437,8798,60,524,68,3.7
2438,10836,63,549,67,3.1
2439,7838,44,398,77,3.9
2440,11463,69,596,71,3.5
2441,12189,45,407,83,4.0
2442,10119,76,651,66,2.9
2443,11789,91,774,71,4.7
2444,9092,56,499,74,4.7
2445,12677,69,596,70,4.0
2446,8805,55,485,82,3.6
2447,10040,68,584,67,2.3
2448,9173,70,602,68,3.1
2449,10609,71,612,76,3.7
2450,13152,91,770,61,3.2
2451,8149,58,511,76,4.1
2452,10413,85,723,63,3.8
2453,11836,75,644,65,3.2
2454,7426,44,397,74,3.0
2455,14385,57,503,65,3.4
2456,8138,48,430,72,4.0
2457,9640,58,504,67,2.2
2458,15330,89,755,75,4.0
2459,6450,38,346,74,2.4
2460,12371,68,585,68,2.1
2461,7179,21,210,78,2.4
2462,8306,66,572,60,3.5
2463,10684,76,652,63,3.5
2464,10153,68,589,68,3.6
2465,5829,44,397,78,3.5
2466,9952,62,541,75,3.5
2467,9388,55,483,73,2.8
2468,9445,73,628,78,2.7
2469,7401,40,365,78,3.4
2470,14421,58,506,75,2.8
2471,11160,67,582,70,4.0
2472,11331,76,651,73,3.3
2473,9513,56,494,76,3.7
2474,8598,66,572,79,2.8
2475,9601,76,654,73,3.8
2476,8865,56,492,69,3.2
2477,9923,81,696,72,4.6
2478,14169,51,454,79,3.1
2479,9499,45,405,76,2.9
2480,8327,62,539,68,3.4
2481,9293,63,550,73,2.6
2482,7893,41,371,68,2.0
2483,14220,76,650,70,2.9
2484,8278,77,660,80,3.5
2485,13347,89,757,76,3.9
2486,10214,32,301,75,3.4
2487,10141,54,476,85,3.9
2488,9443,54,479,71,4.1
2489,9983,69,599,71,3.5
2490,12298,74,636,68,3.2
2491,9886,71,614,70,4.0
2492,9190,58,505,75,2.1
2493,10325,62,540,70,3.3
2494,8980,61,533,69,3.7
2495,9102,47,419,69,2.2
2496,8000,54,479,82,3.8
2497,11342,84,718,71,4.1
2498,7960,25,245,74,2.6
2499,9542,61,534,69,3.6
2500,14773,52,459,72,3.0
2501,11078,72,620,68,3.3
2502,12577,72,619,72,3.5
2503,7659,58,507,70,2.5
2504,8436,41,372,75,2.8
2505,10962,57,501,77,3.3
2506,7825,60,524,69,3.2
2507,12217,83,705,70,2.9
2508,10581,48,432,70,3.7
2509,6821,38,347,78,2.5
2510,11152,51,458,78,4.1
2511,8526,62,541,77,3.5
2512,8854,57,501,75,3.6
2513,8575,59,516,80,3.2
2514,11400,64,554,70,2.6
2515,10966,36,336,82,3.6
2516,12641,61,538,80,4.8
2517,9500,53,465,66,1.8
2518,7711,32,300,79,2.7
2519,10186,33,310,76,3.0
2520,6306,53,468,74,2.8
2521,8071,39,360,79,4.0
2522,11312,70,606,70,3.8
2523,15895,101,855,85,4.2
2524,12180,61,536,73,4.2
2525,8855,52,461,71,3.5
2526,13848,83,708,64,3.8
2527,10836,58,512,79,4.2
2528,9111,56,492,74,3.1
2529,9236,64,557,74,4.0
2530,10272,38,345,75,2.7
2531,8837,73,630,74,4.6
2532,11587,69,595,75,3.5
2533,9534,59,515,72,3.3
2534,9181,56,491,66,2.3
2535,10862,82,704,70,5.0
2536,5949,24,234,76,2.1
2537,6992,51,449,70,2.3
2538,10074,73,627,73,3.3
2539,11262,78,668,78,3.3
2540,10790,72,619,70,3.5
2541,11046,58,511,71,3.3
2542,12919,79,675,69,3.6
2543,7740,58,511,75,4.0
2544,12346,71,611,73,3.1
2545,10110,51,458,84,4.8
2546,11543,64,559,77,4.1
2547,11509,65,564,73,4.3
2548,7508,37,340,67,2.8
2549,10967,71,620,81,5.0
2550,7836,50,442,71,2.7
2551,9827,78,667,65,3.6
2552,9627,46,414,66,3.6
2553,7328,47,422,72,3.1
2554,9232,70,600,72,1.7
2555,8170,42,381,70,2.9
2556,10742,45,402,72,2.7
2557,8610,58,510,69,3.7
2558,7186,23,226,71,1.9
2559,10527,68,590,69,3.8
2560,8582,27,258,69,1.8
2561,12230,71,609,72,2.6
2562,9715,71,611,70,3.4
2563,13706,74,635,73,3.0
2564,9148,56,495,77,4.3
2565,13926,72,621,74,3.0
2566,7906,67,583,73,3.8
2567,9409,48,427,75,3.3
2568,9885,77,664,73,3.6
2569,10931,68,588,70,3.3
2570,12649,77,658,80,3.2
2571,10554,74,632,68,2.5
2572,7450,38,351,78,3.8
2573,11597,71,613,72,3.8
2574,11911,56,495,81,3.6
2575,7137,67,581,69,3.7
2576,9352,57,507,81,4.6
2577,11157,72,619,65,3.3
2578,11346,91,775,68,4.3
2579,8770,67,579,75,3.9
2580,7380,47,418,75,2.5
2581,7377,78,672,69,4.1
2582,8850,41,372,73,3.2
2583,9251,50,447,79,3.7
2584,9180,58,509,79,3.7
2585,8297,43,387,74,2.6
2586,11482,68,591,73,3.6
2587,7899,39,355,78,3.0
2588,10405,60,526,72,3.4
2589,6851,34,319,76,3.2
2590,11658,54,478,70,3.5
2591,9839,70,609,69,4.2
2592,12399,78,669,75,3.4
2593,13037,63,550,75,3.2
2594,6940,43,387,75,3.0
2595,14103,95,806,72,4.6
2596,9031,56,491,77,2.8
2597,11526,57,504,81,4.5
2598,13028,69,593,67,2.7
2599,9960,58,508,72,3.3
2600,10894,51,452,71,3.2
2601,8533,55,486,74,3.3
2602,10544,66,576,78,4.1
2603,9426,67,582,76,3.6
2604,8749,52,464,84,4.0
2605,7924,40,362,78,2.8
2606,13605,80,682,69,3.2
2607,9834,62,539,68,3.0
2608,9794,48,429,75,3.4
2609,9067,62,539,69,2.7
2610,11541,85,722,73,3.4
2611,8773,69,598,78,4.0
2612,8125,31,289,76,3.2
2613,10686,75,642,71,2.6
2614,10870,62,539,74,3.2
2615,6896,37,339,73,2.4
2616,9642,23,232,75,3.7
2617,9159,61,531,73,3.4
2618,8889,62,539,77,3.5
2619,8591,45,407,73,3.4
2620,5338,25,247,76,3.3
2621,8249,46,415,80,3.1
2622,11367,72,620,73,3.8
2623,9256,70,605,72,3.4
2624,8896,42,382,73,2.9
2625,10157,53,467,75,3.0
2626,10682,52,461,73,2.9
2627,8106,48,425,65,2.1
2628,11022,57,502,77,3.3
2629,8075,40,365,78,3.6
2630,9905,75,649,72,5.0
2631,8178,28,264,76,2.1
2632,10753,48,427,69,2.6
2633,7472,45,403,69,2.5
2634,12321,76,654,73,3.8
2635,8957,65,567,74,4.1
2636,9192,52,459,76,3.1
2637,11413,70,604,69,3.5
2638,9709,33,309,79,3.2
2639,7946,38,349,71,3.2
2640,9678,46,413,64,3.4
2641,7965,60,522,67,2.9
2642,8855,57,504,84,3.6
2643,9720,56,496,73,3.6
2644,11099,63,550,72,4.0
2645,10521,55,481,65,2.5
2646,12190,69,601,76,4.8
2647,9795,57,501,72,3.7
2648,7617,40,368,76,3.6
2649,11318,56,495,73,4.3
2650,10828,62,542,66,4.1
2651,9175,43,388,73,3.0
2652,8552,58,506,75,3.1
2653,12525,61,531,72,2.8
2654,10536,39,359,68,3.9
2655,8455,48,431,75,4.0
2656,10576,70,603,69,3.0
2657,8867,61,530,71,2.8
2658,11034,50,440,69,2.0
2659,7523,37,344,75,3.8
2660,14581,87,741,72,4.4
2661,5853,43,388,73,2.9
2662,9731,50,445,78,3.3
2663,8890,39,362,75,4.5
2664,11947,72,618,66,2.7
2665,11926,46,409,77,2.0
2666,9437,28,270,76,2.9
2667,12693,85,723,71,3.3
2668,12947,67,579,63,3.0
2669,8120,48,427,65,3.1
2670,9237,57,506,76,4.0
2671,9406,64,555,76,3.6
2672,9753,50,447,80,4.2
2673,6818,44,395,72,2.1
2674,6779,44,400,76,4.1
2675,11105,61,530,68,2.3
2676,9594,39,354,74,2.6
2677,9645,59,517,75,3.1
2678,13101,77,662,72,3.6
2679,9415,55,486,71,3.6
2680,7298,39,357,68,3.1
2681,11788,70,609,73,4.6
2682,10343,66,573,73,3.6
2683,13501,82,699,73,3.7
2684,11279,81,697,71,4.9
2685,11794,70,604,66,3.4
2686,10249,64,556,70,3.1
2687,8249,41,372,85,3.4
2688,12944,54,474,73,3.0
2689,8486,61,532,68,3.1
2690,9992,71,610,68,3.2
2691,12521,83,710,68,4.2
2692,13742,67,580,74,3.6
2693,16047,80,689,68,4.8
2694,7465,31,295,80,4.1
2695,12511,49,438,75,3.7
2696,10813,58,509,74,2.9
2697,9567,71,611,68,2.6
2698,13951,72,621,70,3.2
2699,6893,64,554,62,3.0
2700,9207,56,488,70,2.5
2701,11063,56,496,79,4.6
2702,16212,86,732,69,3.5
2703,8131,61,532,72,3.1
2704,11506,76,653,71,4.0
2705,6988,52,460,69,3.0
2706,9880,37,338,70,2.6
2707,11642,62,540,74,3.0
2708,8428,53,472,74,4.2
2709,8065,51,449,67,2.3
2710,10739,64,555,74,3.6
2711,7587,50,445,70,3.6
2712,9641,53,466,72,3.2
2713,12030,54,474,72,2.9
2714,10086,53,465,74,2.2
2715,9241,50,446,75,3.3
2716,12252,66,572,73,3.2
2717,8516,69,595,69,3.3
2718,10293,57,498,73,2.7
2719,8031,39,355,73,2.7
2720,8025,67,578,71,3.3
2721,8768,32,303,81,3.7
2722,10163,43,384,79,2.2
2723,10796,69,595,61,2.9
2724,11570,40,365,72,2.9
2725,13285,63,547,65,3.4
2726,11096,58,509,70,3.7
2727,11238,55,482,73,3.0
2728,9242,44,400,77,3.4
2729,10421,61,531,76,3.1
2730,11713,66,569,72,2.2
2731,10473,52,459,72,2.9
2732,11622,49,437,83,3.1
2733,11209,60,523,71,3.2
2734,10100,52,462,79,3.8
2735,7419,49,438,72,3.4
2736,9125,47,419,67,2.8
2737,7926,45,403,71,2.6
2738,10190,68,587,75,2.4
2739,6812,60,530,74,4.6
2740,8449,53,471,75,3.2
2741,6685,26,259,76,4.0
2742,11637,50,445,75,3.4
2743,12400,81,692,76,3.6
2744,10512,62,538,70,3.0
2745,9957,54,478,79,3.7
2746,10166,70,604,67,3.7
2747,13427,100,844,59,4.1
2748,11399,58,508,68,3.2
2749,7675,56,488,71,1.8
2750,9391,64,557,74,4.1
2751,15808,68,586,70,2.6
2752,11076,63,545,63,2.6
2753,9076,56,494,69,4.2
2754,10477,68,588,67,2.6
2755,11048,63,550,74,3.6
2756,8336,44,397,79,2.4
2757,15444,73,630,71,4.1
2758,11192,56,494,70,3.6
2759,11382,59,518,68,3.4
2760,9244,55,483,77,2.6
2761,12195,85,722,69,3.0
2762,9469,76,653,73,3.8
2763,11481,82,699,69,3.1
2764,8205,39,356,67,2.8
2765,8939,79,674,68,3.1
2766,7400,51,452,76,3.0
2767,9910,43,388,72,3.0
2768,11336,60,522,70,2.4
2769,9653,66,574,68,3.6
2770,9935,58,510,82,3.5
2771,6260,31,299,77,4.0
2772,9008,53,468,77,3.1
2773,9760,58,509,71,3.2
2774,7994,48,433,79,4.5
2775,9115,49,434,73,3.0
2776,7618,39,356,79,3.3
2777,11091,60,522,80,2.9
2778,9443,58,513,77,3.9
2779,8322,61,532,71,3.0
2780,8245,71,616,79,4.5
2781,12422,77,663,72,4.3
2782,9956,61,532,69,2.9
2783,10970,63,547,71,3.4
2784,7640,47,422,75,3.7
2785,11391,60,523,81,3.4
2786,12032,72,618,67,2.9
2787,9736,33,306,72,2.1
2788,13188,82,701,71,4.0
2789,8587,47,418,68,2.5
2790,9169,43,390,77,3.5
2791,8630,47,423,79,4.2
2792,11041,53,469,76,3.2
2793,10314,88,747,75,3.5
2794,12841,65,561,65,2.5
2795,10162,61,532,77,3.1
2796,10240,49,438,72,3.4
2797,8625,62,540,65,3.0
2798,13310,58,509,74,3.2
2799,11313,75,644,63,4.1
2800,8362,54,480,77,4.1
2801,16628,92,781,74,4.1
2802,10246,65,564,68,3.1
2803,11432,61,530,66,2.4
2804,9311,63,548,75,3.1
2805,10865,58,510,69,3.4
2806,6550,34,317,70,3.0
2807,10339,48,426,70,2.4
2808,9929,70,601,74,3.2
2809,7382,59,517,79,3.2
2810,9796,82,699,69,3.6
2811,7603,43,388,77,2.2
2812,8707,46,411,78,2.7
2813,9109,47,423,85,4.6
2814,10426,41,371,73,2.3
2815,10282,63,549,77,3.7
2816,9810,59,517,74,3.6
2817,9289,49,433,69,2.2
2818,11648,80,686,74,3.6
2819,9351,44,395,66,2.6
2820,10926,49,437,78,3.0
2821,13193,82,699,78,3.1
2822,10650,72,625,78,3.9
2823,8965,46,409,70,2.3
2824,8013,11,137,77,3.3
2825,7395,43,390,81,3.2
2826,7846,39,356,68,2.4
2827,7847,73,629,77,3.5
2828,6466,58,513,83,4.6
2829,6874,40,364,75,2.9
2830,11699,66,572,76,3.4
2831,9049,62,539,59,2.9
2832,11819,68,589,77,4.1
2833,9654,55,488,76,4.0
2834,7717,59,516,74,3.3
2835,11285,79,679,72,4.5
2836,12944,88,748,74,3.6
2837,11170,71,611,78,2.6
2838,9556,64,555,73,3.3
2839,9213,62,538,65,2.8
2840,9075,52,461,74,2.9
2841,11511,69,595,73,3.3
2842,10446,52,462,78,3.6
2843,10658,43,387,72,2.9
2844,9062,56,490,73,2.4
2845,8766,70,607,68,4.4
2846,7775,43,390,73,3.2
2847,12399,75,645,69,3.4
2848,9235,43,393,74,4.4
2849,8023,59,517,75,3.7
2850,11461,61,531,75,3.0
2851,10892,78,667,70,3.5
2852,9268,46,418,79,4.2
2853,10266,79,680,76,4.3
2854,5450,49,437,72,3.6
2855,9906,49,440,77,3.3
2856,7661,39,357,73,2.4
2857,7204,38,352,78,3.7
2858,10109,74,636,70,3.3
2859,7985,31,293,87,3.3
2860,10535,65,565,80,3.5
2861,8409,31,291,70,2.6
2862,11521,47,419,70,3.1
2863,7967,29,281,74,4.1
2864,7757,40,365,73,2.8
2865,8866,40,364,76,2.9
2866,10712,50,443,74,2.3
2867,10745,51,452,72,3.4
2868,10647,59,513,68,2.4
2869,8785,42,382,78,3.5
2870,11258,53,468,71,3.1
2871,9802,84,718,73,4.0
2872,8957,47,421,70,3.3
2873,10068,33,308,76,2.8
2874,7733,58,510,72,3.4
2875,10593,55,485,76,3.1
2876,10244,48,429,71,3.0
2877,8835,41,373,80,3.2
2878,9078,60,527,79,4.2
2879,10706,64,556,74,3.2
2880,13607,67,578,75,2.7
2881,9840,60,526,76,3.3
2882,9469,58,509,69,3.4
2883,11165,67,580,66,3.1
2884,7107,33,310,77,3.2
2885,9006,62,538,73,3.3
2886,7461,35,323,73,2.6
2887,7268,46,411,68,3.0
2888,9287,50,444,74,2.8
2889,11668,66,576,77,4.3
2890,9520,70,607,81,4.2
2891,11384,65,568,75,4.0
2892,9229,65,565,70,3.9
2893,13433,75,643,73,3.0
2894,7175,67,577,70,3.0
2895,13063,77,661,69,3.9
2896,10188,41,374,76,3.6
2897,8724,40,365,77,3.1
2898,9978,49,439,75,3.6
2899,8527,47,420,73,3.3
2900,11580,57,497,66,2.4
2901,7500,29,277,77,2.4
2902,9855,56,496,73,4.1
2903,12592,44,396,71,3.0
2904,9296,75,647,68,3.8
2905,10815,60,520,72,2.7
2906,9534,75,642,67,2.5
2907,12588,58,507,70,2.8
2908,12112,66,574,72,3.8
2909,8976,64,558,78,3.5
2910,8605,74,636,75,3.8
2911,10269,66,570,71,3.3
2912,8993,38,349,79,3.1
2913,13654,74,640,76,4.4
2914,9724,42,376,72,2.2
2915,8295,61,531,74,3.2
2916,9336,60,523,75,3.4
2917,9105,66,571,74,3.0
2918,11036,69,598,76,4.0
2919,6901,47,419,69,2.8
2920,11022,47,422,73,4.0
2921,9478,51,453,77,3.1
2922,9909,66,574,76,3.5
2923,11240,53,465,77,2.5
2924,7936,34,314,78,2.8
2925,11308,73,628,76,3.8
2926,13447,74,635,63,2.8
2927,7951,61,536,81,4.4
2928,12583,66,575,73,3.9
2929,9278,56,494,70,3.4
2930,7268,42,379,72,3.2
2931,12281,71,611,65,3.4
2932,10910,85,725,76,4.0
2933,8845,67,581,74,3.6
2934,8875,65,565,65,3.5
2935,6840,31,294,76,3.2
2936,15145,77,661,67,3.9
2937,12566,70,599,73,2.0
2938,10667,55,485,70,3.5
2939,10752,70,602,61,3.3
2940,8664,59,516,74,3.6
2941,8688,35,329,80,3.7
2942,6183,38,350,81,3.3
2943,11002,45,401,70,2.5
2944,9454,44,396,74,2.8
2945,13148,79,677,74,3.5
2946,8521,62,538,74,3.2
2947,10604,35,327,76,3.5
2948,9223,56,492,72,2.8
2949,9786,69,598,63,4.1
2950,8586,31,291,74,3.0
2951,8819,51,454,80,3.5
2952,7440,22,223,80,3.5
2953,9609,56,490,78,2.3
2954,10613,76,652,73,3.4
2955,10858,65,563,73,3.0
2956,10546,54,477,70,3.7
2957,9535,68,586,70,3.2
2958,8410,40,368,71,3.8
2959,12015,85,724,73,3.6
2960,12826,72,619,75,3.6
2961,11928,61,533,78,3.9
2962,8691,56,491,68,2.6
2963,8029,54,477,74,3.2
2964,11668,80,683,65,3.6
2965,10329,66,572,69,3.5
2966,10286,69,596,66,3.6
2967,9724,55,484,79,3.1
2968,9576,50,443,71,2.9
2969,10254,58,507,66,3.0
2970,11213,73,627,67,3.4
2971,12477,75,643,75,3.1
2972,11243,55,488,76,3.8
2973,9237,41,372,69,3.1
2974,17238,98,825,73,3.2
2975,10243,80,685,73,3.8
2976,12556,68,592,69,4.4
2977,11230,75,642,71,3.1
2978,11961,52,461,77,3.7
2979,10284,70,607,71,4.1
2980,7892,46,413,77,3.3
2981,12807,78,669,74,3.5
2982,11290,90,762,65,3.5
2983,11464,73,631,73,4.1
2984,11484,54,478,66,4.1
2985,8381,37,342,74,3.2
2986,11483,43,385,65,2.4
2987,12836,71,616,67,4.3
2988,15891,74,636,62,3.5
2989,13169,51,451,72,3.4
2990,9993,72,618,72,2.4
2991,9065,55,482,66,2.9
2992,10836,65,564,78,3.3
2993,9920,45,407,80,3.7
2994,9031,64,557,70,3.4
2995,9545,51,456,67,4.0
2996,9369,44,396,78,2.9
2997,7492,51,451,78,2.7
2998,9188,48,428,74,2.8
2999,14160,94,800,72,5.0
3000,9510,58,508,73,3.2
3001,10754,36,334,79,3.3
3002,10246,65,566,75,4.2
3003,12300,100,843,66,3.9
3004,12108,56,491,69,3.0
3005,13347,54,477,72,3.3
3006,12044,89,757,71,3.7
3007,9946,48,431,78,4.3
3008,9699,58,512,78,3.8
3009,7925,32,297,75,1.9
3010,12120,58,511,77,3.8
3011,14277,73,624,66,2.2
3012,9610,59,522,70,4.7
3013,8684,40,364,77,3.2
3014,16055,87,740,78,3.4
3015,9310,42,383,73,3.5
3016,10287,63,549,78,3.8
3017,7782,44,395,68,2.9
3018,10373,58,508,71,2.3
3019,10497,53,471,71,3.4
3020,7560,56,495,81,4.1
3021,10770,71,610,68,3.5
3022,11780,61,532,75,3.2
3023,8977,48,432,76,3.9
3024,8925,75,645,78,3.7
3025,11464,70,606,70,4.1
3026,10737,69,596,75,3.0
3027,10132,75,644,68,3.4
3028,15091,77,661,71,3.6
3029,7619,64,554,78,2.7
3030,9805,33,308,75,2.5
3031,10065,79,676,76,3.6
3032,11848,58,507,74,2.7
3033,12977,77,657,70,2.8
3034,7344,54,480,78,4.3
3035,8294,44,395,70,2.9
3036,8666,63,546,72,2.5
3037,12761,81,695,69,4.7
3038,9098,53,468,68,2.9
3039,9369,43,392,81,4.0
3040,8595,68,587,67,3.0
3041,8370,54,477,77,3.3
3042,8488,65,563,56,3.4
3043,10126,30,282,70,2.1
3044,8164,57,502,72,3.6
3045,12659,63,549,71,3.2
3046,13487,72,621,74,3.8
3047,10791,71,614,73,3.3
3048,9314,32,304,78,3.4
3049,9625,47,421,76,3.8
3050,7892,52,461,74,2.7
3051,8139,29,274,78,2.2
3052,11442,68,587,77,2.9
3053,9481,41,374,77,3.5
3054,7252,67,581,77,3.2
3055,11516,71,615,73,4.1
3056,8240,58,506,76,2.7
3057,8824,40,363,75,2.4
3058,9390,55,485,73,3.2
3059,10665,56,489,63,2.5
3060,9755,62,542,75,3.9
3061,12073,76,649,70,2.5
3062,13865,74,637,68,3.5
3063,10658,62,545,74,4.6
3064,12088,64,556,68,3.1
3065,9852,78,669,76,3.6
3066,12977,58,506,69,2.5
3067,6736,26,257,82,4.0
3068,11216,67,582,73,3.7
3069,11045,55,483,68,3.3
3070,12493,57,498,77,2.9
3071,7448,50,446,74,3.2
3072,9676,43,392,82,4.1
3073,8615,53,466,68,2.8
3074,9028,50,443,71,2.5
3075,13982,74,636,77,3.6
3076,10668,50,443,72,2.6
3077,12211,57,501,77,3.3
3078,9693,52,461,84,3.7
3079,9242,73,625,69,2.5
3080,8516,32,299,79,2.4
3081,7154,50,443,73,2.8
3082,6240,26,256,79,4.0
3083,9412,57,500,70,2.9
3084,17123,90,770,74,5.0
3085,9340,57,500,68,3.6
3086,9868,78,673,78,4.8
3087,5436,48,430,85,3.0
3088,9815,56,492,74,3.5
3089,8688,69,594,69,3.0
3090,6687,31,294,83,3.8
3091,7479,32,300,73,2.8
3092,15164,102,860,67,4.2
3093,10143,60,527,77,4.6
3094,13121,81,691,71,2.9
3095,8905,40,367,81,3.4
3096,9746,49,438,67,3.4
3097,8292,68,588,73,3.8
3098,11841,42,379,80,2.5
3099,7834,51,456,65,4.3
3100,11387,79,677,79,3.8
3101,9693,35,326,76,3.1
3102,9860,57,501,79,3.2
3103,11306,36,334,83,3.6
3104,10942,60,522,68,2.9
3105,13470,77,660,78,3.2
3106,9163,56,489,66,3.0
3107,8734,64,557,75,3.5
3108,8930,55,481,62,2.7
3109,7506,49,439,78,4.6
3110,10135,63,546,73,3.0
3111,9093,49,436,81,3.3
3112,10061,58,508,75,3.2
3113,10669,45,407,73,3.7
3114,11266,106,893,74,4.1
3115,7494,51,455,74,3.8
3116,9431,46,415,82,3.9
3117,9748,75,646,75,3.5
3118,11950,91,773,69,4.2
3119,7332,39,360,82,4.0
3120,7986,41,371,75,2.7
3121,10948,84,714,76,3.3
3122,8087,36,330,67,2.3
3123,8583,57,503,74,3.4
3124,13132,68,588,77,2.9
3125,10439,71,612,72,3.2
3126,11193,71,618,79,5.0
3127,11317,66,569,72,2.4
3128,10444,64,558,69,3.6
3129,15127,69,599,73,4.7
3130,10589,61,535,74,3.9
3131,8402,50,443,70,2.0
3132,9794,49,433,74,2.3
3133,10910,54,474,68,2.5
3134,14893,70,605,75,3.7
3135,8100,60,524,79,3.3
3136,8679,52,458,74,3.3
3137,8957,40,367,74,3.6
3138,7248,55,482,66,2.6
3139,10058,71,610,63,2.8
3140,11714,62,537,66,2.5
3141,9007,45,403,73,3.0
3142,8455,67,581,64,3.8
3143,8819,74,638,71,3.6
3144,11356,78,670,67,3.9
3145,10986,61,529,70,2.2
3146,13837,66,570,69,2.6
3147,9993,33,312,81,3.9
3148,8523,65,566,75,3.8
3149,7222,27,264,74,3.5
3150,6405,31,290,70,2.9
3151,11415,58,507,67,3.2
3152,10004,64,559,78,4.3
3153,9510,22,223,82,3.3
3154,9437,56,494,72,3.7
3155,9836,77,660,73,3.7
3156,10227,51,451,73,2.9
3157,11257,72,621,79,3.8
3158,8277,44,397,73,3.6
3159,9275,58,511,65,3.5
3160,8743,50,442,75,2.6
3161,11798,54,477,67,3.1
3162,6641,48,426,76,2.3
3163,10069,61,531,69,3.3
3164,8599,52,460,75,3.3
3165,8831,70,601,68,3.1
3166,8651,50,443,73,2.8
3167,8608,56,490,74,2.7
3168,8869,44,396,76,3.2
3169,8746,60,525,73,3.7
3170,8844,38,349,73,2.9
3171,7402,47,420,70,3.3
3172,11192,57,502,75,3.4
3173,11991,72,619,73,3.1
3174,7227,35,329,90,4.2
3175,12590,75,643,71,3.2
3176,12399,69,600,74,4.3
3177,8242,66,572,68,2.8
3178,13272,51,451,71,2.8
3179,8891,41,370,74,2.6
3180,9038,46,411,68,3.0
3181,8740,55,487,78,3.7
3182,14233,82,695,67,2.4
3183,8986,60,529,78,3.9
3184,9703,59,514,68,2.6
3185,10844,61,533,75,3.3
3186,9039,47,421,73,3.4
3187,7039,53,470,79,3.8
3188,12448,59,514,72,3.0
3189,10830,66,572,68,2.9
3190,9632,58,507,72,3.0
3191,12680,51,449,64,2.4
3192,10948,67,579,72,3.1
3193,12331,100,843,74,3.6
3194,9267,78,666,71,2.7
3195,9620,69,600,76,5.0
3196,8445,58,508,75,3.4
3197,8724,38,347,70,2.4
3198,8303,55,485,69,3.2
3199,9590,81,690,72,2.8
3200,10447,53,467,72,2.9
3201,7755,29,276,82,2.7
3202,8433,61,531,77,3.2
3203,10814,52,462,72,3.5
3204,8235,37,340,72,3.5
3205,9612,60,525,67,3.2
3206,7381,56,493,70,3.3
3207,11205,65,566,71,3.7
3208,10334,70,603,73,3.0
3209,7742,63,551,73,4.1
3210,11570,70,606,81,3.4
3211,12899,78,666,72,3.1
3212,11002,59,517,75,3.3
3213,8454,73,627,71,3.7
3214,10082,64,559,66,3.8
3215,9995,63,548,65,3.8
3216,7950,45,405,73,3.3
3217,9166,45,404,78,3.1
3218,8433,41,370,69,2.0
3219,6891,39,358,78,3.4
3220,10435,60,529,77,4.3
3221,8758,56,494,80,3.9
3222,10653,39,358,75,3.3
3223,8213,65,563,70,3.5
3224,8716,50,447,74,3.7
3225,11009,81,697,71,4.0
3226,9402,61,528,71,2.2
3227,13359,77,660,67,3.6
3228,9826,71,612,77,3.5
3229,10943,80,688,73,4.3
3230,8522,51,448,69,2.9
3231,7699,65,569,69,4.5
3232,8684,53,472,68,3.9
3233,10323,58,510,79,3.4
3234,12055,65,566,88,4.2
3235,13559,58,510,77,3.5
3236,9430,24,233,71,2.1
3237,9712,49,437,71,3.6
3238,10679,65,565,70,3.4
3239,10496,67,582,67,3.6
3240,10718,39,353,73,2.6
3241,6261,47,421,75,2.9
3242,9014,40,363,70,2.9
3243,9304,66,572,71,3.6
3244,10605,67,578,71,2.7
3245,12932,57,502,67,4.1
3246,9751,50,445,80,3.4
3247,13723,58,513,83,4.2
3248,9018,62,537,70,2.3
3249,9414,55,486,83,3.9
3250,7018,40,368,79,3.8
3251,11611,59,514,79,2.9
3252,12697,88,747,68,3.6
3253,8802,53,466,76,2.3
3254,8436,59,515,73,2.8
3255,12125,68,588,70,3.6
3256,13054,68,590,78,3.5
3257,10920,89,758,77,4.0
3258,10134,43,385,72,2.2
3259,12741,59,517,71,3.4
3260,10765,63,550,80,3.7
3261,10147,40,362,69,2.6
3262,8050,29,276,73,3.0
3263,14733,77,658,67,3.2
3264,9061,42,382,75,3.3
3265,11128,75,641,64,2.8
3266,10185,66,570,65,3.2
3267,8740,58,512,78,4.3
3268,13049,74,639,74,4.4
3269,10539,37,339,67,2.8
3270,8990,49,436,74,2.9
3271,9892,70,605,76,3.2
3272,9737,49,439,77,3.6
3273,11618,89,757,78,4.0
3274,10002,67,580,70,3.3
3275,10990,73,626,68,2.9
3276,12313,71,612,75,3.4
3277,10836,73,625,72,2.9
3278,8827,47,421,73,3.4
3279,9006,70,604,71,3.1
3280,8733,36,332,75,3.0
3281,10392,44,398,78,3.8
3282,6352,38,350,77,3.7
3283,10519,46,412,67,3.2
3284,8818,37,340,76,3.0
3285,10216,62,540,63,3.2
3286,12985,64,559,72,4.1
3287,8690,57,502,71,4.0
3288,7393,70,604,71,3.0
3289,7507,37,340,79,2.5
3290,7435,61,532,69,3.2
3291,7281,43,386,78,2.1
3292,10360,62,540,67,3.1
3293,11541,81,693,77,3.7
3294,10166,84,715,78,3.5
3295,11219,68,586,67,2.8
3296,12297,78,666,68,3.1
3297,10586,67,580,70,3.1
3298,9072,72,620,72,3.6
3299,10190,64,558,75,3.8
3300,11240,70,608,74,3.9
3301,7981,39,355,75,2.6
3302,9200,56,493,72,3.6
3303,10304,53,468,75,3.3
3304,9524,44,397,80,3.5
3305,10524,58,512,80,4.5
3306,9755,46,413,82,3.2
3307,9957,36,333,72,3.3
3308,7093,36,334,81,2.9
3309,10220,65,568,78,3.7
3310,9758,50,441,68,2.2
3311,10024,51,453,73,2.8
3312,10913,58,506,66,2.8
3313,12415,55,484,70,3.1
3314,14301,65,569,74,4.0
3315,8863,49,439,77,4.1
3316,10880,65,565,69,3.5
3317,6431,18,191,74,2.8
3318,12512,61,529,67,3.0
3319,11219,46,413,70,3.0
3320,7754,46,414,73,3.5
3321,8098,66,569,76,2.7
3322,9722,48,431,73,3.5
3323,11720,59,515,76,3.3
3324,11906,74,633,70,3.6
3325,11608,78,672,76,4.1
3326,9472,52,459,71,3.1
3327,7248,59,517,67,3.5
3328,13169,52,461,82,3.4
3329,10030,78,668,67,4.2
3330,10435,67,580,73,3.4
3331,10996,47,418,75,2.7
3332,7129,27,262,69,3.5
3333,12026,59,516,68,3.9
3334,9185,57,501,76,3.3
3335,9612,74,634,73,2.8
3336,8002,45,404,75,3.0
3337,7525,48,428,77,2.8
3338,8172,64,559,76,4.3
3339,8079,43,387,71,2.7
3340,9794,63,549,75,3.1
3341,12972,78,669,66,3.7
3342,11670,57,502,73,3.3
3343,8242,66,571,74,2.9
3344,10643,53,470,77,2.9
3345,7525,50,440,72,2.4
3346,13121,73,628,79,3.3
3347,9372,40,367,77,3.4
3348,9456,38,346,73,2.4
3349,8739,82,703,77,4.6
3350,12561,74,635,73,3.3
3351,10316,79,675,70,3.8
3352,11592,75,648,76,3.9
3353,11014,65,564,73,3.0
3354,8811,57,503,72,3.8
3355,8285,68,589,69,4.0
3356,8066,49,436,72,3.3
3357,10872,57,503,83,4.1
3358,9147,64,556,80,3.0
3359,10341,43,388,73,2.9
3360,11452,70,602,68,2.7
3361,9369,68,588,73,3.4
3362,11165,48,428,72,3.2
3363,14798,94,800,79,4.6
3364,10714,41,374,75,3.0
3365,9690,42,380,75,2.8
3366,5790,42,381,71,3.3
3367,7540,75,645,80,4.0
3368,8557,34,316,74,3.0
3369,13472,74,639,75,4.0
3370,11386,54,475,76,2.6
3371,8084,55,483,71,2.7
3372,13980,83,707,69,3.7
3373,6775,30,284,76,2.6
3374,9023,58,507,73,2.6
3375,9121,64,555,74,2.9
3376,6909,66,570,60,2.8
3377,8017,45,406,76,3.3
3378,12332,93,793,75,4.8
3379,10219,51,455,78,3.9
3380,15931,93,791,75,3.9
3381,11018,50,444,78,2.9
3382,8895,59,517,78,3.5
3383,10070,28,267,81,2.6
3384,11438,67,580,82,3.1
3385,11856,89,755,68,3.1
3386,10943,57,501,77,3.7
3387,11608,78,672,71,5.0
3388,11658,57,500,78,3.2
3389,6820,64,554,70,2.9
3390,8270,38,346,79,2.4
3391,10243,59,520,75,4.0
3392,7916,42,378,70,2.7
3393,9334,66,573,71,3.4
3394,11119,56,491,76,2.7
3395,9556,52,459,72,2.9
3396,7878,16,177,79,3.4
3397,8429,53,469,69,3.6
3398,11110,65,567,74,4.3
3399,10278,54,478,77,4.0
3400,10942,36,334,85,3.0
3401,8748,45,405,68,3.2
3402,8743,57,501,75,4.0
3403,10325,39,354,70,2.1
3404,8994,21,209,73,1.8
3405,13131,83,710,74,4.1
3406,12075,67,581,78,3.4
3407,8900,71,612,70,3.3
3408,9089,50,441,75,2.3
3409,8606,45,400,76,1.6
3410,11118,38,349,71,2.8
3411,12659,97,823,66,4.3
3412,11077,63,549,67,2.4
3413,9528,48,428,69,2.7
3414,6957,34,315,75,2.7
3415,13086,99,843,76,5.0
3416,5842,41,374,71,3.1
3417,7889,61,532,77,3.2
3418,9800,62,541,80,3.4
3419,10782,77,662,71,4.0
3420,11017,62,537,65,2.7
3421,7767,48,429,79,3.3
3422,8657,49,436,73,2.8
3423,11588,80,682,65,2.9
3424,11716,72,620,79,2.9
3425,12719,91,772,67,4.3
3426,7679,45,406,78,3.0
3427,9118,42,378,71,2.6
3428,15533,91,770,73,3.1
3429,9909,61,535,72,4.0
3430,10607,53,469,78,3.3
3431,8572,37,338,70,2.0
3432,7413,50,441,77,2.6
3433,12380,42,377,74,2.6
3434,8702,48,429,69,3.2
3435,7873,60,524,71,3.4
3436,7952,48,428,72,3.5
3437,7111,30,283,68,2.7
3438,6467,40,366,79,3.4
3439,11624,61,532,77,2.7
3440,12842,103,867,63,4.0
3441,9104,80,687,74,4.1
3442,11642,71,613,67,3.9
3443,8957,59,515,71,3.0
3444,10647,49,440,73,3.7
3445,8777,39,357,75,3.2
3446,7438,45,411,75,4.9
3447,7074,47,421,79,4.2
3448,8838,57,498,75,2.5
3449,10055,47,419,74,2.4
3450,7674,54,481,73,4.3
3451,11202,46,412,75,3.2
3452,9874,52,462,75,3.8
3453,14676,84,714,70,3.5
3454,11074,36,333,77,3.3
3455,13919,65,563,72,2.9
3456,9655,55,485,80,3.5
3457,10773,60,521,74,2.2
3458,13785,61,534,78,3.2
3459,9015,39,357,72,3.5
3460,16396,90,764,78,4.0
3461,13006,53,467,72,2.1
3462,7510,39,356,79,3.2
3463,12720,74,635,75,3.2
3464,10864,58,507,73,3.2
3465,11005,60,521,72,2.1
3466,11527,74,635,80,3.0
3467,10032,46,411,81,2.7
3468,14216,68,587,72,3.1
3469,10369,60,526,76,3.6
3470,8897,44,396,71,2.3
3471,7899,45,402,70,2.4
3472,15199,71,611,68,3.0
3473,10550,54,481,77,4.0
3474,6670,51,459,82,4.6
3475,12281,60,524,80,3.9
3476,8427,59,517,67,3.3
3477,7452,56,491,68,2.5
3478,9309,41,374,79,3.5
3479,9533,65,564,67,3.6
3480,6525,23,228,81,2.9
3481,9445,27,257,76,1.9
3482,13704,88,748,72,3.9
3483,6772,44,397,69,3.3
3484,10369,56,494,70,3.8
3485,12256,71,610,74,3.1
3486,8542,37,338,66,2.7
3487,12133,65,565,75,3.5
3488,11529,75,641,67,2.9
3489,8173,72,621,67,3.4
3490,11053,63,551,74,3.8
3491,10562,74,638,84,4.3
3492,12441,60,526,75,3.5
3493,12340,81,688,71,2.6
3494,8406,49,435,71,2.7
3495,8123,49,442,82,4.5
3496,10346,57,498,77,2.3
3497,11394,50,447,76,3.4
3498,6951,32,298,71,2.3
3499,11123,66,571,74,3.2
3500,7619,35,324,80,2.5
3501,8849,59,516,75,3.3
3502,11025,46,414,73,3.2
3503,14609,65,561,74,2.6
3504,11878,70,602,69,3.2
3505,10728,69,596,77,3.3
3506,11044,81,692,71,3.8
3507,10519,55,488,67,3.7
3508,9441,66,577,78,4.0
3509,11298,59,518,74,4.0
3510,9841,78,669,72,4.2
3511,11961,55,486,74,4.0
3512,8275,48,426,67,2.4
3513,8610,40,363,71,2.6
3514,9280,63,548,71,2.8
3515,12723,78,668,76,3.3
3516,8330,69,595,73,3.1
3517,6952,61,528,64,2.5
3518,11928,64,556,72,3.4
3519,8184,37,341,76,3.4
3520,9406,76,653,75,4.0
3521,8393,59,516,63,3.1
3522,9948,60,526,69,3.9
3523,10876,54,475,70,3.0
3524,8305,40,363,64,3.0
3525,10207,61,531,78,3.5
3526,8833,59,513,72,2.7
3527,13679,87,741,73,4.0
3528,11470,81,694,69,4.2
3529,12720,72,625,76,4.6
3530,10493,56,491,74,3.3
3531,9679,80,685,70,3.2
3532,12947,71,613,78,3.8
3533,10613,41,372,75,3.1
3534,6861,35,325,78,3.1
3535,8176,34,319,77,3.4
3536,5674,38,350,72,3.7
3537,11285,90,763,70,3.1
3538,6968,54,480,78,4.2
3539,9974,68,590,74,3.7
3540,11191,68,589,78,3.1
3541,9321,76,654,73,4.0
3542,8791,64,560,78,3.9
3543,11837,76,654,66,3.7
3544,8433,48,430,72,3.3
3545,16077,63,549,68,3.7
3546,7443,22,221,74,3.1
3547,7317,35,322,78,2.5
3548,10235,86,730,65,3.4
3549,11091,51,451,77,3.0
3550,7818,60,525,72,3.2
3551,11591,69,595,66,3.7
3552,8836,63,549,73,3.4
3553,9080,58,510,76,3.1
3554,8792,37,342,78,2.9
3555,7646,63,545,64,2.0
3556,9383,71,611,69,2.8
3557,8887,62,537,65,2.5
3558,13718,85,723,67,3.2
3559,9775,62,537,67,2.4
3560,10377,56,494,70,3.5
3561,7834,56,495,78,4.0
3562,9047,56,493,81,3.7
3563,10261,51,451,74,2.9
3564,13687,81,691,67,2.5
3565,11942,76,653,72,3.8
3566,6229,42,382,79,3.2
3567,7922,52,464,78,3.8
3568,9475,49,440,84,4.3
3569,9791,55,485,67,3.6
3570,9655,49,433,67,2.0
3571,11830,54,478,79,4.0
3572,11388,51,450,73,2.4
3573,8132,52,462,70,3.4
3574,11192,73,625,66,2.6
3575,11621,67,580,73,2.8
3576,8835,64,556,74,3.1
3577,12112,67,580,75,2.9
3578,9179,61,538,86,4.6
3579,13336,80,683,78,3.5
3580,14428,77,661,69,4.3
3581,12585,45,405,78,3.6
3582,8248,54,475,70,2.7
3583,9620,45,407,82,4.2
3584,8494,46,412,72,2.8
3585,6956,64,560,69,3.9
3586,9185,60,529,81,4.3
3587,9139,47,420,80,3.0
3588,8178,55,485,70,3.2
3589,10453,58,508,79,3.0
3590,10027,47,422,72,3.9
3591,5418,29,273,71,2.1
3592,10929,70,605,64,3.3
3593,4737,36,335,80,3.2
3594,12402,53,467,75,2.7
3595,13283,78,667,68,3.1
3596,10100,54,478,73,3.6
3597,9842,53,471,75,3.9
3598,10978,74,637,72,3.8
3599,9959,67,579,74,3.2
3600,11401,65,565,67,3.4
3601,10041,66,570,73,2.9
3602,7706,45,404,74,2.7
3603,7589,40,363,69,2.8
3604,11221,38,347,80,2.7
3605,9172,64,556,68,3.6
3606,12447,80,683,68,3.6
3607,11044,77,662,70,4.7
3608,8015,39,358,71,3.8
3609,8393,49,433,68,2.5
3610,11363,46,414,72,3.9
3611,7819,54,474,75,3.2
3612,10591,59,519,75,3.8
3613,9288,54,476,69,2.7
3614,14325,100,840,69,2.5
3615,10759,63,553,84,4.5
3616,9836,75,644,71,3.2
3617,9341,60,525,73,4.1
3618,12616,74,633,68,2.1
3619,10570,43,385,68,2.1
3620,9497,46,411,65,3.2
3621,5445,23,230,75,3.2
3622,8502,54,479,86,4.1
3623,10508,34,316,74,2.4
3624,11130,87,739,64,3.0
3625,12675,73,624,71,2.6
3626,12845,55,485,72,3.5
3627,10306,56,491,75,3.2
3628,9162,71,610,71,2.9
3629,9027,53,472,74,4.5
3630,12068,59,512,71,2.4
3631,10633,65,565,80,3.7
3632,10478,58,505,70,2.6
3633,13409,76,653,78,3.2
3634,12446,63,551,77,4.1
3635,6719,44,395,77,2.8
3636,9978,61,536,79,4.4
3637,8822,59,521,75,4.3
3638,15849,95,806,76,4.4
3639,11253,49,436,77,2.8
3640,8413,38,352,75,3.9
3641,9124,43,389,70,2.9
3642,10468,85,725,75,3.5
3643,8279,36,332,68,2.6
3644,8634,59,513,67,2.8
3645,8050,39,353,67,2.4
3646,11750,64,564,80,5.0
3647,12010,67,583,75,3.9
3648,10096,32,301,76,2.7
3649,9574,72,623,75,4.5
3650,7781,56,490,73,3.0
3651,12365,72,620,80,2.9
3652,10100,68,588,67,2.8
3653,12084,53,470,80,4.2
3654,10219,45,402,73,2.7
3655,8822,52,458,79,2.7
3656,8807,58,507,74,2.7
3657,9227,35,322,77,2.3
3658,13582,90,764,72,3.7
3659,11588,77,657,65,3.1
3660,9145,44,395,72,2.6
3661,8451,59,516,74,3.5
3662,7838,45,403,76,2.5
3663,10054,52,460,77,2.7
3664,10944,61,533,77,3.5
3665,9474,39,365,82,5.0
3666,8737,57,503,73,4.1
3667,9196,63,546,69,2.4
3668,7920,55,486,77,4.1
3669,8749,69,600,69,4.0
3670,10906,51,453,75,3.5
3671,17126,97,822,75,3.9
3672,8774,77,660,74,3.7
3673,10129,77,661,68,3.6
3674,9953,72,619,72,3.1
3675,11864,73,631,75,4.3
3676,8134,50,445,74,3.6
3677,8483,53,466,73,2.8
3678,9491,56,493,76,2.7
3679,14875,89,754,66,3.1
3680,9226,65,564,75,3.8
3681,12027,51,453,78,3.1
3682,10736,50,441,75,2.9
3683,8021,37,343,74,3.9
3684,11646,60,525,76,3.4
3685,11084,62,544,73,4.1
3686,11686,68,590,74,3.3
3687,5674,44,392,69,2.1
3688,7723,57,504,71,3.8
3689,13023,74,632,75,2.1
3690,13217,70,604,72,3.9
3691,11105,52,461,71,3.0
3692,8545,44,395,74,3.4
3693,9152,48,430,71,3.0
3694,8124,58,506,72,2.2
3695,8964,59,522,75,4.7
3696,6052,42,381,76,3.3
3697,9566,62,540,67,4.0
3698,13654,72,619,63,3.0
3699,9244,47,422,76,3.5
3700,13518,53,467,76,3.3
3701,8299,44,397,73,3.2
3702,8571,32,303,73,3.5
3703,8186,52,461,71,2.9
3704,9714,44,395,78,3.0
3705,10229,56,496,73,5.0
3706,12264,65,568,77,3.9
3707,8358,23,232,72,4.4
3708,9335,31,293,75,3.4
3709,8701,59,518,77,4.0
3710,12226,68,585,64,2.7
3711,7363,62,540,70,3.3
3712,10852,67,580,77,3.5
3713,9631,49,436,78,3.2
3714,11697,41,374,78,2.7
3715,9878,66,568,71,2.5
3716,13534,91,771,62,4.0
3717,9514,31,296,74,3.8
3718,7906,50,446,79,3.2
3719,11245,61,533,67,3.4
3720,8652,25,244,72,3.2
3721,12313,53,470,80,3.7
3722,9831,61,532,68,3.7
3723,11621,82,704,79,4.7
3724,13611,75,642,74,3.4
3725,13076,72,621,77,3.9
3726,6036,38,345,73,2.4
3727,7903,56,489,81,2.7
3728,7590,41,373,77,2.5
3729,11631,68,588,71,3.0
3730,12251,87,743,70,4.5
3731,10371,46,415,76,3.1
3732,12519,71,613,72,3.9
3733,6099,37,340,74,2.8
3734,8991,48,427,75,2.6
3735,11144,57,503,75,3.8
3736,9445,54,477,66,3.0
3737,8113,47,424,78,4.1
3738,11695,58,509,79,3.9
3739,11472,71,612,73,3.3
3740,7559,42,382,76,3.9
3741,7703,40,366,74,3.5
3742,9608,46,412,73,3.1
3743,8514,59,514,73,2.8
3744,6796,25,243,75,2.3
3745,7628,49,435,74,2.9
3746,6300,46,410,71,2.6
3747,10886,33,310,72,3.4
3748,10600,50,444,67,2.9
3749,8800,63,547,71,2.9
3750,12230,92,785,71,4.3
3751,16713,79,673,75,2.4
3752,13342,62,539,74,2.9
3753,8611,42,376,70,1.6
3754,9867,64,557,74,3.7
3755,8064,50,446,76,3.9
3756,7877,50,441,75,2.2
3757,8526,60,522,69,3.2
3758,8243,69,594,72,3.3
3759,9935,34,318,72,2.9
3760,14124,84,716,69,3.5
3761,9610,70,604,68,2.9
3762,8257,57,501,67,2.6
3763,12725,65,561,79,2.7
3764,10151,73,631,75,3.7
3765,9774,51,453,75,2.7
3766,11394,67,578,68,3.0
3767,9880,43,388,77,2.9
3768,14714,77,659,71,3.1
3769,9658,71,616,74,4.5
3770,6831,56,495,70,4.3
3771,9169,60,523,78,2.9
3772,10166,88,751,73,4.6
3773,7917,58,511,73,3.8
3774,11042,57,500,72,3.0
3775,12792,74,637,78,3.9
3776,11434,66,572,76,3.1
3777,13427,65,562,70,2.8
3778,9059,54,478,87,3.0
3779,11517,66,570,72,2.3
3780,7217,57,504,69,4.2
3781,9859,72,622,74,4.2
3782,7590,31,291,73,2.4
3783,10753,66,579,78,4.9
3784,8230,53,466,71,3.0
3785,10578,74,635,69,3.3
3786,10062,51,450,75,2.7
3787,12614,66,574,68,3.7
3788,11396,67,581,74,3.6
3789,10056,61,530,79,2.2
3790,8897,61,536,80,4.8
3791,7739,60,525,69,3.7
3792,12669,67,577,76,2.1
3793,9108,43,388,74,2.9
3794,6071,28,265,71,2.5
3795,12198,84,718,71,4.0
3796,12387,56,492,78,3.6
3797,8244,61,534,70,4.5
3798,13391,48,429,67,3.3
3799,9780,64,554,66,2.6
3800,5591,36,335,76,3.2
3801,7686,56,489,66,2.9
3802,10234,56,492,74,3.1
3803,8133,48,426,69,2.2
3804,11500,67,581,68,3.5
3805,8956,39,356,77,3.0
3806,11403,66,573,75,4.1
3807,8613,52,463,76,4.2
3808,11824,86,733,66,3.6
3809,9449,66,569,65,2.8
3810,9896,67,580,75,3.1
3811,9958,60,532,75,4.9
3812,11272,73,629,75,3.8
3813,8382,31,291,70,2.5
3814,11540,75,645,67,3.8
3815,6103,30,284,73,2.5
3816,11559,49,434,72,2.9
3817,9299,53,471,77,3.8
3818,11811,73,630,74,3.3
3819,10895,94,796,70,3.9
3820,7465,22,219,78,2.8
3821,10118,51,451,70,2.8
3822,9603,57,498,75,2.9
3823,11897,59,513,68,2.4
3824,9924,88,746,65,2.6
3825,8086,55,483,74,3.0
3826,10628,58,508,71,3.2
3827,5988,24,235,79,2.6
3828,10225,51,452,72,2.8
3829,12479,78,669,70,3.5
3830,9463,48,428,73,3.1
3831,13419,81,694,74,4.2
3832,12184,74,637,73,3.3
3833,10975,66,575,71,4.1
3834,8481,58,508,74,3.1
3835,8643,61,530,70,2.5
3836,11766,64,558,72,3.6
3837,11487,61,529,70,2.3
3838,6354,39,355,76,2.9
3839,7903,31,292,79,2.8
3840,13558,89,758,72,4.4
3841,7863,29,275,81,2.3
3842,7811,25,251,87,4.5
3843,6658,64,555,74,2.9
3844,8102,61,529,73,2.4
3845,9640,54,479,71,3.7
3846,9299,72,620,73,3.3
3847,7045,38,349,70,3.3
3848,12665,83,709,70,4.1
3849,11123,59,516,72,2.9
3850,6198,47,424,77,3.6
3851,10365,60,525,71,3.7
3852,9741,37,337,72,2.3
3853,11850,58,505,72,2.9
3854,10534,55,486,71,3.4
3855,12751,73,628,70,3.5
3856,12450,69,597,74,3.7
3857,8858,32,299,72,2.9
3858,9367,45,402,68,2.8
3859,7919,63,546,72,2.7
3860,12486,65,565,75,3.5
3861,9395,38,352,78,3.9
3862,10622,73,628,70,2.7
3863,10887,59,515,69,2.8
3864,12907,82,698,67,2.8
3865,10069,49,435,69,2.6
3866,9046,43,391,84,3.9
3867,8679,41,373,77,2.9
3868,9508,57,499,75,3.0
3869,6668,67,583,74,3.9
3870,8214,44,393,66,2.0
3871,9977,60,526,75,3.8
3872,10905,86,735,78,4.9
3873,6589,43,385,67,1.8
3874,9489,42,384,72,4.3
3875,9616,55,488,77,4.0
3876,12739,73,630,81,4.7
3877,10575,48,427,73,2.8
3878,11115,57,500,70,3.2
3879,13123,62,543,80,3.2
3880,11107,87,738,68,3.6
3881,8259,34,315,73,2.5
3882,6019,32,303,79,3.4
3883,15543,64,554,74,3.2
3884,13794,65,564,67,4.0
3885,11370,61,530,72,3.0
3886,7797,55,484,67,2.7
3887,8354,59,515,68,2.9
3888,6509,36,332,79,2.2
3889,9671,61,533,71,3.6
3890,9593,31,293,72,3.0
3891,7683,49,433,76,2.3
3892,10538,53,467,75,3.1
3893,14966,78,671,74,4.4
3894,13146,85,723,67,3.1
3895,11251,60,527,72,3.8
3896,10511,68,587,66,2.6
3897,8595,28,267,81,2.6
3898,10356,61,532,72,3.2
3899,7729,67,580,66,2.8
3900,9650,51,452,81,2.5
3901,10007,44,395,73,2.7
3902,8726,61,532,77,3.1
3903,10031,66,571,70,3.3
3904,8562,57,501,72,3.0
3905,15251,57,501,73,3.7
3906,12534,61,534,76,3.8
3907,8913,43,392,80,3.8
3908,12789,68,586,68,2.9
3909,11893,53,467,73,2.8
3910,9254,62,542,81,3.4
3911,7604,51,448,73,1.9
3912,8917,77,663,72,4.7
3913,9035,60,524,77,3.9
3914,13039,61,532,71,3.0
3915,8167,41,378,76,4.4
3916,8272,64,556,74,3.8
3917,10884,36,334,78,3.3
3918,6710,28,270,74,3.5
3919,14854,86,733,73,4.6
3920,7269,54,476,66,3.1
3921,9742,55,482,70,2.8
3922,9995,53,470,69,4.0
3923,8574,45,404,70,3.0
3924,9200,45,408,69,4.4
3925,9899,54,477,74,3.5
3926,6262,62,539,68,3.7
3927,11667,36,330,75,2.5
3928,9387,43,393,78,4.3
3929,10044,78,665,73,2.7
3930,11015,74,635,69,2.9
3931,10999,46,412,75,3.4
3932,11652,63,549,73,3.8
3933,7831,57,501,75,2.9
3934,10111,70,603,72,2.7
3935,12850,59,514,70,2.9
3936,4964,26,252,74,2.7
3937,12193,55,487,69,4.0
3938,10585,57,497,72,1.9
3939,9925,63,548,65,3.8
3940,10244,74,635,72,3.1
3941,10354,42,381,69,3.1
3942,9119,66,574,76,3.8
3943,8558,53,465,72,3.0
3944,11372,61,531,70,2.5
3945,6613,71,614,65,4.0
3946,8492,71,615,74,3.8
3947,6398,19,198,70,3.5
3948,11327,84,714,72,3.0
3949,8618,51,452,66,3.2
3950,9165,38,345,66,2.0
3951,11772,81,692,71,4.3
3952,8595,67,581,66,3.3
3953,7616,48,430,73,3.6
3954,10885,67,578,62,2.3
3955,5889,40,363,75,2.9
3956,9635,55,487,71,3.3
3957,7330,65,562,77,3.3
3958,7965,45,403,74,2.5
3959,13900,91,771,69,3.1
3960,11454,71,611,72,3.3
3961,10955,47,419,65,2.5
3962,10955,60,524,75,3.0
3963,10486,59,516,64,3.2
3964,12684,63,550,84,3.6
3965,11752,60,525,65,3.8
3966,10309,67,580,67,3.7
3967,9376,65,562,74,3.1
3968,9662,64,553,74,2.3
3969,11855,68,591,79,3.8
3970,6984,39,357,82,2.7
3971,7302,41,374,72,3.3
3972,11577,68,591,65,4.1
3973,10716,69,594,72,3.1
3974,8485,70,609,70,5.0
3975,10914,66,573,71,4.0
3976,11607,73,631,75,4.3
3977,5739,19,194,80,2.3
3978,8846,31,293,79,2.6
3979,8766,44,397,73,3.5
3980,8922,59,515,69,3.2
3981,9494,49,441,71,4.4
3982,9507,29,276,85,2.7
3983,11358,61,532,70,3.7
3984,12698,90,764,72,4.1
3985,9695,70,601,75,2.8
3986,7168,27,262,75,3.3
3987,8488,50,449,79,4.1
3988,9423,50,447,74,3.8
3989,7642,44,395,79,2.9
3990,10220,64,554,76,2.4
3991,12768,67,583,69,3.8
3992,10196,75,647,72,4.3
3993,10559,43,384,73,2.1
3994,9941,66,572,74,3.4
3995,9790,69,596,72,3.5
3996,9414,51,453,79,3.8
3997,12148,70,604,79,3.7
3998,7533,74,637,66,3.5
3999,7068,45,403,70,3.3
4000,8555,60,525,67,3.4
4001,13218,84,718,78,3.7
4002,10533,47,421,75,3.5
4003,11065,92,780,70,3.3
4004,8312,47,417,70,2.5
4005,13872,73,627,67,2.9
4006,11135,70,600,70,1.7
4007,10283,61,531,78,3.0
4008,8453,46,414,77,3.9
4009,9702,64,556,71,3.2
4010,11677,50,444,68,3.1
4011,11640,83,713,74,4.8
4012,9806,61,537,72,3.7
4013,10868,68,586,69,3.0
4014,7576,42,377,68,2.3
4015,8042,42,380,76,2.7
4016,7822,33,308,67,2.7
4017,11794,75,642,80,2.9
4018,11728,46,416,72,4.0
4019,7968,51,455,72,3.4
4020,7132,38,348,82,2.4
4021,6691,45,405,70,3.4
4022,8367,39,356,74,2.7
4023,6903,58,507,78,3.1
4024,8892,40,370,75,4.3
4025,13324,38,347,68,2.4
4026,9739,52,461,70,2.9
4027,10069,47,425,73,3.2
4028,10482,57,502,85,3.5
4029,6766,33,310,79,3.3
4030,10182,61,530,71,2.9
4031,9579,39,355,75,2.3
4032,12679,70,602,66,2.8
4033,8700,48,431,76,4.1
4034,11310,52,463,75,4.5
4035,10687,47,420,75,3.3
4036,11833,82,699,68,3.3
4037,9134,38,348,72,2.4
4038,9397,46,410,65,2.5
4039,9663,70,603,81,2.9
4040,6315,42,382,77,3.9
4041,10769,64,554,68,2.6
4042,10571,50,446,72,3.7
4043,8267,47,420,68,2.8
4044,7870,72,621,80,3.9
4045,8724,65,564,72,3.4
4046,8951,40,363,70,2.8
4047,11381,59,519,79,4.0
4048,9848,25,244,65,2.9
4049,7282,53,467,72,2.7
4050,11713,52,462,69,3.8
4051,11101,68,589,70,2.9
4052,11574,64,552,71,2.5
4053,8147,44,394,67,2.2
4054,7289,42,383,79,3.8
4055,12567,66,572,67,3.6
4056,9957,43,389,71,2.8
4057,11292,74,634,66,2.7
4058,9229,55,487,78,3.6
4059,8778,67,581,74,4.0
4060,10623,41,373,73,2.6
4061,14325,89,761,74,4.7
4062,9826,50,441,78,1.9
4063,8871,47,421,79,3.4
4064,9306,67,582,71,4.0
4065,12601,83,713,70,4.1
4066,9083,71,612,73,3.7
4067,9121,53,470,71,3.8
4068,10668,57,502,67,3.4
4069,9444,71,612,72,2.8
4070,11725,73,627,73,3.8
4071,7910,51,454,71,3.8
4072,8117,24,235,82,2.6
4073,10203,54,473,72,2.9
4074,11955,61,533,76,3.5
4075,10597,57,501,69,3.1
4076,10582,50,444,73,2.3
4077,7214,40,364,72,3.5
4078,10895,79,675,78,3.7
4079,7942,59,517,72,3.5
4080,18533,102,861,68,4.1
4081,7502,50,443,67,3.2
4082,14090,64,554,76,2.7
4083,7504,52,460,72,2.8
4084,9662,63,548,66,3.0
4085,10736,61,528,72,2.4
4086,10139,43,386,75,2.8
4087,10362,76,651,68,2.8
4088,11885,64,558,67,3.7
4089,10296,64,555,72,2.4
4090,7270,55,483,70,3.6
4091,9666,38,347,70,2.6
4092,11952,85,725,71,4.2
4093,8348,35,328,79,3.4
4094,10141,56,496,75,4.5
4095,9361,72,620,68,3.8
4096,9376,40,365,67,2.7
4097,8876,48,431,75,3.6
4098,10025,67,578,62,2.6
4099,10232,74,637,69,3.7
4100,8645,35,323,74,3.0
4101,7523,33,306,74,2.5
4102,9077,51,453,73,3.4
4103,10796,68,590,74,4.3
4104,7142,43,386,75,2.5
4105,10185,58,510,70,4.0
4106,8850,50,445,70,2.9
4107,8530,52,458,74,2.9
4108,11199,67,578,71,2.9
4109,7949,55,487,73,3.6
4110,11627,84,718,75,3.7
4111,10392,64,558,79,3.4
4112,9503,63,545,66,2.3
4113,8166,58,507,77,3.5
4114,10765,71,612,69,3.3
4115,9697,60,522,63,2.6
4116,6661,62,540,73,2.9
4117,7280,22,223,82,3.7
4118,11940,65,571,74,5.0
4119,8006,52,460,79,3.3
4120,9213,46,411,72,2.5
4121,6248,58,508,74,3.2
4122,10644,36,333,79,3.2
4123,14549,74,634,70,3.0
4124,8169,28,270,85,2.6
4125,13717,69,597,78,3.7
4126,9343,45,403,67,2.2
4127,13277,76,649,60,3.4
4128,10924,89,755,72,3.1
4129,7720,63,545,61,2.9
4130,8619,35,323,74,2.6
4131,12184,73,630,78,3.9
4132,9018,47,423,78,3.7
4133,11184,73,630,70,3.8
4134,9058,63,548,76,2.6
4135,13509,90,767,72,4.3
4136,10559,79,676,70,3.4
4137,9434,67,581,69,2.9
4138,9569,54,478,77,3.4
4139,9214,52,461,70,3.4
4140,12962,55,483,72,2.7
4141,10724,65,564,75,3.2
4142,12264,73,628,81,3.3
4143,12165,46,413,77,3.2
4144,10880,75,644,64,3.3
4145,6594,39,357,76,3.0
4146,7106,32,302,74,3.2
4147,8902,55,483,76,2.5
4148,12721,53,468,67,3.1
4149,10016,49,438,69,3.9
4150,6692,32,300,74,2.6
4151,6453,31,288,72,2.1
4152,11770,53,468,75,2.7
4153,9137,51,453,76,3.4
4154,10041,68,586,66,2.7
4155,12272,55,483,78,2.5
4156,7953,40,366,80,3.2
4157,5778,26,251,69,2.5
4158,10655,71,612,62,3.4
4159,11170,58,507,77,2.7
4160,8866,57,499,71,2.7
4161,9097,48,428,70,3.1
4162,12813,88,749,73,3.6
4163,6415,39,354,68,2.5
4164,9770,70,605,72,3.3
4165,8267,60,524,70,3.1
4166,8441,46,411,72,2.0
4167,14472,69,597,76,3.6
4168,10534,55,482,75,2.6
4169,10112,54,472,73,2.0
4170,9595,72,620,77,3.8
4171,9795,68,595,73,4.6
4172,11421,69,594,70,3.0
4173,10206,52,458,69,2.7
4174,10297,49,438,75,4.0
4175,9834,39,355,73,3.0
4176,6977,40,366,70,3.2
4177,9510,48,426,73,2.8
4178,8650,66,572,73,3.9
4179,8420,56,498,76,4.6
4180,9254,54,474,70,2.5
4181,7709,57,503,66,3.3
4182,8512,66,574,74,3.1
4183,7673,45,402,74,2.0
4184,9073,51,452,81,3.9
4185,9229,37,339,76,2.6
4186,7235,62,541,84,3.5
4187,11229,75,644,72,3.2
4188,11279,57,500,74,3.4
4189,9037,65,564,72,3.2
4190,8146,21,213,75,2.4
4191,11180,57,501,77,2.7
4192,8206,50,441,76,1.7
4193,17225,94,801,75,4.7
4194,13066,82,699,70,3.3
4195,11233,53,470,73,3.6
4196,9849,64,554,73,3.3
4197,11061,72,617,70,2.4
4198,8146,46,415,76,3.5
4199,13547,68,586,71,3.3
4200,10349,44,399,73,4.0
4201,8735,45,403,79,2.1
4202,10840,37,338,80,3.0
4203,12068,64,559,75,3.8
4204,9341,56,491,74,2.9
4205,6082,36,332,79,3.1
4206,11841,61,532,68,3.0
4207,10418,59,513,72,2.2
4208,9807,59,519,74,3.7
4209,14251,83,708,70,4.0
4210,10226,41,373,70,2.9
4211,10431,54,479,73,3.8
4212,9839,39,355,75,2.7
4213,9457,49,438,81,2.9
4214,7467,58,512,75,4.2
4215,8244,52,462,72,4.0
4216,10616,55,487,77,3.7
4217,10119,49,432,75,2.0
4218,9871,51,455,81,3.5
4219,10421,52,456,65,2.0
4220,9262,58,512,75,4.1
4221,9524,44,395,82,2.4
4222,11738,60,523,68,2.6
4223,10947,54,475,74,2.6
4224,12775,56,491,74,2.6
4225,11797,47,420,67,3.0
4226,9282,54,475,75,3.0
4227,9364,39,361,81,3.8
4228,8699,50,448,74,3.9
4229,10328,70,602,66,3.1
4230,10732,60,526,79,3.7
4231,8295,47,420,70,3.3
4232,8911,34,316,81,2.3
4233,12367,60,522,73,2.8
4234,10300,48,432,74,4.2
4235,10641,53,472,81,4.9
4236,8175,50,443,71,3.2
4237,10885,69,598,76,3.7
4238,9550,27,263,81,3.0
4239,10084,72,624,70,4.2
4240,11195,48,426,73,3.0
4241,9992,80,686,67,3.6
4242,13244,65,565,76,3.6
4243,6369,44,399,72,3.3
4244,9500,56,493,77,3.4
4245,9475,50,445,87,3.3
4246,7910,58,513,74,4.5
4247,12528,83,708,78,3.3
4248,11243,60,524,72,3.4
4249,9315,43,395,82,4.6
4250,10640,45,407,80,3.3
4251,11264,76,651,74,3.3
4252,14168,61,533,74,3.4
4253,10315,60,525,67,3.8
4254,10599,67,581,76,3.4
4255,7681,38,348,75,2.6
4256,9759,64,554,68,2.5
4257,8642,50,441,69,1.8
4258,9991,54,477,68,3.4
4259,10875,44,397,75,3.1
4260,8951,46,415,73,3.1
4261,11447,55,483,71,3.1
4262,11326,72,618,73,3.2
4263,7675,50,442,71,2.0
4264,10556,50,446,77,3.4
4265,8930,33,306,72,2.6
4266,11505,72,621,72,3.6
4267,10999,74,635,68,3.0
4268,10161,70,602,66,3.4
4269,7952,52,459,71,2.3
4270,10179,46,411,71,2.7
4271,11532,56,495,74,4.2
4272,11339,36,335,77,3.7
4273,9612,57,504,81,3.9
4274,10889,69,599,69,4.6
4275,11318,52,458,73,2.5
4276,6254,30,286,82,2.7
4277,9193,22,219,78,2.0
4278,9971,63,551,76,4.5
4279,7135,58,508,73,2.7
4280,8337,49,433,75,2.6
4281,11422,55,482,58,2.5
4282,7982,38,348,66,3.4
4283,11494,58,510,75,3.8
4284,6496,51,455,74,3.7
4285,9683,50,442,77,2.0
4286,12135,54,482,77,4.5
4287,9616,80,684,70,3.9
4288,6676,28,273,71,4.4
4289,11732,52,462,74,3.0
4290,6384,31,288,69,1.7
4291,10607,62,539,72,2.5
4292,9777,52,464,78,4.0
4293,7610,40,364,69,3.1
4294,10181,57,499,76,2.8
4295,10588,46,411,64,2.7
4296,9135,57,499,76,3.2
4297,5801,48,427,70,3.0
4298,7137,36,334,81,3.0
4299,12760,72,623,70,3.8
4300,10952,59,518,76,4.0
4301,9130,59,520,73,4.2
4302,9309,53,470,77,3.8
4303,10024,69,598,69,3.2
4304,7202,73,629,66,3.9
4305,10394,67,578,74,2.6
4306,10043,67,579,68,3.3
4307,12109,61,531,78,2.9
4308,12030,59,515,74,3.3
4309,8586,53,466,77,2.8
4310,8017,34,318,81,3.2
4311,8031,61,531,71,2.9
4312,11171,71,615,73,4.0
4313,11447,57,504,75,4.0
4314,10643,67,584,71,4.8
4315,7729,73,628,70,3.2
4316,11929,68,589,74,3.7
4317,14599,86,736,77,4.3
4318,7071,47,421,76,3.7
4319,10164,61,538,77,4.8
4320,10111,57,504,77,3.5
4321,11235,88,749,76,4.0
4322,12850,46,411,77,2.9
4323,8086,54,476,72,2.9
4324,11187,60,523,71,2.9
4325,10061,71,616,62,4.4
4326,11402,77,660,67,3.6
4327,8176,58,510,78,3.1
4328,12309,57,500,69,2.6
4329,9612,72,628,74,4.2
4330,13526,68,586,75,2.7
4331,7322,59,516,69,2.9
4332,10829,65,564,69,3.3
4333,8307,52,457,69,2.3
4334,8177,44,399,71,3.6
4335,8080,24,234,71,2.2
4336,9156,77,658,59,2.4
4337,10532,64,557,83,3.8
4338,10085,53,471,74,3.8
4339,8959,59,514,71,2.3
4340,12940,66,572,65,3.2
4341,12054,56,494,70,3.3
4342,15333,74,634,70,3.1
4343,8679,46,411,67,2.9
4344,11181,56,489,73,2.4
4345,10034,60,529,77,4.3
4346,10219,73,631,72,4.4
4347,7483,50,441,71,2.7
4348,12270,66,573,72,3.0
4349,11862,39,355,66,2.4
4350,6299,46,415,76,4.0
4351,8361,41,372,68,3.3
4352,9841,60,526,72,4.3
4353,8804,57,500,77,3.3
4354,13478,69,595,70,2.5
4355,9171,44,399,77,3.6
4356,8521,55,487,71,4.0
4357,11886,52,462,68,2.9
4358,13011,98,828,76,4.0
4359,10973,62,538,73,2.5
4360,7766,54,473,76,2.7
4361,13301,71,613,82,3.8
4362,10944,52,460,73,2.9
4363,8177,72,621,74,4.2
4364,10336,45,401,75,1.7
4365,8350,50,442,80,2.8
4366,12161,64,557,78,3.8
4367,10558,55,490,74,4.6
4368,7958,39,359,84,3.4
4369,11794,61,535,79,3.8
4370,9283,60,525,75,3.1
4371,11052,65,565,71,3.4
4372,7613,51,451,78,2.8
4373,14400,73,629,85,3.6
4374,10918,72,621,71,3.5
4375,8925,34,318,77,3.5
4376,10968,60,525,75,3.5
4377,5833,35,327,71,3.3
4378,6859,40,364,75,3.1
4379,9992,54,479,76,3.7
4380,11049,60,528,83,3.8
4381,12838,77,658,69,2.9
4382,9373,49,433,73,1.9
4383,13396,67,581,71,3.2
4384,9924,71,616,78,4.6
4385,10285,70,609,75,5.0
4386,10602,61,529,74,2.8
4387,9547,57,498,70,3.0
4388,9829,39,353,66,2.2
4389,12102,64,556,69,2.9
4390,9575,63,549,81,3.8
4391,9341,62,540,72,3.4
4392,7621,33,307,74,2.2
4393,7633,30,287,78,3.9
4394,9110,62,538,72,3.4
4395,9479,68,591,77,3.5
4396,10019,66,571,73,3.4
4397,10315,83,708,83,3.5
4398,8482,67,580,79,3.5
4399,7358,37,343,80,4.1
4400,12118,83,711,77,4.5
4401,12126,58,508,75,3.2
4402,9782,61,537,74,4.1
4403,5546,22,220,79,2.6
4404,13205,85,725,65,4.0
4405,12588,64,556,67,2.7
4406,12010,94,795,67,3.4
4407,13207,76,651,72,3.2
4408,9655,56,495,72,3.8
4409,11647,55,486,77,4.1
4410,13654,80,682,64,2.5
4411,11276,68,586,68,2.3
4412,9749,49,435,66,3.3
4413,11163,82,701,71,3.7
4414,7887,40,365,81,3.0
4415,8518,33,312,78,4.2
4416,15057,79,673,75,2.8
4417,7183,45,407,81,3.8
4418,9651,53,467,70,2.9
4419,8815,60,525,75,3.7
4420,9195,56,493,70,3.4
4421,12735,87,742,72,4.5
4422,8044,63,548,72,3.5
4423,7839,57,502,71,3.4
4424,9054,62,541,75,3.6
4425,8499,32,299,71,2.3
4426,7665,57,501,78,3.5
4427,9373,64,558,69,3.6
4428,14050,95,803,66,3.4
4429,9125,46,416,77,3.5
4430,10415,51,450,68,2.6
4431,7170,40,365,82,2.7
4432,9381,55,482,62,2.3
4433,10604,48,428,71,2.9
4434,10422,43,386,73,2.7
4435,9371,48,428,80,2.4
4436,10598,43,387,65,2.3
4437,12080,46,416,72,4.1
4438,8793,44,396,73,3.1
4439,7684,48,431,82,4.0
4440,7739,44,395,77,2.9
4441,7907,57,504,72,4.2
4442,8233,31,294,80,3.2
4443,10546,71,613,74,3.4
4444,11924,63,551,77,4.4
4445,9800,75,646,73,3.9
4446,7822,49,440,72,4.3
4447,7494,45,408,76,4.4
4448,9160,51,449,72,2.3
4449,10705,64,554,81,3.0
4450,10369,72,618,77,3.0
4451,10054,67,581,74,3.7
4452,9431,58,512,78,4.4
4453,9251,52,462,70,3.1
4454,9846,59,519,75,3.8
4455,10471,86,734,68,3.9
4456,9536,63,549,71,3.3
4457,8189,62,544,77,4.4
4458,12516,77,661,68,4.0
4459,8815,57,503,70,3.6
4460,11997,36,332,70,2.7
4461,7340,34,316,73,3.1
4462,10586,61,528,75,2.4
4463,11205,64,560,80,4.3
4464,11594,68,587,70,3.4
4465,9082,61,533,78,3.7
4466,13479,58,504,70,2.1
4467,13079,74,635,71,4.0
4468,13630,76,649,70,3.1
4469,7473,52,460,75,3.3
4470,8029,34,317,72,3.3
4471,9463,56,493,72,3.5
4472,10061,34,312,77,2.0
4473,10139,39,355,71,2.4
4474,7791,70,601,67,2.4
4475,7291,44,400,71,3.6
4476,9663,43,391,79,3.8
4477,9144,31,290,69,2.7
4478,10570,57,496,76,2.1
4479,9784,76,652,74,3.3
4480,8330,49,438,69,3.6
4481,11695,72,623,73,4.5
4482,9497,46,414,73,3.5
4483,5981,29,276,79,2.9
4484,8414,51,450,71,3.0
4485,14558,76,652,81,3.3
4486,9454,53,471,84,3.9
4487,10919,64,555,69,3.1
4488,11060,71,616,72,4.4
4489,10168,34,315,77,2.5
4490,12191,61,536,74,4.6
4491,9273,62,538,68,2.8
4492,11606,57,505,69,4.4
4493,10564,78,666,63,3.3
4494,8701,60,527,80,3.3
4495,12445,59,516,71,2.9
4496,9511,48,430,72,3.3
4497,11799,61,529,73,2.4
4498,7892,38,345,64,2.1
4499,12516,62,543,73,4.2
4500,10765,49,438,76,3.4
4501,9567,53,469,69,3.3
4502,8176,55,484,77,3.6
4503,10389,66,577,78,4.4
4504,11741,68,586,72,2.6
4505,11115,39,354,70,2.6
4506,11328,67,582,69,3.9
4507,8984,47,418,73,3.6
4508,8442,52,461,71,3.2
4509,8622,42,382,76,3.7
4510,8417,40,363,78,2.8
4511,14220,73,630,76,4.1
4512,11835,78,669,72,3.5
4513,10916,23,231,79,3.8
4514,8102,56,491,73,2.9
4515,10590,74,638,75,4.6
4516,8741,28,267,77,2.3
4517,7352,41,374,84,3.1
4518,11236,53,470,78,3.1
4519,11338,55,486,79,4.4
4520,10728,58,509,67,3.6
4521,8753,54,474,75,3.1
4522,9187,48,431,75,3.6
4523,9130,34,316,78,2.7
4524,8316,36,337,78,4.6
4525,9904,55,481,56,2.8
4526,7457,45,407,84,4.5
4527,11961,60,524,67,4.0
4528,9273,38,348,70,3.1
4529,12719,59,515,70,3.3
4530,10784,61,535,71,3.4
4531,10491,39,357,73,3.2
4532,8009,46,410,73,2.4
4533,9012,29,279,77,3.4
4534,12156,54,478,74,3.7
4535,14775,92,779,70,3.4
4536,9245,41,375,75,4.2
4537,8806,71,611,71,3.2
4538,7744,46,408,74,1.8
4539,8082,67,582,80,3.9
4540,7277,17,181,79,2.7
4541,10406,77,661,82,4.1
4542,7622,45,406,65,3.2
4543,9383,53,464,68,2.3
4544,8580,41,372,71,3.0
4545,10505,57,499,78,3.0
4546,12521,73,625,73,2.4
4547,6889,31,292,76,2.7
4548,11650,54,478,79,3.8
4549,6990,48,430,81,3.3
4550,12877,70,605,67,3.9
4551,9197,25,243,72,2.4
4552,8800,59,517,74,3.9
4553,9097,62,543,75,3.7
4554,11606,48,428,76,3.5
4555,10516,47,419,73,2.9
4556,7689,33,306,73,2.4
4557,9658,73,629,74,3.7
4558,11507,55,480,73,2.5
4559,12316,73,633,75,4.0
4560,7048,57,498,75,2.6
4561,8317,58,512,74,3.7
4562,10388,58,514,76,4.5
4563,12289,79,679,81,4.2
4564,11009,41,372,70,3.1
4565,8957,59,515,72,3.4
4566,7965,45,403,74,2.7
4567,16293,82,705,79,4.3
4568,11295,65,566,83,3.7
4569,10973,76,654,77,3.3
4570,12876,82,703,75,3.8
4571,12436,65,567,76,3.7
4572,8879,55,484,71,2.6
4573,6590,31,292,78,2.3
4574,13171,68,586,76,2.9
4575,11288,67,579,78,3.0
4576,10177,60,524,71,3.6
4577,9250,58,510,77,4.0
4578,9812,59,515,66,3.0
4579,8536,44,398,73,3.4
4580,9253,46,410,72,2.7
4581,7333,41,372,79,3.6
4582,9550,59,517,62,3.6
4583,13531,76,650,76,2.9
4584,6755,48,428,67,3.0
4585,7279,45,402,72,2.5
4586,6595,41,374,82,3.4
4587,9423,46,410,61,2.7
4588,8108,51,454,69,3.0
4589,6591,56,495,79,4.3
4590,12881,57,501,66,3.3
4591,9625,59,516,83,3.5
4592,10994,74,636,70,2.7
4593,10662,49,433,72,1.7
4594,10990,64,557,74,3.9
4595,12188,64,558,72,3.8
4596,6297,28,267,78,2.4
4597,6563,41,372,69,2.8
4598,8293,53,467,71,2.9
4599,11460,72,624,77,5.0
4600,10580,62,541,71,2.7
4601,12827,55,480,63,1.9
4602,10069,72,617,70,2.3
4603,12382,56,495,73,4.3
4604,9686,42,388,77,5.0
4605,7775,53,469,82,3.2
4606,7746,57,501,75,3.6
4607,8102,37,341,72,2.9
4608,8872,38,346,72,2.9
4609,8094,62,538,66,2.8
4610,9898,25,247,74,3.4
4611,8012,27,258,71,1.4
4612,13107,75,646,74,3.8
4613,9273,43,387,69,2.6
4614,9350,51,454,69,3.5
4615,10748,41,373,69,3.3
4616,7607,49,440,77,4.0
4617,8562,43,387,76,2.6
4618,12243,71,611,71,3.4
4619,11361,78,669,75,3.2
4620,9092,73,629,64,3.4
4621,9971,69,592,63,2.3
4622,8538,52,458,71,2.5
4623,6444,43,384,73,2.2
4624,7107,28,269,75,2.8
4625,12615,72,622,74,3.7
4626,10330,52,463,77,4.0
4627,12328,75,645,79,3.9
4628,9446,52,459,69,2.7
4629,7936,61,532,71,3.3
4630,13075,49,435,74,2.6
4631,12526,76,652,73,3.6
4632,8640,63,550,66,3.6
4633,6380,40,368,79,4.1
4634,10572,58,509,76,3.5
4635,7034,43,389,72,3.3
4636,7780,54,479,84,3.1
4637,6139,55,488,77,3.8
4638,11322,59,513,67,2.5
4639,9346,64,559,80,3.4
4640,10370,52,463,74,3.6
4641,9182,55,488,76,4.3
4642,11674,61,533,74,3.1
4643,13374,78,669,76,3.9
4644,11798,65,566,74,4.4
4645,8716,39,357,72,3.1
4646,13632,64,556,67,3.0
4647,8587,59,517,73,3.8
4648,11617,56,496,75,4.2
4649,8843,39,355,74,2.5
4650,8661,59,516,72,3.0
4651,7333,54,477,71,3.1
4652,6592,31,292,80,3.1
4653,11822,55,482,68,2.5
4654,10151,61,529,63,2.6
4655,9201,63,552,75,4.2
4656,10265,53,468,80,3.2
4657,12225,63,544,72,2.2
4658,15497,73,628,75,3.4
4659,9758,73,629,76,3.8
4660,13331,72,616,66,2.2
4661,12018,68,586,68,2.7
4662,10264,55,484,72,2.3
4663,10941,58,506,76,3.2
4664,7068,53,474,73,4.5
4665,10567,60,525,70,3.5
4666,7976,58,507,72,3.1
4667,12906,80,686,77,3.8
4668,9722,50,445,76,3.0
4669,12931,61,529,70,2.6
4670,11929,57,499,68,3.2
4671,8015,15,164,75,2.5
4672,9746,74,634,66,2.9
4673,9987,57,503,71,3.7
4674,11486,80,686,67,3.9
4675,12249,86,733,73,4.1
4676,6376,49,435,73,2.5
4677,10810,57,502,75,3.5
4678,10545,62,539,68,3.6
4679,8070,48,429,73,3.2
4680,7150,53,465,73,2.0
4681,6300,59,516,70,3.8
4682,11222,74,636,70,3.2
4683,12322,84,718,70,3.3
4684,7178,39,357,79,3.1
4685,11542,65,567,78,3.7
4686,11907,67,580,79,3.5
4687,10151,75,644,69,3.8
4688,11136,62,541,75,3.4
4689,9311,54,480,78,4.2
4690,10742,54,480,79,4.2
4691,14165,79,676,80,4.0
4692,9985,61,531,66,2.9
4693,11492,69,594,69,2.5
4694,10158,67,584,68,4.1
4695,7196,40,362,76,1.6
4696,10848,74,637,69,3.5
4697,9251,38,346,70,2.1
4698,8510,72,619,72,2.9
4699,11911,39,359,72,3.8
4700,12499,46,414,70,3.5
4701,14252,82,703,71,4.3
4702,9956,45,405,76,3.1
4703,12021,66,571,71,3.3
4704,10957,63,545,72,2.3
4705,12186,89,754,74,3.2
4706,12008,80,684,73,3.9
4707,12709,55,489,74,4.0
4708,7155,14,154,72,2.5
4709,11886,70,602,73,3.4
4710,12075,74,633,69,2.7
4711,12138,68,590,79,4.1
4712,10258,55,489,77,4.4
4713,9635,52,461,69,2.9
4714,11384,50,445,75,3.4
4715,10462,39,355,74,2.7
4716,11292,51,453,75,3.0
4717,12261,59,516,69,3.4
4718,7487,86,732,66,3.5
4719,9179,56,495,80,3.6
4720,10803,57,502,71,3.2
4721,10674,63,543,68,2.1
4722,12709,79,676,64,3.9
4723,8332,50,445,75,3.2
4724,9860,58,509,67,3.7
4725,7913,62,540,72,3.1
4726,5527,65,565,74,3.5
4727,7934,43,388,71,2.6
4728,11923,45,402,73,2.8
4729,7018,32,303,77,3.3
4730,6726,33,305,75,2.2
4731,8153,49,437,73,3.3
4732,8372,45,402,73,2.7
4733,13521,95,805,81,3.9
4734,10562,57,501,72,2.7
4735,9839,60,525,68,3.9
4736,10363,41,372,75,3.5
4737,13517,63,548,80,3.0
4738,9422,24,237,73,3.1
4739,10442,70,604,63,3.4
4740,7557,66,574,64,4.2
4741,8109,40,363,72,2.6
4742,10892,69,596,70,3.2
4743,11205,84,720,79,4.1
4744,10792,77,662,71,4.0
4745,14738,82,699,77,3.4
4746,10661,66,574,66,4.5
4747,11653,61,530,73,2.3
4748,10883,46,412,77,2.8
4749,11626,83,710,73,3.8
4750,14227,84,715,72,2.8
4751,10200,61,530,71,2.5
4752,10268,25,245,71,3.1
4753,10373,39,362,74,3.5
4754,10195,65,565,72,3.4
4755,13572,57,498,79,3.1
4756,8758,51,456,72,3.9
4757,11986,63,550,78,3.6
4758,11339,50,445,75,3.1
4759,8766,46,417,79,4.1
4760,7987,72,622,74,4.1
4761,11836,67,584,71,4.1
4762,9993,55,483,75,2.6
4763,7789,64,556,74,3.2
4764,13118,63,550,79,4.4
4765,8300,42,379,76,2.8
4766,12525,47,419,68,3.4
4767,13289,88,748,74,4.3
4768,11149,66,569,73,2.7
4769,5889,15,165,80,2.9
4770,10158,40,363,78,2.6
4771,8412,54,475,66,3.3
4772,9599,73,630,79,4.1
4773,8626,41,370,74,2.5
4774,11102,50,441,74,2.4
4775,8484,25,246,72,2.5
4776,11232,49,432,64,2.0
4777,7927,54,478,74,3.6
4778,7376,41,369,73,2.4
4779,8454,61,534,70,4.0
4780,5787,25,245,78,2.3
4781,16198,98,829,72,3.9
4782,8193,33,305,78,2.3
4783,8511,61,534,73,3.7
4784,8653,46,414,79,3.6
4785,9217,57,499,71,2.9
4786,8510,58,508,74,2.8
4787,9151,32,300,77,2.8
4788,10798,50,447,74,3.2
4789,8971,57,502,70,4.0
4790,10146,50,443,68,2.8
4791,8810,48,428,71,3.2
4792,10352,57,501,75,3.0
4793,12399,46,412,76,2.9
4794,10805,46,411,78,2.5
4795,8257,50,443,72,2.7
4796,7698,49,437,74,3.1
4797,11129,87,744,77,4.9
4798,8675,43,388,71,3.0
4799,10911,62,544,71,4.2
4800,7399,37,343,81,3.5
4801,12219,68,586,68,3.3
4802,8557,77,660,69,3.0
4803,10317,70,606,75,3.9
4804,12161,70,605,68,3.8
4805,7898,38,349,70,3.3
4806,6917,30,284,75,2.0
4807,10169,69,596,70,3.0
4808,9406,59,516,68,3.3
4809,10210,38,351,76,3.9
4810,9117,63,547,75,2.4
4811,10084,42,379,70,2.5
4812,10179,72,620,72,3.7
4813,7486,27,263,83,3.8
4814,7914,43,386,73,2.6
4815,11160,71,610,66,3.0
4816,9382,47,422,80,3.7
4817,9429,53,468,76,3.3
4818,9275,53,468,73,3.4
4819,12335,62,540,76,3.8
4820,8497,67,581,70,3.6
4821,13419,84,716,70,3.9
4822,9646,26,252,75,2.6
4823,7489,61,533,77,3.4
4824,11498,57,501,68,3.9
4825,10010,81,694,75,4.7
4826,5775,28,269,76,3.1
4827,11351,55,484,71,3.4
4828,9706,52,465,72,3.8
4829,9540,66,576,79,4.2
4830,8387,46,415,78,4.0
4831,11832,68,593,70,4.5
4832,12919,76,652,74,3.5
4833,8885,46,412,68,3.1
4834,11346,87,741,74,4.1
4835,9534,52,462,63,3.0
4836,7217,35,324,66,3.3
4837,9395,54,476,73,3.4
4838,12030,82,701,79,3.8
4839,10335,56,490,76,2.6
4840,7863,52,460,73,2.7
4841,9577,51,453,77,3.4
4842,8443,60,523,72,2.5
4843,10613,23,226,74,2.7
4844,11971,72,617,68,3.0
4845,11841,64,555,75,3.2
4846,12714,88,748,75,3.3
4847,13700,77,660,74,3.1
4848,13551,67,582,67,3.5
4849,9900,65,564,74,3.2
4850,6895,44,398,76,3.8
4851,9048,52,455,72,2.3
4852,11808,78,664,53,2.8
4853,7621,53,468,65,3.0
4854,8946,53,466,76,2.7
4855,13643,96,815,80,4.7
4856,9033,40,364,71,3.0
4857,10458,61,537,75,4.6
4858,10578,72,620,60,3.1
4859,9562,24,239,75,4.0
4860,6156,10,123,76,1.9
4861,8654,37,342,75,3.5
4862,9457,72,619,77,3.2
4863,11427,78,671,74,4.4
4864,8726,64,554,68,3.0
4865,13047,81,691,73,3.8
4866,11194,66,571,77,3.0
4867,7035,58,512,71,4.6
4868,10020,55,480,66,2.3
4869,10362,52,459,66,3.1
4870,11409,86,732,69,4.0
4871,8870,51,449,71,2.5
4872,10251,66,572,68,2.9
4873,12727,88,746,73,3.3
4874,10494,56,490,73,2.8
4875,10106,67,580,68,3.3
4876,10212,53,468,69,3.5
4877,9557,58,510,67,3.8
4878,12223,87,741,69,4.2
4879,9623,59,514,77,2.7
4880,11541,68,591,72,4.5
4881,7562,40,365,77,3.0
4882,14023,91,776,73,4.7
4883,8938,73,624,62,2.2
4884,13373,78,668,73,3.5
4885,8274,43,390,73,3.4
4886,7932,35,325,72,2.7
4887,10664,52,457,72,2.9
4888,8205,38,346,70,2.4
4889,7411,54,479,79,4.1
4890,11049,38,348,73,2.9
4891,6992,44,399,76,3.5
4892,7510,42,378,76,2.0
4893,9386,69,595,66,3.4
4894,12742,76,652,72,3.8
4895,10296,49,435,68,2.8
4896,10276,56,490,74,2.4
4897,13674,84,718,63,4.5
4898,6696,42,377,76,2.7
4899,10598,31,295,74,3.6
4900,10666,59,520,76,4.3
4901,9701,34,319,77,4.0
4902,6475,39,355,73,2.8
4903,10373,76,652,68,3.6
4904,9093,56,492,73,3.7
4905,12910,72,617,74,2.8
4906,7590,36,334,77,3.0
4907,6942,42,381,72,3.9
4908,8250,43,386,78,2.9
4909,12627,78,667,78,3.6
4910,9405,51,453,73,3.2
4911,9173,58,509,73,3.5
4912,11037,61,537,77,3.9
4913,7081,45,405,82,3.1
4914,6587,38,350,79,3.2
4915,11960,62,537,76,2.5
4916,12910,70,604,81,3.0
4917,11183,56,492,73,2.7
4918,10122,75,647,76,4.3
4919,13194,51,453,75,3.4
4920,8869,62,539,71,3.4
4921,11519,84,716,66,3.4
4922,12828,65,563,68,3.2
4923,10752,58,513,71,4.3
4924,8014,38,350,77,3.3
4925,10280,72,624,77,4.2
4926,11659,75,647,70,3.7
4927,11163,50,445,71,3.3
4928,10796,44,396,73,2.8
4929,7385,42,377,78,1.9
4930,8549,59,517,70,3.3
4931,10850,69,600,80,4.4
4932,15833,84,715,58,2.8
4933,8747,56,494,78,3.7
4934,7904,48,424,65,1.7
4935,10508,53,470,74,3.8
4936,9471,56,497,72,4.7
4937,8975,43,386,70,2.7
4938,10428,72,622,72,4.1
4939,10354,53,469,73,4.3
4940,10542,54,481,76,3.6
4941,9630,34,315,75,2.6
4942,6564,36,334,72,3.4
4943,10605,61,536,72,4.4
4944,9725,37,343,81,3.4
4945,9013,66,577,75,4.6
4946,13579,61,534,73,3.8
4947,11599,66,573,70,3.7
4948,7250,56,493,73,3.0
4949,10133,37,341,72,3.3
4950,6929,29,277,79,2.8
4951,8120,52,458,70,2.6
4952,7470,53,467,72,2.7
4953,18563,65,566,82,4.0
4954,8900,55,487,79,3.5
4955,9097,44,394,70,2.8
4956,11641,66,575,76,4.8
4957,10581,59,516,77,3.2
4958,9281,64,560,70,3.8
4959,13062,63,552,75,3.8
4960,7876,69,598,75,3.9
4961,11529,74,636,71,3.2
4962,12399,63,548,70,3.4
4963,7340,36,332,74,3.1
4964,8803,61,531,65,2.5
4965,8382,51,455,78,3.8
4966,9787,67,581,69,3.3
4967,7610,50,441,78,2.5
4968,8402,21,210,75,1.3
4969,10057,53,466,67,2.3
4970,10904,62,539,66,3.0
4971,14126,55,485,73,3.6
4972,10720,72,619,73,3.0
4973,10963,57,499,74,3.1
4974,9929,41,371,70,2.4
4975,10527,52,465,87,4.1
4976,7497,41,374,79,3.2
4977,9528,59,520,80,4.5
4978,9265,65,568,78,4.6
4979,10735,41,375,71,3.8
4980,10592,66,577,74,4.8
4981,11221,49,433,70,2.3
4982,12604,72,618,75,2.6
4983,9023,34,317,73,2.8
4984,13503,85,722,68,2.8
4985,10601,68,586,64,2.9
4986,12251,75,646,72,3.7
4987,7538,54,476,69,2.9
4988,10562,56,498,77,4.6
4989,12413,71,612,72,2.8
4990,9828,53,470,72,3.6
4991,10547,83,711,72,3.7
4992,8896,74,635,68,3.3
4993,11040,53,472,75,4.0
4994,7919,75,643,68,3.0
4995,8000,61,533,75,3.3
4996,9902,80,682,72,3.2
4997,8877,36,332,72,2.5
4998,6695,28,270,76,3.3
4999,9649,71,611,74,3.7
5000,10719,41,374,73,3.3
5001,10821,58,509,75,3.6
5002,9047,62,543,78,4.0
5003,11466,74,637,76,3.5
5004,9339,62,544,80,4.3
5005,15301,93,785,68,3.0
5006,11276,47,421,73,3.4
5007,7593,40,366,80,3.5
5008,9936,69,594,71,3.3
5009,4851,35,325,76,2.8
5010,10272,48,429,64,3.0
5011,8187,60,528,82,4.4
5012,11642,58,506,77,2.6
5013,12324,66,577,69,4.3
5014,8226,49,436,72,2.4
5015,9629,55,485,73,3.9
5016,11195,71,609,63,2.5
5017,8415,55,488,74,4.2
5018,11043,47,418,81,2.3
5019,7865,44,397,78,3.5
5020,7404,41,370,80,2.7
5021,7491,26,251,74,2.3
5022,13202,79,678,63,4.5
5023,6666,67,581,73,3.2
5024,9944,75,642,69,3.0
5025,12748,79,679,71,3.9
5026,11936,45,405,67,3.5
5027,11784,63,549,77,4.0
5028,6924,60,524,69,3.4
5029,11610,81,692,69,3.4
5030,11414,68,586,73,2.6
5031,14117,71,615,70,4.7
5032,11362,60,527,74,3.8
5033,10505,62,543,76,3.7
5034,7993,21,214,85,2.9
5035,5959,29,281,76,3.7
5036,11383,38,349,80,3.0
5037,10653,35,320,70,1.6
5038,9109,32,297,78,2.1
5039,5797,41,374,71,3.5
5040,8695,40,361,66,2.2
5041,8597,50,442,72,2.1
5042,13150,73,627,69,3.0
5043,7788,30,281,75,2.0
5044,9819,39,355,77,2.7
5045,7683,34,314,66,2.3
5046,8083,48,431,78,3.5
5047,10669,74,636,74,3.5
5048,9836,22,218,83,2.9
5049,8350,64,557,70,3.4
5050,10430,70,605,76,3.2
5051,8636,38,352,79,4.3
5052,9800,54,478,82,3.6
5053,9020,54,478,62,3.4
5054,8586,50,446,71,4.1
5055,9879,54,478,79,2.6
5056,10588,70,603,76,3.0
5057,8493,38,346,75,1.9
5058,7338,53,467,67,3.4
5059,13526,72,626,73,4.6
5060,12420,57,501,76,3.1
5061,8105,41,369,70,1.8
5062,12552,36,333,74,3.4
5063,9097,68,585,75,3.3
5064,9782,48,427,74,2.8
5065,12560,61,530,72,2.8
5066,12460,55,484,75,3.1
5067,8771,66,575,77,4.2
5068,8519,41,374,75,3.2
5069,6859,44,393,74,1.9
5070,10731,35,324,71,2.7
5071,9940,82,700,75,3.7
5072,9971,47,421,72,3.4
5073,8415,27,260,72,2.3
5074,10640,66,571,74,3.0
5075,11118,57,497,73,1.8
5076,9555,58,506,73,2.4
5077,11590,81,689,70,2.6
5078,11797,54,480,68,3.7
5079,6355,35,322,75,2.4
5080,10171,54,479,74,4.1
5081,9731,42,380,82,3.0
5082,10128,62,540,82,3.7
5083,7656,31,296,78,3.6
5084,10293,64,559,76,3.9
5085,10097,61,534,73,3.9
5086,8179,41,371,66,3.1
5087,7474,35,325,71,3.2
5088,9598,45,405,70,3.4
5089,7870,56,496,78,3.9
5090,9047,70,602,75,2.5
5091,8352,42,380,77,3.1
5092,8555,39,353,67,2.0
5093,10127,54,475,65,3.0
5094,7989,44,397,74,2.7
5095,7312,43,390,76,4.0
5096,10358,55,485,75,3.6
5097,10810,63,547,76,3.5
5098,8735,59,518,74,4.1
5099,11717,66,570,66,3.0
5100,11309,75,646,74,3.1
5101,9009,66,572,65,3.4
5102,11349,56,491,72,2.7
5103,8728,48,430,80,4.0
5104,9625,58,508,72,3.4
5105,8118,63,545,77,2.6
5106,10418,55,484,72,2.9
5107,14705,101,852,70,3.5
5108,9856,48,430,68,2.9
5109,10342,49,437,77,2.9
5110,8171,30,283,73,2.5
5111,8692,54,475,69,2.6
5112,9181,45,406,79,3.5
5113,8276,48,428,75,3.2
5114,4871,29,275,74,2.7
5115,10958,62,541,79,4.1
5116,7871,55,480,78,2.1
5117,8472,49,439,71,4.0
5118,9521,52,458,70,3.0
5119,9523,45,404,75,2.6
5120,6801,64,554,82,3.0
5121,14805,84,716,67,4.0
5122,9137,34,317,77,2.9
5123,9289,43,389,80,2.8
5124,8866,64,557,80,3.6
5125,10706,53,470,70,3.7
5126,9748,55,486,75,4.4
5127,12904,70,603,72,3.5
5128,15541,76,654,65,4.2
5129,12553,75,648,70,4.2
5130,12976,67,580,76,2.9
5131,11503,65,568,74,4.6
5132,8773,42,383,80,3.7
5133,8120,22,218,76,2.2
5134,9190,43,388,75,2.9
5135,11897,57,500,73,3.5
5136,9119,53,471,74,3.6
5137,7644,54,479,79,3.1
5138,10202,64,558,67,3.6
5139,11271,70,601,65,2.7
5140,9771,44,401,82,3.8
5141,10093,51,451,65,2.8
5142,8062,49,436,68,3.7
5143,13914,98,827,71,3.5
5144,10667,97,823,72,4.0
5145,11286,56,489,70,2.6
5146,12113,54,475,76,3.0
5147,13132,57,499,67,2.8
5148,9513,44,392,82,1.7
5149,10123,72,618,73,3.1
5150,9771,65,563,70,3.8
5151,8448,25,243,80,2.9
5152,7028,23,229,81,3.1
5153,11982,78,669,77,3.2
5154,8966,78,671,73,4.1
5155,10884,74,636,68,3.2
5156,12134,57,500,77,3.2
5157,11887,57,500,77,3.5
5158,7200,48,430,77,3.8
5159,8498,60,520,67,2.3
5160,8902,58,507,75,2.5
5161,9571,33,310,73,3.4
5162,8440,53,468,78,3.2
5163,9553,60,528,73,3.2
5164,8399,58,508,69,3.3
5165,13557,72,617,65,2.4
5166,7660,72,621,71,3.6
5167,11368,68,588,78,2.9
5168,7926,34,321,76,3.9
5169,8650,50,447,74,3.9
5170,12821,67,581,83,3.6
5171,9270,34,319,76,3.6
5172,12051,50,443,68,3.0
5173,9173,70,601,80,2.5
5174,7885,43,389,72,3.1
5175,10716,85,724,66,3.9
5176,13258,69,595,78,3.2
5177,9986,69,600,73,4.4
5178,11400,77,662,71,3.5
5179,9453,62,540,74,3.5
5180,13753,69,595,70,3.5
5181,9460,72,617,68,3.1
5182,9897,47,419,76,2.6
5183,9285,59,518,74,4.1
5184,10831,80,683,67,3.3
5185,8818,63,550,73,3.2
5186,6327,38,353,82,4.3
5187,13818,68,592,73,4.0
5188,10480,74,638,77,3.6
5189,11384,84,718,72,4.1
5190,11736,56,490,69,2.9
5191,10283,63,548,69,3.4
5192,11072,72,619,72,2.8
5193,10447,60,523,77,3.1
5194,13239,74,637,71,3.1
5195,11444,75,648,71,4.5
5196,12145,60,528,73,4.2
5197,8173,55,484,77,2.6
5198,15581,80,685,70,4.4
5199,6248,42,379,79,2.0
5200,13293,90,769,78,4.9
5201,9848,70,602,66,2.9
5202,8363,45,409,75,4.0
5203,8490,53,471,79,3.2
5204,12563,86,730,68,3.4
5205,14432,70,602,72,3.6
5206,8872,48,427,76,2.8
5207,10172,74,634,76,3.1
5208,9952,57,497,73,2.5
5209,9874,42,380,76,3.3
5210,8522,58,512,74,4.4
5211,10969,65,562,64,2.5
5212,8461,62,545,75,4.0
5213,9764,63,550,72,3.4
5214,10743,70,603,76,3.2
5215,9138,47,417,71,2.7
5216,11292,75,649,74,3.8
5217,10839,87,741,77,4.1
5218,9968,47,423,76,4.1
5219,10359,51,453,74,3.3
5220,13374,84,721,69,4.7
5221,12641,71,610,69,3.3
5222,11411,54,475,69,3.2
5223,8270,38,347,71,2.6
5224,11332,99,839,83,4.5
5225,12992,53,467,73,1.9
5226,7656,35,330,78,4.3
5227,9712,63,552,83,4.3
5228,9440,44,393,67,2.8
5229,7834,50,446,78,4.0
5230,8069,33,309,81,2.9
5231,9523,53,467,74,3.3
5232,7625,43,388,73,2.8
5233,8024,40,365,77,3.1
5234,8513,53,470,71,4.0
5235,9511,48,427,72,2.9
5236,9655,64,558,67,4.0
5237,8215,38,348,77,2.9
5238,10210,64,555,77,2.8
5239,7475,54,476,77,3.1
5240,7710,55,488,81,4.0
5241,8638,66,572,71,3.1
5242,6506,24,238,73,3.5
5243,11550,50,444,67,2.7
5244,7210,26,251,71,2.1
5245,9379,60,526,72,4.2
5246,8452,39,358,78,3.4
5247,7884,43,389,79,3.6
5248,13734,83,711,74,4.7
5249,6471,52,462,75,3.6
5250,6460,14,156,84,2.8
5251,13179,73,626,71,2.9
5252,8371,44,396,70,2.7
5253,10357,62,540,73,3.3
5254,10918,63,548,71,3.8
5255,9690,54,475,66,2.3
5256,10111,78,672,77,4.6
5257,10432,64,558,74,3.5
5258,7566,40,363,81,2.2
5259,12726,66,571,75,3.1
5260,10518,38,351,74,3.5
5261,10912,41,371,78,2.5
5262,9593,50,447,76,3.8
5263,8354,54,474,70,2.6
5264,11861,80,683,64,2.7
5265,7534,34,316,78,3.3
5266,9094,60,524,65,3.6
5267,8648,72,623,68,4.6
5268,12015,82,702,74,4.0
5269,10284,67,583,69,4.0
5270,8166,32,304,74,4.1
5271,9282,47,421,73,3.8
5272,12647,80,682,74,3.4
5273,11531,71,612,71,3.4
5274,8883,60,524,78,3.2
5275,9228,64,557,70,3.8
5276,10430,55,483,77,2.7
5277,13949,70,608,71,4.4
5278,10347,108,909,75,3.7
5279,8773,55,488,83,3.7
5280,10353,75,649,77,4.4
5281,8201,49,437,77,3.2
5282,12016,70,607,78,3.9
5283,12276,64,556,71,3.3
5284,8521,52,465,76,4.4
5285,6051,23,228,70,2.7
5286,12616,80,682,64,3.1
5287,11335,104,872,71,3.1
5288,8458,53,469,73,3.5
5289,10215,36,332,80,2.5
5290,9713,46,416,79,4.2
5291,12188,86,733,72,4.0
5292,9275,38,350,82,3.2
5293,8918,57,500,77,3.3
5294,10488,74,636,68,3.3
5295,9510,61,533,69,3.9
5296,9533,34,311,68,1.1
5297,10315,52,462,79,3.4
5298,8171,61,531,76,3.2
5299,9236,43,390,71,3.6
5300,10868,66,572,71,3.7
5301,9540,44,397,80,2.8
5302,8869,61,538,71,4.4
5303,6963,45,402,72,3.0
5304,12286,72,619,76,3.5
5305,9890,49,435,76,2.5
5306,10161,47,424,71,4.6
5307,6869,16,175,81,3.3
5308,7537,38,348,75,2.8
5309,9580,50,443,75,2.5
5310,10429,65,566,72,4.0
5311,6639,20,205,80,3.0
5312,10107,78,665,71,2.6
5313,9925,48,426,77,2.5
5314,8177,44,399,75,3.4
5315,9500,61,529,68,2.2
5316,9454,51,456,72,4.2
5317,11058,69,595,76,3.5
5318,10903,53,469,65,2.6
5319,11737,57,500,67,3.2
5320,8622,47,421,73,3.2
5321,8805,45,401,68,2.5
5322,10791,64,556,67,3.3
5323,8979,67,579,73,3.1
5324,8523,23,231,79,3.3
5325,7882,61,534,74,3.8
5326,14618,82,701,76,4.0
5327,11254,80,689,75,4.3
5328,9081,57,500,64,2.8
5329,8850,60,525,71,3.3
5330,12104,52,459,72,2.4
5331,10698,76,654,74,4.6
5332,9973,44,396,76,2.7
5333,10617,58,507,75,3.2
5334,8026,72,622,71,4.4
5335,9250,62,540,73,3.3
5336,7949,41,371,75,2.5
5337,9420,53,470,83,3.7
5338,5948,46,410,70,2.2
5339,9048,67,580,75,3.0
5340,9321,41,370,69,3.2
5341,9246,64,554,69,2.3
5342,8815,50,446,78,3.0
5343,11614,52,459,75,3.0
5344,9373,64,560,75,4.0
5345,9459,47,424,84,4.3
5346,7714,34,319,74,2.5
5347,11958,67,581,74,3.5
5348,10270,61,529,72,2.0
5349,6926,42,379,66,2.0
5350,7541,31,293,73,2.7
5351,11245,83,710,66,3.6
5352,9950,67,582,63,3.6
5353,8380,57,502,76,3.5
5354,10434,48,431,76,3.8
5355,9834,51,455,73,3.2
5356,10674,43,387,70,3.0
5357,8496,46,412,81,3.3
5358,12213,52,460,82,3.4
5359,8175,41,373,77,3.4
5360,8853,81,696,74,4.5
5361,8050,80,685,70,3.6
5362,10543,60,523,72,3.3
5363,7769,42,379,74,3.0
5364,10952,73,628,75,3.4
5365,14999,77,662,81,3.7
5366,13013,86,732,72,3.4
5367,7890,51,452,72,2.6
5368,11977,83,709,66,3.6
5369,9474,72,622,75,4.2
5370,16149,77,658,74,3.4
5371,8836,48,426,78,2.5
5372,9583,60,527,68,3.7
5373,7271,66,569,72,2.5
5374,9008,74,634,69,2.7
5375,11014,62,541,75,3.3
5376,10521,58,510,76,4.2
5377,8008,56,493,71,3.2
5378,10785,65,561,77,2.6
5379,10347,65,564,69,2.6
5380,6770,45,408,75,3.7
5381,11266,35,325,75,2.7
5382,7489,49,438,68,3.8
5383,9969,57,499,67,3.2
5384,11468,64,561,80,4.7
5385,10897,67,578,71,2.3
5386,9591,40,364,78,3.3
5387,16912,96,812,70,3.6
5388,12546,62,540,74,3.0
5389,10445,40,366,76,3.6
5390,12943,79,676,69,4.0
5391,11168,69,596,74,3.5
5392,6840,22,218,76,1.8
5393,8726,34,312,67,2.0
5394,8655,36,332,79,3.3
5395,10444,40,361,79,1.9
5396,11165,56,496,78,4.1
5397,9413,62,539,70,2.9
5398,8524,58,510,76,3.6
5399,9857,51,449,74,1.9
5400,10407,39,358,72,3.1
5401,8248,53,471,73,4.0
5402,8700,58,513,76,4.7
5403,10484,52,456,70,2.3
5404,8989,40,363,74,2.9
5405,9997,58,511,80,3.8
5406,15450,71,615,66,4.6
5407,12799,45,405,69,2.8
5408,8929,37,341,73,3.4
5409,11079,53,469,77,3.6
5410,9033,67,588,72,5.0
5411,7306,35,324,82,3.1
5412,12148,59,517,77,3.7
5413,12419,71,611,67,3.4
5414,10836,64,558,75,3.7
5415,11571,48,430,77,4.2
5416,8882,49,435,69,2.6
5417,9655,73,629,64,3.6
5418,6865,48,425,69,2.6
5419,8196,57,505,82,4.2
5420,9813,64,559,69,3.9
5421,13572,62,539,77,2.5
5422,9008,66,571,67,3.3
5423,7539,37,341,66,3.6
5424,11819,59,519,79,4.1
5425,12317,63,550,72,3.8
5426,8603,67,579,71,3.2
5427,10167,77,660,73,3.9
5428,10072,40,365,69,3.2
5429,7575,52,458,68,3.1
5430,9097,25,243,73,2.6
5431,10393,69,598,77,3.8
5432,6088,29,277,77,3.1
5433,13004,76,653,74,3.9
5434,8219,57,502,79,3.6
5435,11019,47,424,80,4.2
5436,11570,76,650,67,3.1
5437,7377,37,341,73,3.2
5438,7515,22,223,79,3.1
5439,7196,47,419,73,3.0
5440,9849,61,531,73,3.2
5441,10146,70,604,64,3.7
5442,11746,49,440,78,4.1
5443,9907,30,286,79,3.3
5444,12106,61,531,72,2.6
5445,10395,55,482,72,2.8
5446,8649,38,347,80,2.9
5447,8566,40,361,70,2.3
5448,11559,60,529,82,3.9
5449,14841,55,485,68,3.4
5450,12275,58,509,74,3.4
5451,9901,64,555,64,3.1
5452,9036,67,582,75,3.6
5453,10704,44,396,70,3.3
5454,8662,51,450,69,2.8
5455,9636,75,643,67,3.5
5456,8411,59,517,71,3.5
5457,9848,61,534,73,3.7
5458,9701,41,375,79,3.3
5459,9682,73,630,77,3.9
5460,9791,49,437,81,3.3
5461,8565,43,386,71,2.2
5462,12836,78,670,73,4.3
5463,10433,56,493,76,3.6
5464,9133,58,508,71,3.3
5465,10838,70,602,61,2.3
5466,9443,63,545,72,2.8
5467,11259,57,500,67,3.5
5468,12211,89,760,72,4.0
5469,9357,98,830,69,4.5
5470,9392,56,489,66,2.4
5471,12423,84,718,69,4.3
5472,7610,53,466,68,3.6
5473,7518,44,395,74,2.5
5474,8267,52,464,74,4.0
5475,9322,47,420,76,3.2
5476,8706,43,389,71,2.9
5477,7732,39,355,76,3.3
5478,13646,78,672,80,4.0
5479,10382,69,595,72,3.5
5480,11269,64,556,76,3.2
5481,9739,55,482,72,2.6
5482,8648,60,525,72,3.7
5483,6213,26,251,76,2.8
5484,8499,40,364,73,3.2
5485,7775,46,415,81,3.8
5486,9927,48,425,72,2.5
5487,12568,83,707,70,2.9
5488,8181,35,322,71,2.6
5489,9292,47,425,74,3.9
5490,7798,42,380,75,3.4
5491,9854,62,539,71,3.0
5492,10104,52,463,72,3.8
5493,13087,55,485,76,3.4
5494,10241,66,571,76,2.8
5495,12685,70,602,76,3.3
5496,8968,47,421,73,3.2
5497,10784,67,579,69,2.6
5498,7075,60,523,69,2.6
5499,13026,76,654,81,3.7
5500,8424,47,421,77,2.6
5501,11472,69,603,77,5.0
5502,8392,33,308,68,2.9
5503,6653,42,379,72,2.0
5504,7909,48,425,74,2.6
5505,8501,43,387,70,2.6
5506,13296,92,783,67,4.3
5507,8029,43,390,78,2.8
5508,9454,62,541,73,4.0
5509,7722,46,410,73,2.6
5510,10599,45,401,73,2.3
5511,11946,51,453,68,3.0
5512,12534,62,538,68,2.9
5513,9622,59,515,72,3.4
5514,9904,36,337,72,4.1
5515,9480,39,356,70,2.5
5516,9748,49,439,81,4.2
5517,13278,71,616,74,4.3
5518,9013,54,475,72,3.2
5519,8838,49,434,75,1.9
5520,8831,45,407,79,3.1
5521,10422,45,403,73,2.6
5522,13394,77,662,69,3.8
5523,7798,50,448,74,4.2
5524,9872,73,632,75,4.6
5525,7863,49,436,80,3.6
5526,12703,68,592,64,4.2
5527,12018,53,466,77,2.7
5528,11132,62,541,70,3.3
5529,10713,53,466,72,2.8
5530,7892,44,395,73,2.9
5531,10871,64,553,68,2.4
5532,8119,54,477,74,3.4
5533,10869,57,500,75,2.9
5534,11159,69,599,79,3.6
5535,9578,43,388,73,3.2
5536,11989,94,797,71,4.1
5537,9351,42,379,75,2.6
5538,9153,44,396,77,3.3
5539,9152,17,179,75,2.0
5540,8546,31,292,77,2.9
5541,12674,66,572,82,3.5
5542,10803,58,506,72,3.1
5543,6217,39,354,73,2.6
5544,12829,75,643,70,3.2
5545,10383,67,585,79,5.0
5546,11455,67,582,73,4.0
5547,13008,65,567,81,3.7
5548,6673,29,277,72,3.0
5549,10537,58,509,80,3.8
5550,8183,39,361,74,4.0
5551,6530,58,510,74,3.9
5552,12956,72,618,72,2.5
5553,10410,54,477,72,3.5
5554,14975,65,565,70,3.6
5555,13838,80,686,69,3.9
5556,9846,60,524,70,2.8
5557,9904,61,534,75,3.9
5558,10020,52,464,83,4.3
5559,9726,35,323,74,2.5
5560,11831,72,621,75,3.5
5561,10055,63,544,65,2.4
5562,16152,78,667,68,3.0
5563,12788,80,682,74,3.7
5564,13886,83,713,66,4.9
5565,9919,73,629,72,3.1
5566,8659,58,509,77,4.3
5567,8837,53,470,74,3.6
5568,8146,61,533,72,3.7
5569,7118,48,429,76,3.2
5570,8788,60,526,73,3.7
5571,9943,39,361,82,3.9
5572,8948,60,525,72,4.3
5573,6621,41,376,80,3.6
5574,9962,66,581,77,5.0
5575,10625,62,540,66,3.0
5576,8694,54,475,73,2.7
5577,12103,66,574,67,3.7
5578,8230,32,302,78,3.4
5579,10342,61,531,67,2.8
5580,10474,64,562,69,4.7
5581,8623,50,443,63,3.1
5582,6500,49,437,77,3.0
5583,8377,46,411,70,3.5
5584,9543,45,403,75,2.1
5585,10126,55,482,74,2.7
5586,6767,54,478,80,3.4
5587,6751,35,328,79,3.9
5588,7821,55,482,61,2.7
5589,8679,54,478,78,3.2
5590,13486,70,605,71,3.7
5591,9132,63,548,79,3.5
5592,7794,44,394,75,2.6
5593,11537,68,588,73,3.1
5594,8799,67,582,79,4.4
5595,10395,80,685,70,4.4
5596,8586,43,388,77,2.6
5597,11917,75,642,72,3.5
5598,14755,95,806,72,4.5
5599,8794,71,608,69,2.8
5600,8509,48,429,73,2.7
5601,7884,41,375,71,3.6
5602,6898,49,438,74,4.0
5603,11392,70,604,75,3.0
5604,10010,44,396,74,3.0
5605,11121,70,602,73,2.8
5606,8182,59,515,61,3.5
5607,13125,76,652,76,4.1
5608,7957,51,453,78,3.6
5609,7050,36,337,79,4.0
5610,10713,45,405,79,3.2
5611,10690,62,539,72,2.9
5612,13709,76,651,76,3.2
5613,6819,24,239,79,3.5
5614,10993,67,580,69,3.5
5615,11114,73,628,75,3.3
5616,6983,48,432,72,4.2
5617,8255,59,517,77,4.5
5618,9883,58,507,77,3.1
5619,12247,65,564,81,3.6
5620,8002,62,541,73,2.9
5621,11333,70,604,74,3.4
5622,9382,43,392,79,3.7
5623,12801,57,501,72,3.7
5624,7982,63,545,72,3.1
5625,11542,56,493,75,3.6
5626,12430,64,556,63,3.0
5627,11592,62,544,71,3.9
5628,6397,62,539,77,2.5
5629,12573,46,411,75,2.8
5630,11087,67,577,63,2.5
5631,7289,64,557,70,3.9
5632,7794,57,505,80,4.8
5633,9856,61,531,69,3.6
5634,8374,40,368,78,3.7
5635,8155,46,409,75,2.2
5636,13597,75,643,72,3.0
5637,11615,63,551,74,4.4
5638,10954,72,620,72,3.6
5639,7578,69,593,76,3.3
5640,9762,59,519,72,4.1
5641,9111,61,534,62,4.1
5642,12041,66,571,66,3.1
5643,7297,38,348,71,3.0
5644,9388,61,534,81,3.6
5645,9857,42,382,79,3.5
5646,9304,60,525,69,3.2
5647,9912,44,398,73,3.7
5648,7998,58,511,77,4.0
5649,11274,49,441,77,4.4
5650,9256,62,539,66,3.4
5651,9769,76,651,66,3.3
5652,9919,52,461,71,3.2
5653,5856,32,298,69,2.0
5654,8980,51,452,69,2.9
5655,10473,66,574,74,3.4
5656,7559,27,262,78,3.6
5657,10042,53,470,68,3.6
5658,9766,72,619,71,3.4
5659,6555,43,391,72,3.6
5660,10437,52,460,75,3.3
5661,10504,55,484,77,3.1
5662,7850,58,506,74,2.8
5663,11265,76,652,65,3.7
5664,8872,59,517,75,3.3
5665,10686,69,597,75,3.7
5666,8018,35,323,70,2.9
5667,11759,62,541,61,2.8
5668,13840,83,712,77,4.5
5669,8395,55,480,65,2.8
5670,10083,59,517,78,4.0
5671,12925,56,495,73,4.0
5672,13202,75,640,73,2.2
5673,12929,46,411,70,3.2
5674,8751,51,450,70,2.4
5675,12076,64,554,73,2.9
5676,9491,41,373,79,3.4
5677,9500,55,481,73,3.1
5678,10482,45,401,73,2.6
5679,12325,64,556,74,3.4
5680,10917,42,387,74,4.6
5681,12198,85,730,76,4.6
5682,9139,25,246,68,2.9
5683,12444,74,640,75,4.3
5684,7304,23,228,67,2.9
5685,10751,60,523,74,2.5
5686,10947,68,589,73,3.8
5687,8933,53,469,73,3.8
5688,12233,66,572,74,3.4
5689,10031,45,406,75,2.5
5690,9639,48,431,80,3.7
5691,11804,71,614,76,3.7
5692,8727,43,389,63,3.1
5693,9810,75,646,78,3.5
5694,12685,76,651,65,3.1
5695,11887,94,799,76,4.8
5696,8935,39,361,81,3.4
5697,10346,26,253,79,2.9
5698,8846,50,451,81,4.6
5699,8909,39,361,71,4.1
5700,9327,59,516,72,3.5
5701,8045,52,462,78,3.6
5702,8458,64,557,72,4.1
5703,8898,58,508,78,3.0
5704,7606,29,273,75,2.7
5705,10642,61,531,72,3.0
5706,13389,84,719,78,4.1
5707,8893,65,568,68,3.8
5708,7490,46,415,70,3.9
5709,7648,44,401,81,3.9
5710,9360,76,653,72,3.8
5711,6533,38,349,75,3.3
5712,7646,57,498,71,2.4
5713,8917,68,588,76,3.6
5714,10367,74,634,67,2.5
5715,9432,67,581,73,3.3
5716,11183,71,610,70,3.0
5717,13357,71,615,78,4.4
5718,14491,87,742,73,4.1
5719,11085,59,512,71,2.2
5720,6679,55,484,68,3.3
5721,8984,37,342,74,3.6
5722,10070,57,500,69,3.1
5723,15351,73,628,69,3.2
5724,14353,56,489,67,2.5
5725,8877,43,386,71,2.9
5726,13415,51,452,73,2.8
5727,8562,44,395,65,2.9
5728,11486,66,573,70,4.1
5729,9921,70,605,68,3.5
5730,11805,60,523,76,3.5
5731,9763,34,313,75,1.3
5732,7003,41,371,80,2.5
5733,8771,64,554,75,3.2
5734,10358,37,338,83,2.1
5735,13051,61,533,72,3.7
5736,10012,55,484,77,3.3
5737,14091,56,494,73,4.0
5738,10702,51,456,76,3.7
5739,9309,71,611,67,3.4
5740,10723,69,596,69,3.2
5741,12142,53,467,80,3.3
5742,9244,63,548,71,3.2
5743,10105,61,530,65,2.5
5744,9745,77,660,69,3.8
5745,15162,82,703,71,4.3
5746,8982,42,381,71,3.5
5747,10497,44,396,77,3.2
5748,10922,66,575,73,4.5
5749,12209,66,573,74,3.4
5750,5800,44,397,67,2.9
5751,9063,44,394,68,2.4
5752,12355,76,650,64,2.4
5753,8995,67,582,79,3.9
5754,11302,66,570,70,2.8
5755,5701,50,443,74,2.8
5756,9699,60,523,81,2.5
5757,10829,64,555,69,3.2
5758,12103,61,536,75,4.2
5759,11155,77,660,70,3.9
5760,7978,41,378,74,4.3
5761,10277,61,532,75,3.2
5762,11851,54,480,73,4.3
5763,9235,64,559,68,4.0
5764,8281,47,422,59,3.8
5765,9203,60,528,76,4.3
5766,9514,40,368,77,3.7
5767,9345,43,389,78,3.1
5768,7406,36,334,85,3.8
5769,10720,64,555,71,3.1
5770,10434,61,530,71,2.4
5771,10277,55,483,65,3.0
5772,6689,34,318,86,3.7
5773,11734,50,450,64,4.5
5774,9675,64,554,71,2.7
5775,8400,38,344,78,2.2
5776,8031,53,468,71,3.3
5777,8819,34,316,68,2.7
5778,10708,61,532,74,3.3
5779,9453,70,604,78,3.2
5780,12161,72,616,79,3.3
5781,7646,48,432,73,4.0
5782,6484,54,476,74,3.6
5783,7900,40,367,82,3.6
5784,9364,46,410,76,3.0
5785,9190,58,506,73,2.7
5786,8368,45,406,73,3.6
5787,9695,47,421,72,3.4
5788,8326,34,316,72,3.0
5789,9469,42,381,69,3.0
5790,10503,70,602,67,2.7
5791,7301,55,481,67,2.3
5792,10371,90,765,74,3.1
5793,10006,71,613,76,3.8
5794,7417,50,442,71,2.6
5795,10570,71,614,70,4.2
5796,8213,37,344,68,3.7
5797,7589,53,471,72,3.7
5798,8370,48,428,75,3.0
5799,8349,77,662,80,3.8
5800,10802,76,652,75,3.8
5801,9894,68,586,71,3.2
5802,12983,60,521,71,2.5
5803,10498,100,845,66,4.3
5804,10037,55,486,76,3.8
5805,11452,57,504,76,4.3
5806,12159,78,669,72,4.1
5807,8846,35,327,73,3.7
5808,13719,63,547,80,3.4
5809,10139,49,435,82,2.8
5810,9817,60,520,69,2.2
5811,11780,69,594,74,2.9
5812,10585,53,466,64,2.6
5813,6000,36,336,71,3.9
5814,15341,45,403,77,2.7
5815,12050,65,561,73,2.7
5816,8868,54,478,76,4.2
5817,12692,83,704,69,3.0
5818,11536,64,555,74,3.4
5819,10046,66,572,67,3.0
5820,8572,48,431,74,3.9
5821,9422,80,688,82,4.5
5822,8164,50,443,72,2.9
5823,9984,58,510,80,3.2
5824,11921,55,485,72,3.5
5825,13249,83,711,73,4.1
5826,10065,63,548,77,3.4
5827,9672,70,606,67,3.8
5828,10188,53,468,80,2.8
5829,8300,52,463,74,3.9
5830,10185,76,650,72,2.8
5831,8324,74,637,69,4.1
5832,8634,65,569,73,4.1
5833,8882,61,533,67,3.0
5834,8934,39,358,72,3.3
5835,8720,48,431,76,3.9
5836,11168,37,338,74,1.6
5837,8210,56,494,76,4.1
5838,8924,51,454,74,3.2
5839,8777,60,526,79,4.1
5840,12444,66,567,73,1.8
5841,8702,42,378,71,2.2
5842,14279,71,611,55,3.0
5843,9226,72,621,73,4.1
5844,9813,72,618,70,3.5
5845,9214,54,477,70,3.0
5846,9028,72,620,78,3.1
5847,8929,65,568,72,4.8
5848,7543,41,375,72,3.1
5849,9082,45,405,85,3.0
5850,7372,34,315,73,2.6
5851,14004,73,627,72,3.1
5852,9076,63,547,73,2.7
5853,7163,38,347,67,2.2
5854,9615,44,396,73,2.8
5855,15259,100,844,69,3.9
5856,9455,61,531,76,2.9
5857,8337,49,437,71,3.0
5858,10747,35,325,79,3.1
5859,8161,59,511,71,2.3
5860,7888,33,306,72,1.6
5861,8703,54,474,69,2.6
5862,10130,68,587,68,2.6
5863,9912,71,612,86,3.9
5864,6322,29,277,81,3.1
5865,9597,69,599,72,4.0
5866,8866,54,475,73,2.5
5867,13347,78,672,72,4.1
5868,11293,49,440,69,3.9
5869,13077,52,460,72,3.6
5870,9145,77,659,71,3.4
5871,9095,73,629,77,3.8
5872,10316,36,333,75,3.2
5873,10276,69,592,66,2.7
5874,10171,53,470,80,4.0
5875,9771,69,600,73,3.8
5876,9522,37,340,74,3.0
5877,8478,48,430,79,3.5
5878,10103,64,560,70,4.3
5879,9782,35,328,73,4.0
5880,12434,52,458,70,2.9
5881,9487,51,454,75,3.7
5882,8738,37,339,66,2.7
5883,7054,43,390,74,3.4
5884,9358,52,458,68,2.6
5885,8006,54,477,74,3.4
5886,12857,77,659,73,3.5
5887,8397,44,397,68,2.9
5888,8450,61,532,68,3.4
5889,9667,41,373,73,3.5
5890,12527,57,497,69,2.0
5891,8231,19,198,78,2.5
5892,7072,42,381,67,3.5
5893,9011,69,600,74,3.9
5894,7632,47,418,67,2.4
5895,9238,42,381,70,2.9
5896,9721,30,284,70,2.7
5897,11306,41,372,70,3.1
5898,11050,57,501,67,3.8
5899,13810,70,603,68,3.0
5900,8314,57,500,73,3.4
5901,9416,70,605,67,3.7
5902,11427,68,592,75,4.3
5903,10445,53,471,76,3.9
5904,10359,66,573,74,3.4
5905,8946,59,516,71,3.3
5906,8686,65,567,75,4.2
5907,11553,54,480,70,3.6
5908,17178,96,810,62,3.0
5909,9542,63,547,73,3.3
5910,9144,51,452,73,3.4
5911,10225,42,380,75,3.2
5912,6481,42,382,72,3.4
5913,12551,60,525,75,3.5
5914,8930,63,548,79,2.9
5915,8762,50,447,74,3.9
5916,9044,53,469,73,3.0
5917,10585,56,489,74,2.2
5918,9032,50,446,76,3.9
5919,9111,74,637,70,3.8
5920,10289,66,575,65,3.7
5921,8067,32,302,85,3.0
5922,8064,48,431,71,3.8
5923,12006,50,444,80,2.6
5924,12960,91,775,79,4.7
5925,9201,70,601,71,2.1
5926,11814,86,733,76,3.8
5927,10277,37,340,73,3.0
5928,9858,43,386,74,2.4
5929,7660,37,339,70,2.9
5930,10988,50,446,80,3.7
5931,11697,53,466,81,2.6
5932,8517,40,362,78,2.2
5933,9292,51,452,72,2.9
5934,7397,51,451,68,3.0
5935,7637,54,477,82,3.1
5936,7687,59,516,67,4.0
5937,12254,72,626,76,4.9
5938,6631,46,413,79,3.2
5939,5252,51,454,79,3.6
5940,7704,57,500,77,2.9
5941,10867,65,570,76,4.8
5942,8528,28,267,73,2.2
5943,10847,80,683,65,3.9
5944,12865,50,446,67,3.9
5945,10676,51,453,74,3.6
5946,9766,28,268,79,3.1
5947,12304,90,769,72,5.0
5948,7668,39,358,78,3.5
5949,10249,59,516,75,3.1
5950,11147,42,383,77,3.6
5951,8204,52,464,78,3.9
5952,6733,56,492,84,3.3
5953,11870,55,491,77,5.0
5954,11157,63,551,75,4.0
5955,13077,75,647,73,3.9
5956,11072,48,427,66,3.3
5957,9585,65,564,64,2.9
5958,10685,50,444,74,3.4
5959,7706,49,437,76,3.4
5960,10668,59,513,67,2.6
5961,9504,69,599,75,4.4
5962,8718,54,475,75,3.3
5963,11634,38,348,70,2.7
5964,6284,42,381,71,2.6
5965,6384,43,389,62,3.5
5966,7300,50,444,78,2.7
5967,10586,53,468,78,2.9
5968,9472,37,339,75,2.8
5969,10319,40,364,68,2.8
5970,9127,50,444,77,2.8
5971,7713,66,571,73,2.9
5972,7268,44,394,69,2.9
5973,9501,54,476,76,2.9
5974,8077,51,454,76,3.6
5975,10109,69,597,69,3.8
5976,7187,40,368,73,3.9
5977,8232,59,521,75,4.0
5978,9846,69,594,72,2.9
5979,12098,75,642,74,2.4
5980,7985,61,536,72,4.1
5981,10769,84,716,69,3.5
5982,10092,57,501,72,3.1
5983,9720,50,445,78,4.0
5984,9981,40,364,77,2.7
5985,8524,54,475,71,3.1
5986,8923,51,452,69,3.4
5987,12463,78,670,71,3.8
5988,11811,63,550,68,3.8
5989,7837,35,322,67,2.3
5990,12147,66,573,78,3.4
5991,10503,38,345,80,2.0
5992,6746,41,373,66,3.3
5993,10394,51,452,75,3.1
5994,8734,67,578,59,3.0
5995,8490,66,567,68,1.6
5996,9942,57,500,69,3.2
5997,8683,29,278,77,2.9
5998,10999,49,435,74,2.4
5999,9431,55,482,75,2.7
6000,7588,36,337,72,4.4
