User_ID,Screen_Time_hr,Working_Hours,Study_Hours,Break_Time_min,Social_Media_Usage_hr
1001,3.3,2,2,31,1.3
1002,2.8,1,6,34,0.3
1003,4.5,8,1,82,1.8
1004,8.3,8,0,88,2.5
1005,6.8,10,2,97,3.2
1006,8.2,7,0,70,3.7
1007,3.3,8,2,80,2.5
1008,10.4,9,1,84,4.9
1009,9.0,1,7,80,4.2
1010,8.6,7,2,77,3.3
1011,4.1,8,2,106,1.2
1012,7.7,8,2,90,2.8
1013,4.9,7,2,57,2.1
1014,11.4,10,0,93,5.9
1015,6.9,7,0,52,2.4
1016,5.4,0,4,42,2.2
1017,11.5,8,1,91,5.5
1018,4.5,0,5,38,3.5
1019,7.2,6,0,71,4.0
1020,4.1,1,2,37,2.1
1021,3.4,0,4,27,1.4
1022,3.0,7,0,61,1.4
1023,2.6,9,0,85,1.2
1024,9.2,0,4,33,3.7
1025,6.2,7,0,52,3.4
1026,11.3,7,0,45,5.3
1027,8.5,0,4,35,3.8
1028,10.2,7,0,68,4.3
1029,5.2,9,0,76,1.2
1030,4.5,7,0,64,1.9
1031,6.7,8,0,66,2.9
1032,10.4,8,0,60,4.4
1033,7.1,7,0,68,1.1
1034,7.7,0,6,63,3.4
1035,5.9,0,2,18,2.0
1036,8.1,7,3,91,2.9
1037,7.3,0,0,10,3.7
1038,6.9,7,1,62,2.3
1039,7.7,2,3,64,4.5
1040,6.5,0,6,57,2.8
1041,10.0,7,1,78,4.8
1042,3.1,8,0,73,2.7
1043,5.9,1,5,48,2.6
1044,9.7,7,2,79,4.6
1045,6.0,9,0,93,2.7
1046,7.0,7,0,61,3.9
1047,6.2,7,1,59,3.2
1048,5.8,7,2,77,1.7
1049,7.7,7,0,73,2.0
1050,4.1,8,0,79,1.8
1051,6.6,8,3,85,3.8
1052,9.7,7,0,75,3.7
1053,2.6,7,1,81,1.2
1054,8.2,0,0,19,2.8
1055,11.8,6,0,42,4.3
1056,6.3,9,0,59,2.0
1057,7.6,9,2,117,4.2
1058,3.8,1,5,53,0.1
1059,9.2,0,4,31,3.6
1060,6.5,8,1,72,1.8
1061,9.8,7,1,72,3.4
1062,3.7,7,0,46,2.4
1063,3.2,7,0,68,1.6
1064,5.2,6,0,59,2.6
1065,4.2,6,0,57,1.9
1066,10.3,0,8,79,4.6
1067,9.7,7,1,66,4.3
1068,11.7,7,0,69,5.2
1069,3.1,2,4,40,1.4
1070,5.2,8,0,67,2.6
1071,11.7,9,1,89,5.0
1072,3.5,1,4,39,2.0
1073,7.2,1,5,59,4.1
1074,8.7,0,2,10,4.0
1075,4.7,8,0,61,3.1
1076,9.9,0,5,32,3.3
1077,10.6,0,3,41,5.4
1078,6.3,8,0,61,3.1
1079,9.2,7,0,63,3.7
1080,7.5,7,0,56,3.1
1081,9.0,2,5,77,4.5
1082,6.8,9,1,95,2.6
1083,2.8,9,0,81,2.4
1084,5.6,8,0,89,1.8
1085,5.3,8,0,68,1.5
1086,11.3,8,2,76,6.0
1087,6.7,7,0,73,3.6
1088,11.1,9,0,63,6.0
1089,2.6,8,1,78,0.1
1090,8.5,6,1,66,3.5
1091,6.8,7,1,74,2.5
1092,2.9,7,0,75,1.3
1093,6.9,0,5,66,3.1
1094,6.1,6,0,48,4.0
1095,4.5,1,5,59,1.6
1096,3.2,8,0,75,1.9
1097,10.0,1,6,69,5.0
1098,8.3,9,2,97,3.6
1099,8.1,7,2,70,4.3
1100,11.1,7,1,65,5.0
1101,2.6,8,1,62,1.7
1102,7.6,8,1,68,3.3
1103,11.6,6,0,44,4.2
1104,6.8,7,0,60,3.0
1105,7.0,1,2,45,4.6
1106,3.2,7,2,74,1.5
1107,9.2,7,0,77,4.2
1108,9.7,2,3,29,5.7
1109,3.8,10,0,80,0.6
1110,8.6,7,0,62,3.9
1111,6.0,7,0,76,1.7
1112,7.9,10,0,94,3.0
1113,8.9,8,0,81,4.0
1114,3.5,1,5,57,2.5
1115,5.4,0,3,33,2.1
1116,10.5,8,0,87,5.0
1117,4.1,0,5,46,1.6
1118,8.7,0,4,40,4.4
1119,10.4,10,0,78,5.3
1120,8.4,9,2,100,4.9
1121,10.0,6,0,52,4.9
1122,7.1,8,0,75,3.6
1123,10.9,7,0,61,5.0
1124,8.9,7,1,79,5.6
1125,5.7,7,1,66,2.8
1126,7.4,6,0,53,3.3
1127,8.6,9,0,83,4.8
1128,10.0,8,3,100,5.2
1129,4.1,0,4,46,1.2
1130,11.9,10,2,103,6.0
1131,3.9,9,0,80,1.1
1132,7.7,7,3,83,4.0
1133,2.7,11,0,108,0.4
1134,6.7,7,1,67,3.1
1135,2.5,0,5,53,1.8
1136,3.2,1,4,52,1.5
1137,7.7,8,0,54,2.9
1138,6.8,8,0,67,1.6
1139,3.1,2,2,55,1.3
1140,11.3,7,0,67,5.6
1141,5.8,2,3,67,3.3
1142,9.6,0,1,14,5.3
1143,11.6,1,4,50,5.2
1144,11.1,5,1,62,5.4
1145,9.0,6,1,57,3.6
1146,2.7,9,0,74,0.6
1147,8.6,7,0,51,2.9
1148,3.3,9,0,74,1.8
1149,6.6,7,0,65,3.3
1150,11.2,7,1,89,4.9
1151,3.6,8,0,76,2.6
1152,9.2,8,0,56,3.8
1153,5.2,6,1,65,3.9
1154,4.0,7,0,55,1.2
1155,4.8,1,4,35,2.0
1156,6.4,8,0,82,2.6
1157,10.2,0,4,39,5.0
1158,7.4,1,4,42,3.3
1159,5.8,1,6,76,1.8
1160,4.2,0,6,45,0.6
1161,4.9,1,5,49,2.7
1162,11.5,7,0,80,4.2
1163,4.6,0,6,64,1.6
1164,5.6,7,1,74,3.0
1165,7.1,0,3,45,3.5
1166,6.8,7,0,61,2.2
1167,5.4,8,0,57,2.0
1168,2.7,10,0,85,2.1
1169,10.3,8,0,58,4.5
1170,3.2,7,0,67,2.2
1171,10.0,6,0,75,3.0
1172,5.4,2,3,47,2.2
1173,11.2,0,3,33,4.5
1174,7.2,8,1,83,2.7
1175,2.6,7,0,72,0.7
1176,7.4,8,0,87,4.5
1177,11.1,7,2,85,5.0
1178,2.9,8,2,108,0.0
1179,6.9,8,0,67,3.1
1180,9.1,8,2,85,3.7
1181,3.1,0,4,37,1.8
1182,4.7,7,0,69,2.2
1183,2.8,10,0,107,1.0
1184,7.8,2,5,58,4.8
1185,10.2,2,3,51,4.8
1186,5.9,6,1,57,2.7
1187,3.6,0,0,10,1.9
1188,7.5,0,5,48,2.7
1189,10.7,8,2,88,4.3
1190,8.1,0,5,36,4.7
1191,4.6,7,0,71,1.4
1192,4.6,7,1,69,1.3
1193,5.7,0,0,20,1.7
1194,3.3,8,0,87,1.1
1195,7.6,7,1,71,4.4
1196,11.7,7,0,80,4.8
1197,10.1,1,7,74,5.6
1198,7.7,6,2,70,3.9
1199,11.2,7,0,56,4.2
1200,8.0,0,1,10,2.8
1201,10.1,7,0,65,3.9
1202,4.3,1,7,71,3.1
1203,4.3,1,5,43,2.5
1204,10.7,0,7,49,3.8
1205,4.7,9,1,76,1.9
1206,7.8,9,1,86,3.9
1207,4.5,9,0,63,1.5
1208,8.3,8,3,87,4.9
1209,6.8,8,0,69,3.2
1210,10.3,9,0,60,5.3
1211,9.8,0,6,58,5.3
1212,4.7,9,0,82,1.8
1213,7.4,0,6,50,4.8
1214,11.8,0,4,30,5.5
1215,7.5,7,1,72,3.6
1216,6.7,7,1,70,3.1
1217,2.9,8,0,69,1.3
1218,8.0,8,0,85,3.1
1219,11.5,10,3,101,5.8
1220,11.1,6,0,50,5.1
1221,9.3,6,0,50,4.0
1222,5.7,9,0,68,2.3
1223,9.5,8,0,57,4.3
1224,7.8,0,6,56,4.0
1225,7.8,7,2,79,4.0
1226,10.3,8,0,71,6.0
1227,4.8,8,1,55,2.1
1228,8.0,8,1,82,3.2
1229,8.2,9,1,96,3.8
1230,11.3,2,7,89,5.7
1231,2.7,9,0,69,1.7
1232,7.0,0,3,29,3.4
1233,5.0,0,9,68,2.5
1234,10.5,7,0,44,4.0
1235,5.4,5,2,65,2.8
1236,5.2,2,4,66,1.9
1237,8.9,9,0,91,3.9
1238,5.2,7,0,68,2.4
1239,6.3,8,0,78,2.7
1240,2.8,8,2,99,1.7
1241,5.9,0,5,51,2.4
1242,9.2,0,6,54,3.8
1243,7.7,8,0,61,3.4
1244,3.9,8,2,81,2.4
1245,10.3,7,1,79,4.3
1246,5.7,8,1,81,3.9
1247,10.8,6,0,69,5.1
1248,10.5,8,0,65,4.2
1249,3.9,0,6,38,1.8
1250,11.1,0,4,46,5.1
1251,3.2,0,6,67,0.9
1252,6.4,8,0,81,2.3
1253,4.1,0,7,78,2.7
1254,3.6,7,0,71,1.8
1255,3.6,8,0,60,1.3
1256,2.5,7,2,71,0.0
1257,10.0,9,2,75,4.6
1258,5.0,8,3,101,1.5
1259,2.6,8,0,58,0.5
1260,4.6,8,2,79,2.3
1261,3.0,8,0,57,0.5
1262,2.9,0,1,10,0.6
1263,10.0,8,0,70,4.6
1264,2.6,10,0,90,1.9
1265,10.7,10,1,89,4.3
1266,4.4,8,1,78,3.1
1267,11.5,6,0,60,4.1
1268,9.7,7,0,69,3.7
1269,4.8,8,3,108,0.8
1270,5.3,0,0,11,1.8
1271,5.1,8,0,68,1.4
1272,4.6,8,1,65,1.1
1273,4.8,8,0,75,1.8
1274,8.2,0,1,10,3.3
1275,8.7,1,6,80,3.4
1276,4.5,7,0,81,2.4
1277,10.6,9,1,71,4.3
1278,9.8,0,7,59,5.2
1279,7.1,9,2,91,3.5
1280,3.9,8,0,63,1.4
1281,6.3,8,2,92,1.9
1282,6.2,9,0,58,2.7
1283,11.1,7,0,54,6.0
1284,10.7,9,0,58,5.9
1285,2.8,5,1,71,0.3
1286,2.6,0,6,63,1.7
1287,9.8,0,1,14,3.7
1288,3.6,8,1,65,1.1
1289,4.4,9,0,90,2.9
1290,11.5,8,0,67,4.7
1291,5.9,8,0,75,2.3
1292,10.5,6,1,62,5.0
1293,4.1,8,2,86,1.6
1294,9.0,7,2,75,4.2
1295,8.5,9,0,88,3.4
1296,9.5,9,2,97,5.0
1297,5.3,0,8,68,1.9
1298,3.8,7,2,58,3.0
1299,3.2,2,7,82,1.5
1300,9.0,0,6,61,4.1
1301,8.8,9,3,111,3.9
1302,2.7,8,0,68,1.9
1303,8.2,8,0,98,3.2
1304,3.9,8,0,54,1.4
1305,2.9,10,0,67,2.0
1306,7.4,8,2,97,2.9
1307,4.6,6,0,65,2.2
1308,7.6,8,0,58,3.5
1309,9.3,0,2,25,3.9
1310,11.3,7,3,73,4.8
1311,5.7,9,0,67,3.7
1312,6.5,0,3,17,3.4
1313,4.1,2,8,71,2.8
1314,9.4,1,4,46,3.2
1315,10.3,2,5,80,5.2
1316,9.2,7,1,69,4.8
1317,6.7,1,6,68,3.3
1318,7.8,0,9,73,2.5
1319,4.6,0,4,56,3.6
1320,9.5,0,6,51,5.0
1321,8.8,0,4,31,5.4
1322,11.3,7,1,87,4.0
1323,7.9,8,2,81,4.3
1324,9.6,2,5,66,4.1
1325,7.3,8,3,110,3.0
1326,10.4,8,2,71,4.5
1327,8.1,0,6,56,4.1
1328,6.9,9,0,88,2.4
1329,3.9,8,2,82,1.0
1330,10.1,7,0,53,3.9
1331,10.2,8,1,88,4.4
1332,5.5,0,3,38,2.4
1333,6.7,0,2,20,2.9
1334,6.4,7,1,81,3.2
1335,5.7,7,0,46,3.5
1336,7.2,1,7,69,3.8
1337,7.3,7,0,58,3.9
1338,3.2,8,0,60,1.2
1339,5.0,9,0,87,2.1
1340,3.0,0,6,72,1.4
1341,9.4,7,2,82,3.9
1342,9.3,0,0,13,4.6
1343,5.3,8,0,72,2.5
1344,8.0,7,0,57,3.5
1345,6.6,9,0,62,3.5
1346,4.0,8,0,63,2.4
1347,8.9,8,0,62,2.9
1348,9.9,7,0,49,3.7
1349,5.7,6,2,81,3.3
1350,7.4,2,6,65,3.7
1351,4.2,8,0,77,2.8
1352,3.1,9,1,85,1.8
1353,5.0,9,0,66,3.3
1354,10.3,8,2,103,5.2
1355,9.8,7,0,70,5.0
1356,4.7,11,0,93,2.5
1357,3.1,0,6,64,2.1
1358,10.4,9,0,92,4.2
1359,8.4,0,7,55,4.2
1360,3.3,7,2,65,1.5
1361,9.3,8,0,71,4.3
1362,7.4,7,0,56,2.8
1363,3.8,6,3,91,2.2
1364,2.7,1,4,55,1.4
1365,10.5,0,7,58,4.5
1366,5.2,5,1,63,2.5
1367,7.7,5,0,30,4.5
1368,3.9,2,3,51,2.4
1369,8.9,6,0,58,4.4
1370,3.0,7,2,64,0.6
1371,10.4,7,1,60,3.9
1372,7.9,10,0,88,3.2
1373,3.4,8,0,61,0.5
1374,7.8,7,2,78,3.4
1375,6.5,7,2,82,3.2
1376,5.1,0,5,61,1.4
1377,8.9,7,0,78,3.8
1378,10.2,8,0,77,4.3
1379,3.6,7,0,56,0.0
1380,5.1,6,0,49,1.3
1381,4.0,0,5,55,0.3
1382,6.8,1,5,38,3.6
1383,2.5,8,3,92,0.9
1384,9.1,7,3,98,3.7
1385,2.9,9,2,76,1.6
1386,4.3,7,1,76,2.8
1387,10.6,7,0,58,5.9
1388,10.3,8,0,66,3.8
1389,8.4,9,0,64,4.1
1390,9.3,8,0,71,5.2
1391,7.8,8,0,57,4.7
1392,6.2,7,0,57,2.7
1393,4.8,0,4,33,1.8
1394,11.1,8,3,85,4.3
1395,11.0,0,5,38,4.8
1396,11.0,8,1,61,5.4
1397,11.2,2,6,62,4.3
1398,9.8,6,3,63,3.8
1399,11.0,9,0,68,5.0
1400,10.8,7,3,88,4.6
1401,5.0,1,5,46,1.5
1402,10.5,1,9,81,5.7
1403,7.8,7,1,77,2.3
1404,7.4,2,5,67,2.7
1405,3.7,8,1,71,1.0
1406,10.6,7,0,63,4.0
1407,5.5,6,2,49,3.8
1408,4.5,9,0,63,3.3
1409,10.4,8,0,75,4.2
1410,2.8,0,4,46,1.5
1411,4.4,0,4,35,2.0
1412,7.2,0,4,43,3.6
1413,10.9,2,4,54,5.9
1414,6.6,2,6,62,2.4
1415,4.1,7,0,71,1.6
1416,7.1,9,0,89,5.1
1417,8.5,5,3,66,3.0
1418,10.8,5,0,50,4.6
1419,10.2,9,2,81,3.7
1420,9.9,9,1,61,5.8
1421,7.2,0,2,30,2.8
1422,11.1,7,1,55,5.8
1423,10.8,2,2,47,3.9
1424,9.7,0,7,54,4.2
1425,10.0,9,0,77,4.9
1426,11.1,8,0,62,3.4
1427,5.8,7,1,65,1.7
1428,11.6,0,2,12,4.2
1429,3.8,8,0,69,1.6
1430,10.8,8,1,87,5.5
1431,4.7,8,2,76,2.0
1432,7.8,7,0,52,1.3
1433,8.0,8,1,91,2.4
1434,11.4,2,4,63,6.0
1435,5.1,10,0,85,2.7
1436,6.5,6,0,49,2.6
1437,3.9,6,0,36,2.4
1438,7.7,7,0,49,3.9
1439,6.2,7,1,86,2.2
1440,6.7,7,2,70,4.3
1441,3.2,9,3,90,0.0
1442,10.4,8,1,86,5.1
1443,5.9,8,0,52,3.1
1444,8.5,1,6,61,3.9
1445,8.5,1,6,78,3.1
1446,8.5,8,1,73,3.8
1447,4.7,7,1,70,2.0
1448,3.5,9,0,71,1.6
1449,3.2,9,0,65,0.7
1450,7.9,4,5,72,3.3
1451,3.4,0,6,58,1.9
1452,6.3,8,2,91,2.2
1453,10.8,0,5,56,3.7
1454,3.2,8,0,81,0.7
1455,8.7,0,5,31,3.1
1456,6.6,8,2,95,2.9
1457,10.7,8,0,79,5.3
1458,9.6,7,2,66,4.3
1459,3.6,9,1,87,2.4
1460,5.3,1,4,47,2.2
1461,8.6,7,0,64,4.3
1462,4.1,8,0,61,1.5
1463,10.1,8,0,69,4.5
1464,4.8,7,2,73,2.2
1465,10.4,0,6,72,4.8
1466,5.0,8,0,59,3.2
1467,4.6,11,0,81,1.6
1468,11.4,8,2,83,5.4
1469,8.5,0,5,43,3.0
1470,7.6,8,1,66,2.8
1471,3.0,8,0,76,0.8
1472,5.2,1,1,20,1.5
1473,3.7,7,2,73,1.3
1474,4.0,8,2,65,1.6
1475,5.0,8,2,93,2.2
1476,3.8,10,1,92,2.6
1477,11.0,7,0,78,6.0
1478,3.3,8,0,77,0.7
1479,10.7,7,1,68,4.1
1480,7.1,2,4,54,2.8
1481,4.0,8,2,80,2.5
1482,7.5,0,4,36,3.3
1483,10.7,9,1,106,4.6
1484,11.0,9,0,60,5.4
1485,5.9,8,0,66,4.5
1486,8.9,9,0,65,2.9
1487,3.1,8,0,52,0.9
1488,7.2,7,0,64,2.9
1489,4.7,1,5,53,0.4
1490,5.3,0,1,17,1.9
1491,6.9,7,0,79,2.2
1492,11.2,8,0,57,5.7
1493,10.3,6,1,89,3.8
1494,6.1,7,0,53,2.4
1495,7.0,0,6,43,4.1
1496,10.8,9,0,74,5.0
1497,3.3,7,1,76,1.0
1498,9.9,1,4,44,3.3
1499,4.1,0,5,44,1.5
1500,5.1,7,0,70,2.4
1501,4.6,9,0,91,2.0
1502,7.7,0,3,43,3.6
1503,4.7,7,1,95,2.4
1504,6.8,7,0,68,2.5
1505,2.7,9,0,91,0.9
1506,5.5,8,1,68,1.9
1507,9.3,6,2,66,4.6
1508,6.6,1,3,44,2.1
1509,10.3,2,4,49,3.7
1510,6.9,6,2,75,3.9
1511,10.8,7,0,56,5.4
1512,6.2,7,2,88,3.3
1513,5.9,7,1,74,2.4
1514,4.9,8,0,63,2.3
1515,6.9,10,0,109,2.9
1516,10.4,0,7,46,4.0
1517,9.3,1,3,36,2.9
1518,4.1,6,2,80,1.4
1519,11.3,0,8,63,3.8
1520,6.7,0,8,55,3.4
1521,4.6,8,0,57,1.8
1522,11.4,8,0,76,5.1
1523,6.7,8,2,88,4.0
1524,4.2,1,6,65,1.2
1525,10.3,0,4,42,5.9
1526,7.3,7,0,70,3.3
1527,4.4,7,1,52,2.1
1528,9.0,7,0,83,4.1
1529,11.8,8,0,59,4.9
1530,3.3,7,0,59,1.3
1531,6.6,8,0,79,2.7
1532,7.4,1,4,44,2.9
1533,8.8,8,2,85,5.0
1534,4.7,7,1,55,2.4
1535,4.3,9,0,65,2.7
1536,9.5,0,0,10,3.9
1537,8.9,2,2,42,4.6
1538,4.8,8,0,73,3.4
1539,3.0,9,0,80,1.9
1540,10.1,0,4,40,4.4
1541,9.0,1,3,46,4.8
1542,10.9,9,0,91,5.2
1543,3.1,8,2,57,3.2
1544,7.1,1,8,92,3.2
1545,4.0,8,0,69,2.6
1546,8.9,1,1,37,3.4
1547,4.9,7,1,55,2.4
1548,5.0,11,1,96,2.6
1549,9.3,2,5,60,5.1
1550,10.3,9,0,78,4.6
1551,11.2,0,6,57,3.0
1552,3.2,8,0,53,1.4
1553,10.2,0,5,49,3.8
1554,11.7,8,0,50,5.8
1555,3.0,0,5,53,0.9
1556,11.2,4,0,36,5.0
1557,11.6,7,1,68,5.7
1558,4.3,0,1,14,1.2
1559,5.4,8,2,61,2.9
1560,5.3,0,7,48,2.3
1561,11.5,8,0,82,5.2
1562,2.7,0,6,65,1.3
1563,7.8,8,0,82,2.4
1564,8.0,8,0,84,4.4
1565,8.7,9,1,65,4.2
1566,4.6,9,0,59,1.9
1567,7.0,7,2,85,2.5
1568,6.4,10,0,86,3.4
1569,6.4,6,0,67,3.5
1570,5.7,7,0,58,1.9
1571,11.5,0,7,46,5.1
1572,8.7,8,3,111,2.2
1573,9.7,7,0,59,4.8
1574,5.6,7,2,74,3.2
1575,2.5,8,0,77,1.4
1576,11.5,0,6,52,4.0
1577,10.8,9,1,90,4.2
1578,6.8,4,3,56,2.3
1579,6.2,2,5,69,2.3
1580,6.7,2,5,57,4.0
1581,5.1,6,0,73,3.7
1582,8.3,0,5,59,3.6
1583,11.7,0,1,23,4.2
1584,3.1,6,0,62,0.0
1585,10.0,1,5,64,4.1
1586,3.1,0,3,26,0.0
1587,10.7,1,4,41,5.1
1588,3.9,9,2,86,2.7
1589,7.2,10,0,75,4.0
1590,7.3,1,7,74,4.0
1591,8.5,0,0,10,5.3
1592,8.2,6,0,76,4.0
1593,9.2,8,1,73,4.0
1594,10.6,9,0,84,5.0
1595,2.8,8,0,70,0.0
1596,9.5,7,0,65,3.5
1597,3.0,2,4,56,1.0
1598,10.0,1,7,73,5.1
1599,10.0,9,1,77,3.7
1600,4.3,1,6,52,1.6
1601,4.5,8,2,82,2.4
1602,3.2,10,0,73,1.8
1603,4.8,7,0,51,1.7
1604,7.2,9,2,84,3.0
1605,6.2,8,0,75,2.3
1606,4.6,0,4,36,3.8
1607,8.4,8,0,72,4.3
1608,7.5,7,2,90,2.9
1609,3.7,7,0,49,1.9
1610,5.5,0,3,51,2.3
1611,11.4,7,2,90,4.3
1612,8.9,10,2,105,4.9
1613,11.5,8,0,85,4.8
1614,6.8,7,1,69,2.7
1615,2.7,9,0,62,0.8
1616,10.0,8,2,97,3.1
1617,3.4,6,0,45,1.4
1618,11.5,0,4,46,5.8
1619,5.4,6,3,65,2.3
1620,8.8,8,0,75,4.2
1621,10.5,0,4,24,5.1
1622,6.9,9,0,65,3.9
1623,6.6,1,6,62,2.8
1624,4.3,2,5,64,1.8
1625,9.4,1,8,55,4.0
1626,5.7,0,4,51,2.7
1627,8.5,8,0,80,3.2
1628,4.8,8,0,79,2.8
1629,9.5,9,0,75,4.1
1630,9.1,8,0,77,5.1
1631,2.6,1,4,48,1.5
1632,3.5,2,7,64,1.3
1633,3.3,0,1,19,1.5
1634,2.8,7,1,49,1.7
1635,3.1,5,0,37,2.6
1636,5.6,1,1,17,1.8
1637,9.8,8,2,86,5.3
1638,7.6,4,8,117,4.0
1639,3.5,7,3,63,2.0
1640,3.0,7,3,99,1.8
1641,3.5,6,0,61,1.0
1642,6.0,8,0,76,3.4
1643,5.4,0,0,10,3.2
1644,9.2,0,7,61,5.3
1645,8.4,8,1,75,3.9
1646,10.8,8,0,85,5.1
1647,11.5,7,1,82,5.7
1648,2.5,9,0,82,1.2
1649,4.7,10,0,81,1.8
1650,3.2,6,2,59,2.0
1651,5.4,2,5,52,2.4
1652,8.2,8,0,83,4.2
1653,5.0,0,4,54,1.7
1654,4.3,0,5,40,1.6
1655,6.2,8,0,76,3.5
1656,2.7,8,1,92,2.2
1657,11.7,1,6,45,6.0
1658,11.7,8,1,64,5.5
1659,3.8,8,1,73,2.1
1660,4.3,1,8,75,2.5
1661,7.9,7,2,80,2.1
1662,5.4,8,1,68,2.1
1663,2.6,7,0,71,2.2
1664,3.0,9,0,64,1.9
1665,8.9,8,0,80,2.8
1666,4.5,10,0,92,2.0
1667,7.6,8,2,76,3.0
1668,5.1,8,0,59,2.6
1669,7.5,0,3,37,3.7
1670,12.0,8,0,55,4.5
1671,9.1,9,0,72,5.6
1672,5.8,0,5,29,1.9
1673,11.7,0,4,30,5.6
1674,2.8,7,0,71,1.7
1675,4.1,2,3,64,2.6
1676,7.2,7,2,72,3.4
1677,5.3,8,0,66,2.6
1678,9.3,10,0,85,2.8
1679,2.8,6,2,60,0.7
1680,5.1,9,0,82,3.7
1681,10.6,8,2,75,4.0
1682,6.3,9,2,97,2.4
1683,4.4,1,6,64,0.8
1684,7.4,8,1,91,3.5
1685,6.0,0,8,64,2.4
1686,5.2,6,0,51,2.0
1687,10.6,8,1,79,4.2
1688,10.6,9,0,70,5.2
1689,6.5,8,1,67,3.6
1690,8.2,0,7,47,3.7
1691,9.3,2,4,45,3.2
1692,9.2,2,5,57,4.3
1693,5.7,7,0,64,3.8
1694,8.8,0,3,30,3.5
1695,11.2,1,7,86,6.0
1696,3.0,8,0,79,1.5
1697,3.2,7,0,67,1.2
1698,10.6,7,0,74,4.3
1699,8.2,9,3,113,4.1
1700,2.8,6,1,62,0.8
1701,9.8,0,6,70,4.2
1702,3.5,7,1,79,1.2
1703,10.5,7,1,54,4.5
1704,7.1,8,0,49,2.6
1705,5.3,8,0,52,2.7
1706,8.4,1,6,58,3.8
1707,4.2,9,0,67,1.1
1708,7.6,8,0,91,2.8
1709,7.2,8,0,71,2.3
1710,4.8,6,0,53,3.0
1711,8.8,7,0,49,4.1
1712,5.8,7,0,63,2.6
1713,10.6,9,0,70,4.5
1714,3.3,8,0,70,1.3
1715,9.8,5,0,33,4.6
1716,6.7,0,2,32,3.5
1717,5.5,4,2,58,3.4
1718,11.4,0,5,41,5.8
1719,4.4,7,0,64,2.4
1720,6.5,7,1,71,1.2
1721,6.9,8,1,89,3.3
1722,5.3,7,0,64,3.5
1723,3.3,0,3,36,1.9
1724,11.1,1,5,70,5.1
1725,11.0,0,5,34,3.8
1726,8.5,7,3,91,3.3
1727,5.6,0,5,42,1.2
1728,8.5,1,11,96,3.4
1729,11.7,8,0,81,4.8
1730,10.9,6,0,67,4.9
1731,4.1,4,4,61,1.8
1732,10.3,7,3,60,4.7
1733,10.1,8,3,86,4.7
1734,11.2,8,3,97,5.9
1735,3.0,8,2,85,3.3
1736,9.8,1,5,56,4.8
1737,7.7,8,1,69,4.3
1738,7.6,9,0,77,3.5
1739,5.8,1,4,44,2.6
1740,10.0,7,2,98,4.5
1741,6.5,7,0,70,3.2
1742,5.9,6,0,56,2.7
1743,11.6,1,5,53,5.8
1744,6.9,9,0,69,3.4
1745,10.0,0,7,54,5.0
1746,3.8,8,2,89,0.9
1747,9.5,1,7,71,3.8
1748,8.9,0,7,69,4.2
1749,7.4,8,1,68,2.3
1750,3.8,8,0,73,0.6
1751,3.6,8,0,76,1.9
1752,8.9,8,1,72,5.1
1753,10.6,2,6,78,4.4
1754,7.9,7,0,53,2.9
1755,6.9,8,0,60,3.0
1756,7.4,0,3,39,3.1
1757,4.0,8,0,66,0.3
1758,3.0,1,5,69,0.8
1759,10.4,0,4,37,4.0
1760,10.5,6,1,81,5.7
1761,9.7,6,2,66,4.3
1762,9.8,9,3,105,3.3
1763,4.5,7,2,81,1.6
1764,3.5,0,5,47,1.2
1765,4.0,7,0,64,1.3
1766,8.6,2,6,59,3.6
1767,6.3,7,1,80,3.8
1768,2.6,7,2,58,1.2
1769,11.5,7,1,59,5.1
1770,4.7,9,0,78,2.5
1771,2.5,7,1,50,1.0
1772,6.1,7,1,80,2.3
1773,4.5,0,3,26,1.8
1774,6.0,8,0,66,2.3
1775,11.4,0,6,67,6.0
1776,8.4,8,0,79,4.0
1777,8.6,1,4,52,5.5
1778,10.9,9,2,97,4.7
1779,3.6,0,5,66,1.8
1780,3.5,0,7,80,2.2
1781,10.6,6,1,41,4.3
1782,4.0,0,7,68,1.8
1783,9.5,8,1,80,4.7
1784,4.5,2,7,65,3.4
1785,7.0,8,1,70,3.2
1786,6.2,10,3,120,3.7
1787,3.5,8,1,76,1.0
1788,8.9,2,6,73,3.6
1789,10.6,10,1,94,4.4
1790,3.4,9,0,73,2.9
1791,5.9,9,2,99,3.4
1792,2.8,10,1,114,1.6
1793,4.7,7,0,63,2.9
1794,5.0,0,7,64,1.2
1795,10.3,1,4,52,4.4
1796,9.6,0,4,35,4.5
1797,10.4,0,7,63,4.0
1798,3.3,0,5,50,0.1
1799,3.8,6,0,47,0.9
1800,5.4,8,0,68,2.7
1801,9.6,7,2,85,4.8
1802,2.7,1,6,46,1.2
1803,3.9,7,0,67,1.0
1804,7.2,5,3,44,2.8
1805,2.7,7,0,56,1.3
1806,3.5,2,4,73,1.5
1807,5.5,0,2,35,4.8
1808,4.8,0,5,45,2.5
1809,5.9,8,1,66,2.4
1810,9.7,8,0,77,4.6
1811,4.6,0,5,32,3.5
1812,8.4,0,7,63,3.4
1813,10.9,9,0,81,5.2
1814,5.4,7,0,58,2.9
1815,3.0,5,1,49,1.3
1816,8.5,7,0,61,3.8
1817,9.3,9,0,77,2.8
1818,7.0,2,7,56,3.8
1819,6.6,6,0,87,2.9
1820,9.6,8,3,98,4.4
1821,6.5,6,2,83,2.4
1822,2.5,2,3,48,2.3
1823,11.0,7,0,84,3.8
1824,4.9,8,0,73,1.2
1825,8.3,8,0,74,3.8
1826,7.8,2,5,84,3.6
1827,7.4,9,0,76,2.5
1828,4.8,8,0,63,2.7
1829,9.5,8,0,84,3.8
1830,4.8,7,0,67,2.3
1831,11.4,0,2,38,5.3
1832,7.8,0,3,17,3.9
1833,9.8,7,0,52,4.7
1834,9.6,10,0,83,4.0
1835,11.7,0,1,27,5.2
1836,7.6,9,1,72,3.4
1837,3.0,7,0,72,1.8
1838,3.3,9,0,68,0.6
1839,5.9,10,1,106,2.9
1840,5.9,9,0,80,2.7
1841,4.6,1,4,55,3.0
1842,11.3,8,0,74,4.7
1843,7.0,9,0,83,4.3
1844,11.1,8,0,52,4.9
1845,3.0,6,0,70,0.0
1846,5.8,1,6,57,2.8
1847,5.9,7,0,69,2.4
1848,2.9,6,0,57,1.2
1849,8.7,7,3,81,4.2
1850,3.8,0,4,46,2.4
1851,5.8,1,1,12,4.6
1852,11.8,9,0,69,4.5
1853,11.3,7,1,62,5.9
1854,5.0,8,0,70,2.5
1855,5.5,0,6,61,1.5
1856,7.6,8,0,68,4.0
1857,5.2,2,5,55,3.5
1858,9.4,0,5,59,3.8
1859,7.9,8,1,95,3.2
1860,7.0,9,0,73,4.5
1861,11.6,2,4,48,5.2
1862,4.6,0,4,39,2.0
1863,10.7,4,4,74,3.5
1864,9.4,4,0,33,3.8
1865,4.4,8,0,74,1.5
1866,4.3,6,0,66,3.0
1867,8.0,8,0,69,2.7
1868,3.3,8,0,53,1.6
1869,7.1,1,7,73,3.1
1870,5.7,0,4,30,1.8
1871,10.6,8,0,73,6.0
1872,8.2,1,5,58,4.8
1873,8.6,0,5,39,3.9
1874,5.6,1,7,65,3.9
1875,4.6,0,6,49,1.1
1876,7.6,9,0,90,3.9
1877,11.5,9,0,71,3.6
1878,8.2,8,0,72,2.7
1879,2.7,7,0,43,0.3
1880,11.7,5,0,46,5.7
1881,10.4,7,0,72,4.4
1882,10.9,1,3,56,5.2
1883,6.8,9,1,92,2.9
1884,11.0,9,2,92,4.5
1885,5.0,1,4,44,1.8
1886,10.1,0,4,40,5.0
1887,8.3,8,1,70,4.4
1888,11.5,8,1,78,4.2
1889,5.3,0,4,40,3.3
1890,3.7,7,0,60,0.7
1891,9.3,7,0,72,3.6
1892,11.9,7,0,51,5.9
1893,3.9,1,2,39,0.6
1894,3.5,9,0,90,1.3
1895,6.6,8,1,75,3.0
1896,9.3,1,6,66,5.4
1897,8.2,8,0,76,3.7
1898,11.4,7,0,77,5.0
1899,10.2,1,4,38,4.1
1900,7.9,1,1,23,4.2
1901,5.9,0,4,44,3.0
1902,10.4,0,0,11,4.8
1903,7.1,0,6,67,3.8
1904,10.8,7,0,50,4.6
1905,8.2,9,0,81,3.7
1906,9.2,1,7,73,4.6
1907,2.9,0,2,20,0.9
1908,11.9,8,0,85,5.0
1909,9.7,9,1,85,5.0
1910,8.0,0,6,54,3.6
1911,7.6,6,0,34,4.3
1912,8.2,9,0,92,4.2
1913,2.9,0,4,36,0.0
1914,6.0,0,7,64,2.3
1915,3.3,6,2,67,1.2
1916,4.2,10,0,91,1.4
1917,5.7,0,4,38,2.2
1918,8.9,7,0,60,4.6
1919,11.3,8,2,99,6.0
1920,11.9,8,0,75,6.0
1921,9.6,7,0,67,4.4
1922,5.1,0,1,10,2.3
1923,5.6,7,0,67,3.3
1924,5.4,8,1,70,3.3
1925,10.5,7,0,71,5.4
1926,9.9,8,2,89,3.9
1927,3.1,10,1,87,1.1
1928,7.2,9,0,79,3.6
1929,8.6,11,0,97,4.2
1930,2.6,9,0,87,1.6
1931,8.1,0,6,53,3.8
1932,11.4,0,3,42,4.8
1933,3.0,9,0,95,1.1
1934,4.1,1,6,72,1.5
1935,3.5,0,3,28,1.8
1936,6.0,8,0,80,2.3
1937,6.0,1,4,59,2.6
1938,11.6,0,5,57,5.4
1939,10.1,7,0,52,2.7
1940,8.6,9,0,59,6.0
1941,8.6,8,2,67,4.0
1942,8.8,7,1,55,3.2
1943,4.1,8,0,64,1.5
1944,5.9,7,0,63,2.8
1945,8.6,9,0,60,5.2
1946,2.8,0,4,43,0.8
1947,7.2,2,5,62,1.9
1948,10.4,7,1,74,4.6
1949,7.7,7,2,89,3.4
1950,10.7,9,0,81,4.4
1951,9.6,9,0,74,4.9
1952,7.6,9,0,67,3.1
1953,6.1,0,0,10,2.4
1954,8.7,9,0,58,4.4
1955,7.2,0,3,38,3.2
1956,11.9,8,0,82,5.0
1957,8.3,0,3,30,2.8
1958,4.9,7,0,60,2.9
1959,11.6,0,0,10,5.6
1960,5.2,10,0,81,2.2
1961,11.0,9,1,87,5.7
1962,7.2,8,1,89,2.3
1963,9.2,7,1,88,5.0
1964,4.4,7,0,76,2.2
1965,7.8,8,0,71,3.5
1966,4.4,11,0,104,2.6
1967,4.8,7,2,76,3.1
1968,4.0,2,4,51,1.6
1969,6.8,9,0,87,2.8
1970,7.4,10,1,103,2.9
1971,5.0,9,0,78,2.0
1972,8.3,8,0,67,3.3
1973,5.1,7,3,76,3.6
1974,7.5,9,0,69,3.7
1975,9.0,6,1,58,4.7
1976,3.1,5,1,56,0.7
1977,10.7,2,8,76,5.9
1978,5.9,0,2,17,2.3
1979,7.4,2,4,50,4.1
1980,6.7,2,8,84,3.1
1981,11.5,7,3,75,5.0
1982,4.3,1,4,42,2.7
1983,8.5,8,1,83,4.1
1984,10.4,7,0,58,5.6
1985,6.6,7,0,62,2.6
1986,5.7,0,4,41,2.3
1987,3.6,0,2,27,0.8
1988,9.3,9,2,90,4.0
1989,10.0,1,6,57,4.4
1990,5.5,8,0,78,3.0
1991,9.9,8,2,64,4.4
1992,3.4,6,0,48,2.1
1993,6.6,8,0,79,3.1
1994,5.1,9,0,65,3.0
1995,5.1,9,0,74,2.5
1996,11.3,0,2,48,4.5
1997,9.9,0,5,56,4.6
1998,9.8,8,2,90,5.6
1999,7.2,8,0,70,3.8
2000,8.4,7,0,69,3.4
2001,10.0,0,4,53,4.6
2002,5.0,9,0,86,1.6
2003,5.3,8,1,91,2.1
2004,10.9,0,6,55,5.7
2005,4.7,10,1,89,1.0
2006,9.0,8,1,66,3.5
2007,11.2,6,0,60,4.1
2008,11.5,8,2,90,4.3
2009,5.4,9,1,80,2.0
2010,11.5,2,1,32,5.0
2011,3.8,10,0,70,2.0
2012,4.8,0,5,36,2.0
2013,6.3,9,0,74,3.3
2014,9.7,1,6,60,4.2
2015,3.4,0,9,69,1.6
2016,4.6,9,0,60,1.8
2017,7.0,1,2,37,2.0
2018,3.2,1,4,64,0.6
2019,5.9,9,0,89,2.0
2020,8.3,0,6,57,3.9
2021,9.8,0,7,60,5.0
2022,7.3,7,2,86,3.7
2023,6.8,8,3,96,2.3
2024,5.7,8,1,81,3.3
2025,6.0,5,1,38,2.9
2026,7.6,7,0,73,2.9
2027,6.3,8,2,81,2.2
2028,5.5,8,0,72,1.8
2029,8.4,0,3,25,4.3
2030,12.0,7,1,77,5.4
2031,5.3,7,0,58,1.3
2032,3.6,10,0,114,0.8
2033,3.9,1,6,57,2.0
2034,8.3,1,5,49,3.8
2035,7.8,8,1,86,3.9
2036,3.5,4,8,105,1.3
2037,6.4,6,2,88,3.9
2038,10.6,7,0,65,4.8
2039,7.0,8,1,98,2.6
2040,9.9,0,3,37,3.0
2041,2.9,8,0,72,1.5
2042,7.2,8,0,64,1.5
2043,10.3,8,2,89,4.9
2044,8.2,0,4,21,3.4
2045,3.6,0,4,41,0.5
2046,10.9,7,0,52,4.2
2047,4.3,0,6,44,1.6
2048,9.3,7,0,68,4.6
2049,3.2,7,0,60,0.8
2050,7.6,7,1,62,4.3
2051,5.4,6,0,76,2.9
2052,11.8,2,5,56,6.0
2053,11.0,1,4,46,6.0
2054,6.7,1,4,34,4.2
2055,10.6,7,0,61,4.5
2056,4.8,5,0,55,3.5
2057,7.4,1,5,58,4.5
2058,10.4,8,0,67,4.6
2059,9.0,9,0,96,4.5
2060,6.8,9,0,66,2.6
2061,7.6,1,2,35,3.4
2062,5.3,2,5,71,2.3
2063,7.9,0,4,44,4.9
2064,3.8,7,0,72,1.0
2065,9.7,0,6,53,5.4
2066,12.0,7,2,91,5.4
2067,3.0,6,0,55,0.9
2068,10.0,8,0,74,3.9
2069,10.5,8,0,60,3.7
2070,2.8,0,4,46,1.6
2071,8.1,10,0,76,4.2
2072,11.0,0,2,10,5.5
2073,7.9,7,1,75,4.5
2074,8.1,10,1,99,4.2
2075,12.0,9,0,91,5.5
2076,11.0,0,4,42,4.6
2077,8.5,2,9,98,3.5
2078,7.4,0,8,81,3.1
2079,4.3,8,0,64,2.1
2080,10.5,0,3,21,5.2
2081,5.2,9,0,75,2.8
2082,2.6,9,1,75,0.0
2083,3.0,8,0,81,1.1
2084,4.4,8,0,64,1.4
2085,10.2,7,0,61,4.4
2086,11.8,1,4,61,5.5
2087,9.3,0,7,73,3.5
2088,4.1,5,0,48,1.8
2089,10.7,1,7,78,4.6
2090,10.2,0,3,33,4.7
2091,10.6,8,1,76,4.5
2092,4.2,1,4,60,0.8
2093,7.4,7,0,68,1.6
2094,8.5,6,0,57,3.3
2095,8.9,7,0,60,3.8
2096,9.0,8,0,60,3.8
2097,2.6,10,0,84,1.7
2098,11.6,4,1,58,5.7
2099,8.0,2,5,71,2.2
2100,4.3,7,0,59,1.3
2101,9.8,7,1,76,4.8
2102,3.0,7,0,53,2.0
2103,4.1,7,0,63,2.9
2104,6.3,1,3,52,2.6
2105,7.9,8,0,78,2.0
2106,6.5,10,2,120,1.8
2107,5.4,9,0,79,2.2
2108,9.5,7,0,78,3.3
2109,2.6,8,1,70,0.4
2110,8.9,9,0,89,3.5
2111,11.5,8,0,60,3.9
2112,3.9,0,5,50,1.9
2113,10.6,8,0,79,6.0
2114,4.3,0,7,40,2.4
2115,6.5,2,7,71,3.3
2116,11.8,0,0,10,6.0
2117,10.0,0,0,15,5.9
2118,5.9,4,4,68,2.9
2119,5.8,7,0,50,3.3
2120,5.6,1,5,59,2.8
2121,5.9,9,1,65,3.1
2122,11.8,8,2,102,4.6
2123,5.7,0,0,10,3.9
2124,6.7,8,0,66,2.7
2125,4.5,9,0,71,1.0
2126,8.6,7,0,62,4.3
2127,10.4,6,0,46,5.0
2128,5.2,7,0,44,1.7
2129,4.5,9,1,83,1.4
2130,6.8,7,0,51,1.8
2131,9.0,8,3,96,4.8
2132,6.4,0,5,34,3.3
2133,3.9,1,5,41,2.5
2134,4.2,7,0,55,2.0
2135,5.2,7,0,68,2.5
2136,10.4,8,0,68,5.5
2137,7.3,9,0,98,3.5
2138,8.1,6,2,87,3.3
2139,4.4,0,3,44,2.9
2140,8.7,8,0,71,3.5
2141,10.5,10,0,84,4.7
2142,4.4,8,0,90,1.4
2143,3.1,9,1,78,0.5
2144,8.8,1,8,81,3.7
2145,10.3,7,0,61,5.6
2146,9.0,6,2,65,5.8
2147,6.6,0,4,42,1.5
2148,8.7,8,0,69,3.7
2149,12.0,6,0,65,5.1
2150,8.4,9,0,65,4.3
2151,7.5,0,6,49,3.3
2152,7.6,9,1,80,3.6
2153,7.0,8,1,84,3.6
2154,9.0,6,0,55,3.6
2155,10.5,9,0,67,5.2
2156,9.3,7,2,66,4.0
2157,4.6,6,0,70,3.2
2158,6.0,7,0,71,2.2
2159,8.1,7,2,62,3.7
2160,11.9,1,6,65,4.5
2161,3.2,0,5,48,0.6
2162,4.3,2,3,57,1.3
2163,9.9,0,5,47,4.9
2164,4.3,2,3,54,2.1
2165,8.9,0,4,37,4.6
2166,11.9,2,5,53,5.6
2167,8.6,8,2,71,4.9
2168,7.1,1,4,49,2.4
2169,10.4,8,0,61,4.9
2170,9.8,2,7,75,5.7
2171,9.3,6,1,72,4.5
2172,3.6,7,2,76,2.1
2173,8.5,10,0,74,5.3
2174,2.6,7,0,55,0.0
2175,3.0,1,5,62,2.7
2176,2.9,0,3,25,1.8
2177,3.5,8,0,73,1.2
2178,6.6,7,0,76,3.9
2179,11.5,7,0,53,4.6
2180,3.2,6,0,65,2.1
2181,9.4,8,0,80,3.2
2182,7.3,0,7,71,2.3
2183,5.1,7,2,75,2.3
2184,5.5,1,2,35,2.7
2185,2.7,6,1,62,0.8
2186,9.2,0,4,40,3.2
2187,3.5,0,5,39,0.6
2188,2.8,8,0,54,0.0
2189,6.9,6,0,43,4.1
2190,7.0,7,2,93,2.9
2191,8.7,4,5,99,4.7
2192,9.2,0,2,52,2.9
2193,7.3,7,1,68,2.0
2194,9.2,0,3,26,2.5
2195,4.9,9,0,82,2.1
2196,3.9,7,0,56,2.1
2197,11.3,6,0,72,4.9
2198,6.0,6,0,56,2.0
2199,3.4,8,0,75,1.7
2200,10.4,7,0,47,4.5
2201,8.3,7,0,71,4.0
2202,8.1,8,0,58,2.6
2203,3.8,6,0,65,1.7
2204,9.7,8,0,60,4.7
2205,4.4,1,5,44,2.2
2206,2.9,0,3,37,1.3
2207,4.0,7,0,61,1.6
2208,9.2,0,4,25,4.1
2209,10.0,2,5,54,5.0
2210,4.8,7,0,67,2.4
2211,5.5,9,0,71,2.2
2212,4.0,7,0,59,1.4
2213,6.8,6,1,61,3.4
2214,4.6,7,0,54,1.9
2215,11.8,8,0,63,6.0
2216,9.8,6,2,60,4.3
2217,8.2,8,0,85,3.1
2218,9.4,8,0,81,5.0
2219,4.1,0,3,32,2.5
2220,9.6,0,5,45,4.2
2221,5.8,1,5,64,2.8
2222,7.0,7,3,82,4.1
2223,10.9,0,4,20,5.1
2224,11.5,0,2,19,5.1
2225,9.8,7,0,66,4.9
2226,9.8,7,0,59,4.5
2227,9.6,7,2,80,3.9
2228,8.5,7,1,74,4.1
2229,4.4,2,4,73,1.5
2230,8.1,8,1,77,4.4
2231,3.0,7,0,77,1.2
2232,2.8,6,0,61,0.0
2233,10.5,7,0,59,4.8
2234,7.6,0,3,51,3.7
2235,2.7,0,6,76,2.5
2236,5.1,1,6,59,1.6
2237,9.0,7,3,84,4.1
2238,11.4,9,0,88,4.5
2239,10.5,7,1,80,4.2
2240,6.7,9,0,74,1.3
2241,5.2,9,0,82,2.0
2242,5.4,8,0,68,2.3
2243,9.5,2,3,26,5.0
2244,10.1,1,2,39,5.8
2245,6.0,0,2,35,2.2
2246,8.4,7,0,40,3.9
2247,9.6,0,2,36,3.8
2248,10.5,8,0,63,5.5
2249,8.6,7,1,66,4.0
2250,10.7,0,7,55,5.2
2251,5.2,1,5,65,2.9
2252,9.1,7,3,85,5.3
2253,6.3,8,1,58,1.4
2254,11.3,1,6,58,4.7
2255,4.6,1,6,70,2.3
2256,10.0,0,6,63,3.7
2257,11.4,7,0,61,5.7
2258,9.0,9,0,76,3.6
2259,10.0,0,6,67,4.5
2260,10.9,0,5,48,5.7
2261,5.4,2,7,86,1.3
2262,3.7,8,0,56,2.4
2263,11.4,2,8,81,3.9
2264,2.9,9,0,77,1.7
2265,7.1,0,5,70,3.4
2266,5.6,0,4,35,1.9
2267,7.8,7,1,66,4.2
2268,11.9,7,0,70,4.3
2269,2.9,1,6,70,2.0
2270,9.8,10,0,87,4.3
2271,2.7,7,0,71,0.6
2272,5.0,8,0,72,2.8
2273,9.2,9,0,95,4.0
2274,5.1,9,1,99,1.8
2275,8.3,0,3,42,4.1
2276,11.7,0,4,48,5.4
2277,10.8,7,0,85,5.5
2278,10.4,9,0,79,3.8
2279,4.3,0,6,47,1.9
2280,5.1,0,6,60,3.4
2281,10.0,0,7,69,5.6
2282,9.4,7,1,67,4.8
2283,5.3,6,0,62,2.2
2284,6.6,8,0,57,4.3
2285,8.7,0,5,49,2.6
2286,7.5,7,0,88,3.1
2287,6.8,8,2,94,3.2
2288,3.5,8,0,78,1.4
2289,6.6,7,0,52,3.2
2290,11.9,7,0,48,5.5
2291,5.7,8,2,78,2.5
2292,9.1,8,0,81,4.2
2293,7.3,7,0,74,3.9
2294,10.0,6,0,68,4.4
2295,9.6,8,0,90,4.6
2296,11.5,0,6,66,4.3
2297,8.7,0,3,27,4.7
2298,11.5,1,4,43,5.8
2299,2.9,7,1,68,1.0
2300,6.4,8,2,64,3.4
2301,8.9,1,6,50,4.5
2302,7.1,0,6,56,3.3
2303,11.4,7,0,57,5.3
2304,3.8,7,0,65,2.3
2305,7.1,7,0,62,3.3
2306,10.6,8,0,79,3.5
2307,9.7,7,1,82,5.3
2308,10.0,8,0,69,3.7
2309,6.9,7,2,67,2.3
2310,5.7,0,6,61,2.7
2311,7.3,9,0,93,3.7
2312,4.4,6,2,63,1.9
2313,8.6,9,0,73,3.6
2314,10.0,7,1,61,5.5
2315,3.2,9,0,69,1.4
2316,8.2,2,5,45,4.5
2317,8.0,7,0,63,4.5
2318,5.0,1,4,60,2.2
2319,12.0,1,4,61,4.0
2320,7.2,0,6,49,4.5
2321,10.9,6,0,61,5.2
2322,4.3,8,1,65,1.9
2323,9.6,9,0,81,4.3
2324,3.3,5,0,19,1.4
2325,3.1,7,2,81,0.8
2326,4.3,7,1,67,2.6
2327,9.5,6,1,54,5.4
2328,12.0,8,0,87,4.3
2329,10.2,8,0,65,4.1
2330,6.5,8,1,76,3.6
2331,8.6,7,0,49,4.0
2332,7.0,10,0,80,4.0
2333,4.9,1,5,50,2.9
2334,8.4,0,8,78,4.6
2335,7.5,8,2,103,3.6
2336,7.6,10,0,95,4.0
2337,3.1,2,4,70,1.7
2338,3.7,7,3,99,2.5
2339,7.2,0,3,30,3.4
2340,5.9,6,0,69,3.4
2341,6.5,9,1,85,2.0
2342,6.2,8,0,58,3.6
2343,9.3,1,7,67,4.4
2344,4.2,0,9,72,2.0
2345,11.5,5,0,57,5.8
2346,7.0,1,6,59,3.1
2347,5.7,7,0,68,3.3
2348,2.7,7,0,66,0.4
2349,5.9,0,3,33,2.3
2350,8.4,2,4,56,3.3
2351,10.1,9,3,100,4.0
2352,9.5,2,4,43,4.6
2353,7.9,0,5,43,2.7
2354,6.6,6,0,63,2.1
2355,7.5,0,4,28,2.9
2356,11.6,8,0,73,5.3
2357,11.7,0,3,36,5.8
2358,10.1,6,0,44,4.8
2359,4.1,7,0,73,2.4
2360,11.4,10,0,92,4.7
2361,8.7,8,0,61,3.3
2362,7.0,9,3,92,3.0
2363,7.8,6,0,58,3.6
2364,7.0,4,5,57,2.6
2365,7.0,7,0,58,1.2
2366,6.6,8,0,67,1.3
2367,11.0,0,2,24,5.1
2368,6.8,2,7,87,3.7
2369,4.6,2,6,67,1.3
2370,4.7,6,0,60,2.1
2371,3.8,7,2,77,2.9
2372,7.8,8,0,68,4.0
2373,5.6,2,6,69,2.5
2374,8.0,1,3,31,3.7
2375,11.3,7,1,63,5.2
2376,11.6,9,0,78,5.2
2377,5.4,8,2,85,1.4
2378,4.6,7,0,67,2.0
2379,3.0,9,0,65,1.2
2380,5.1,9,2,101,2.5
2381,7.3,7,1,65,3.6
2382,8.2,10,0,110,3.4
2383,3.4,8,0,66,2.0
2384,4.8,0,4,45,2.6
2385,2.9,10,0,82,1.8
2386,9.9,0,7,48,3.8
2387,5.1,8,0,56,3.5
2388,7.9,9,0,70,2.8
2389,6.9,1,3,31,4.1
2390,7.0,0,4,33,3.5
2391,8.8,0,5,49,4.8
2392,6.4,7,0,59,2.7
2393,4.9,0,4,37,1.1
2394,6.4,0,4,50,2.3
2395,10.3,5,2,79,4.6
2396,7.8,0,6,68,3.8
2397,11.8,1,6,60,5.9
2398,10.0,6,1,59,3.1
2399,10.3,7,1,67,4.7
2400,9.9,0,5,45,5.4
2401,6.7,9,0,73,4.7
2402,10.1,7,1,90,6.0
2403,8.5,8,2,95,5.2
2404,4.6,2,6,67,2.0
2405,3.4,7,3,85,1.8
2406,7.2,6,0,62,4.0
2407,8.0,8,0,61,4.3
2408,5.8,6,2,81,2.2
2409,8.5,6,2,69,3.7
2410,3.9,1,3,37,1.2
2411,10.2,7,0,38,5.0
2412,6.3,7,2,73,3.4
2413,9.4,9,0,84,4.2
2414,10.6,9,0,73,5.0
2415,4.8,9,0,92,3.0
2416,7.7,7,0,63,3.9
2417,3.7,0,1,10,0.3
2418,2.9,0,2,15,1.4
2419,2.9,8,1,69,1.1
2420,11.5,9,0,90,4.9
2421,2.9,7,1,74,1.1
2422,8.2,7,0,86,2.1
2423,3.0,6,0,51,2.2
2424,9.3,8,0,71,4.4
2425,7.1,8,0,57,4.3
2426,4.5,8,1,87,1.0
2427,8.2,7,1,85,3.2
2428,5.7,8,2,67,2.1
2429,3.9,1,6,53,1.8
2430,9.5,2,5,56,4.0
2431,6.1,9,0,82,3.1
2432,7.0,1,5,48,5.1
2433,2.9,9,2,71,1.3
2434,7.9,0,3,39,4.1
2435,7.4,8,0,66,3.0
2436,9.6,2,3,47,5.2
2437,7.0,7,0,73,3.6
2438,10.5,7,0,79,5.1
2439,5.8,8,0,74,2.6
2440,9.6,0,0,10,5.0
2441,4.8,7,0,66,2.6
2442,10.7,6,1,50,5.8
2443,5.8,1,5,45,1.9
2444,9.5,6,0,56,4.4
2445,10.1,10,0,79,4.6
2446,4.1,9,0,77,1.6
2447,10.1,2,1,29,4.7
2448,5.3,0,2,25,2.9
2449,8.2,1,6,61,4.1
2450,7.5,8,1,66,3.7
2451,8.1,8,0,70,3.1
2452,10.0,0,5,64,4.8
2453,10.4,8,0,47,3.8
2454,4.9,10,0,91,2.4
2455,4.3,0,1,29,1.6
2456,3.3,1,4,51,2.3
2457,9.2,0,0,10,4.1
2458,7.0,0,3,36,2.5
2459,3.9,7,1,70,2.2
2460,7.1,9,0,66,3.2
2461,11.9,8,1,69,5.2
2462,7.8,1,3,44,3.3
2463,10.8,9,0,92,4.5
2464,3.3,2,5,45,2.0
2465,11.1,8,2,91,4.8
2466,7.8,2,4,45,3.9
2467,7.6,0,4,28,3.8
2468,3.8,2,1,24,2.4
2469,6.8,0,4,42,3.1
2470,7.1,2,2,35,2.0
2471,3.8,9,0,74,2.2
2472,5.7,2,5,60,2.4
2473,10.8,6,2,81,4.7
2474,2.8,7,1,61,2.8
2475,7.5,9,0,91,4.1
2476,9.9,7,1,88,4.7
2477,11.7,0,5,47,5.1
2478,8.8,8,2,86,4.1
2479,2.9,1,4,62,0.0
2480,9.3,7,0,66,4.9
2481,9.4,2,7,85,3.6
2482,7.6,8,0,82,2.5
2483,6.1,6,0,54,2.0
2484,6.7,9,0,83,2.7
2485,11.5,0,5,39,5.5
2486,10.9,9,0,81,4.9
2487,5.2,0,8,62,1.7
2488,3.2,8,0,67,1.0
2489,9.6,7,0,72,3.5
2490,7.6,5,0,49,4.0
2491,8.6,7,0,76,4.4
2492,11.5,6,0,45,6.0
2493,11.5,7,1,74,5.1
2494,10.4,8,3,76,4.8
2495,5.0,8,0,56,2.6
2496,10.1,8,0,78,5.1
2497,10.5,0,4,36,3.5
2498,2.5,9,0,80,0.8
2499,6.4,8,0,82,2.6
2500,5.5,0,5,53,1.4
2501,10.5,7,0,74,5.5
2502,3.5,7,0,70,0.4
2503,8.4,0,5,61,2.8
2504,7.3,7,2,74,2.9
2505,11.3,5,0,58,4.9
2506,7.0,8,0,61,4.1
2507,3.2,0,4,42,2.9
2508,10.9,7,1,64,5.0
2509,8.2,1,6,62,3.2
2510,8.8,6,0,63,3.1
2511,9.3,9,1,86,4.6
2512,10.4,9,0,76,3.8
2513,9.5,9,1,82,4.1
2514,4.9,8,0,79,3.0
2515,11.6,7,1,55,5.6
2516,3.9,7,2,66,1.3
2517,6.4,8,1,74,3.4
2518,7.6,9,0,71,2.9
2519,3.0,0,4,22,2.3
2520,3.7,7,0,46,1.2
2521,4.3,0,4,43,2.8
2522,10.8,8,2,71,4.3
2523,8.2,8,1,55,4.3
2524,3.5,9,3,108,2.0
2525,9.5,8,0,58,3.8
2526,6.8,7,1,80,4.4
2527,4.0,4,4,71,0.8
2528,7.8,8,2,87,3.3
2529,6.2,8,1,88,2.1
2530,8.7,0,7,61,4.1
2531,11.8,0,5,52,5.5
2532,9.4,0,0,10,3.5
2533,7.4,9,0,81,3.3
2534,8.3,7,2,60,4.8
2535,9.9,9,0,84,4.8
2536,4.7,7,0,46,3.3
2537,3.8,8,0,89,2.0
2538,8.0,9,0,62,2.6
2539,9.6,0,4,33,3.7
2540,6.5,9,0,86,2.9
2541,4.3,8,0,83,1.3
2542,8.6,6,0,64,4.0
2543,8.9,8,0,78,4.7
2544,10.0,8,0,75,5.4
2545,8.1,0,5,44,3.6
2546,6.0,0,5,51,2.2
2547,4.6,1,6,59,2.7
2548,2.9,0,1,18,1.8
2549,6.3,0,0,10,2.8
2550,9.8,0,3,24,4.0
2551,9.7,2,3,46,3.1
2552,11.4,6,2,67,5.4
2553,2.7,6,0,66,1.5
2554,4.2,0,5,52,3.5
2555,8.8,7,2,71,3.7
2556,7.6,6,1,35,3.6
2557,9.3,0,5,47,4.4
2558,6.2,4,4,73,3.5
2559,5.9,6,1,53,3.3
2560,9.1,9,2,87,5.1
2561,6.4,9,0,71,3.2
2562,5.0,1,4,63,2.6
2563,5.4,8,0,80,3.3
2564,4.6,8,2,68,2.2
2565,2.6,0,6,61,1.2
2566,9.1,6,0,64,5.1
2567,9.5,7,0,64,5.1
2568,10.0,7,0,76,4.2
2569,4.2,9,1,83,1.8
2570,11.2,9,2,93,5.1
2571,5.6,6,0,68,3.1
2572,11.0,8,0,67,4.6
2573,5.1,2,5,78,1.1
2574,2.9,11,1,109,1.9
2575,7.4,0,3,37,3.2
2576,7.5,1,6,65,2.5
2577,11.1,8,2,92,4.0
2578,8.9,7,0,46,4.9
2579,10.4,6,2,66,5.5
2580,10.6,7,0,76,5.0
2581,7.1,2,6,60,2.9
2582,11.1,9,0,60,4.8
2583,9.4,8,0,56,3.8
2584,3.5,8,0,84,1.1
2585,4.9,8,1,78,2.0
2586,3.5,6,0,40,0.9
2587,8.0,6,0,62,2.9
2588,4.6,0,2,31,1.0
2589,11.5,0,3,29,4.3
2590,11.0,8,2,89,4.4
2591,10.1,7,0,68,3.6
2592,10.8,8,0,65,5.3
2593,10.5,8,0,84,4.6
2594,4.2,0,3,29,2.2
2595,3.4,9,3,85,1.4
2596,9.1,0,2,18,3.7
2597,5.8,8,0,62,3.3
2598,8.4,7,2,80,3.4
2599,8.5,8,0,55,3.4
2600,10.6,7,2,46,5.2
2601,4.0,1,5,48,1.6
2602,10.9,8,0,76,5.3
2603,5.6,0,8,81,2.3
2604,11.0,8,2,90,3.8
2605,4.4,10,0,90,1.6
2606,4.0,9,1,98,2.4
2607,8.3,0,4,38,2.8
2608,11.1,8,0,66,4.8
2609,7.1,0,9,55,1.9
2610,3.3,7,0,68,1.5
2611,10.8,7,0,56,5.1
2612,7.2,7,0,66,2.8
2613,7.3,8,0,68,3.6
2614,4.6,8,2,90,0.6
2615,4.4,7,2,57,3.5
2616,8.3,7,1,72,4.6
2617,6.6,6,0,50,3.5
2618,3.9,1,7,74,2.4
2619,11.8,7,0,75,5.8
2620,2.9,6,2,54,1.7
2621,2.9,0,7,64,2.2
2622,11.8,2,9,87,5.0
2623,4.6,9,0,80,1.3
2624,2.6,8,0,71,0.0
2625,6.3,0,6,49,3.0
2626,4.6,7,2,80,2.5
2627,10.2,9,1,76,5.1
2628,4.9,0,4,52,1.4
2629,10.3,0,6,42,4.3
2630,7.5,7,3,86,2.9
2631,10.1,1,1,29,4.7
2632,8.3,8,0,97,3.5
2633,9.7,7,3,71,4.1
2634,6.9,8,1,84,3.4
2635,6.5,1,6,65,3.1
2636,6.8,1,6,59,3.4
2637,9.6,4,7,102,4.5
2638,6.7,1,5,52,2.1
2639,5.3,8,0,65,1.4
2640,10.2,0,4,30,5.1
2641,6.4,6,0,49,2.9
2642,6.7,8,0,66,3.8
2643,3.3,0,4,62,2.2
2644,6.0,0,5,55,2.8
2645,10.3,1,5,58,5.3
2646,8.8,0,4,48,5.2
2647,3.8,8,0,78,1.8
2648,7.0,8,2,78,2.4
2649,11.3,8,1,79,5.2
2650,4.7,7,0,57,2.7
2651,10.3,7,1,73,5.2
2652,7.9,9,2,118,3.2
2653,5.9,8,3,84,2.1
2654,11.7,0,5,26,5.2
2655,9.4,0,8,82,5.4
2656,5.5,8,0,82,2.4
2657,4.4,6,0,61,2.1
2658,10.8,7,0,70,5.3
2659,8.1,7,0,68,4.0
2660,2.8,7,1,72,1.7
2661,6.6,7,0,61,2.9
2662,6.7,9,0,76,2.9
2663,9.9,7,0,61,4.1
2664,4.8,7,0,60,2.4
2665,6.8,8,2,108,4.4
2666,3.3,8,2,88,2.2
2667,3.7,8,2,77,1.0
2668,10.0,9,1,83,4.8
2669,7.5,8,0,96,3.1
2670,6.2,11,0,78,2.6
2671,5.0,6,1,54,2.5
2672,11.7,1,5,50,5.0
2673,6.9,6,0,37,2.9
2674,7.9,0,7,64,2.9
2675,11.9,9,2,100,5.3
2676,9.7,8,0,61,4.4
2677,6.1,0,2,41,3.2
2678,7.8,1,4,51,2.3
2679,6.3,8,0,62,3.0
2680,7.8,8,0,69,2.8
2681,8.6,8,1,103,2.3
2682,11.8,2,4,53,6.0
2683,9.5,9,3,104,4.6
2684,9.1,6,0,69,5.4
2685,3.4,0,2,26,1.9
2686,5.5,7,1,84,3.0
2687,5.2,9,0,75,1.1
2688,3.5,9,0,78,2.1
2689,10.8,7,0,61,4.8
2690,10.2,7,0,64,4.4
2691,10.0,0,0,10,4.7
2692,4.2,7,1,86,2.1
2693,8.2,1,1,22,3.4
2694,7.5,0,4,46,4.1
2695,8.3,9,0,83,3.6
2696,10.0,7,2,79,5.9
2697,3.4,6,1,41,1.4
2698,4.3,8,3,99,2.0
2699,5.2,9,0,67,2.5
2700,7.0,9,2,101,2.8
2701,8.1,2,6,80,4.3
2702,5.4,9,0,78,3.0
2703,3.5,7,0,42,0.3
2704,7.3,0,3,17,2.3
2705,3.1,0,7,75,0.0
2706,6.0,0,0,10,2.1
2707,2.9,1,5,63,0.4
2708,4.6,1,1,19,1.9
2709,3.5,0,5,52,1.9
2710,6.7,6,0,56,4.8
2711,4.7,7,2,75,1.4
2712,3.0,9,2,98,1.7
2713,5.3,7,0,74,3.5
2714,11.0,8,3,85,4.5
2715,10.5,7,0,64,6.0
2716,10.9,10,0,78,5.6
2717,6.2,2,6,78,2.2
2718,10.8,7,0,72,4.6
2719,11.5,7,0,57,6.0
2720,11.6,6,1,67,4.5
2721,3.7,0,0,21,0.8
2722,10.3,9,0,70,4.3
2723,5.7,0,6,47,2.0
2724,6.8,8,1,79,4.3
2725,8.7,7,3,72,3.7
2726,9.7,0,1,22,3.8
2727,11.0,11,0,96,3.9
2728,11.6,9,2,105,4.2
2729,9.8,9,0,93,3.2
2730,4.8,8,0,64,3.5
2731,7.3,1,6,64,3.8
2732,5.8,8,0,69,3.6
2733,10.7,6,0,58,5.9
2734,7.2,2,2,27,3.3
2735,10.6,8,0,77,4.5
2736,11.8,8,0,78,6.0
2737,5.2,8,1,75,3.2
2738,2.8,4,5,57,1.4
2739,4.5,8,1,71,1.1
2740,8.6,5,0,43,4.0
2741,10.2,8,0,69,4.3
2742,9.6,7,0,61,2.8
2743,10.1,2,2,25,4.4
2744,11.3,9,1,87,4.2
2745,4.6,0,6,63,0.9
2746,3.0,0,7,57,1.1
2747,5.6,8,0,68,2.4
2748,10.6,9,0,77,4.6
2749,9.4,9,0,91,4.6
2750,2.8,0,5,42,1.6
2751,4.0,7,1,73,1.9
2752,11.3,7,0,68,5.0
2753,7.2,9,3,96,4.2
2754,8.6,9,2,82,3.2
2755,3.4,8,0,69,0.4
2756,8.0,9,0,55,3.8
2757,10.5,0,4,43,3.6
2758,11.1,7,0,53,5.0
2759,6.8,8,0,63,3.6
2760,8.1,7,1,91,3.4
2761,9.4,8,0,72,4.1
2762,6.3,7,0,59,3.7
2763,5.3,1,6,60,2.2
2764,3.3,2,5,68,1.3
2765,4.4,8,2,84,1.9
2766,11.8,1,6,51,6.0
2767,10.8,8,0,68,4.3
2768,5.8,8,0,71,2.7
2769,10.4,0,2,31,3.6
2770,9.8,7,0,73,3.4
2771,11.7,7,1,62,5.9
2772,2.9,7,1,77,0.7
2773,8.0,0,3,31,3.8
2774,9.2,7,0,62,3.8
2775,10.4,9,0,65,6.0
2776,10.1,7,0,47,5.1
2777,5.1,0,6,52,2.4
2778,9.2,6,1,68,4.4
2779,10.2,6,0,53,3.7
2780,7.4,0,1,19,3.5
2781,7.3,8,0,44,3.0
2782,6.7,8,0,73,4.0
2783,4.5,8,3,104,2.0
2784,10.4,1,3,33,4.1
2785,7.3,7,0,68,4.3
2786,3.8,5,2,64,1.3
2787,11.2,8,0,61,4.3
2788,10.5,7,0,59,4.9
2789,6.5,1,5,63,2.7
2790,9.9,0,6,44,4.2
2791,4.1,7,0,75,1.0
2792,11.7,9,0,92,4.6
2793,3.3,0,4,34,1.2
2794,10.9,7,1,73,3.8
2795,12.0,10,1,98,5.0
2796,5.3,7,0,46,3.0
2797,10.2,9,1,88,4.4
2798,11.2,9,0,49,3.8
2799,11.5,8,0,75,5.8
2800,9.3,7,0,49,3.1
2801,8.4,7,1,81,4.2
2802,3.5,5,0,42,1.8
2803,7.0,7,0,57,2.1
2804,6.2,9,0,79,2.5
2805,2.7,8,0,63,2.0
2806,5.2,4,4,62,2.0
2807,9.6,6,0,67,3.3
2808,5.4,7,0,67,3.1
2809,2.8,8,0,81,1.0
2810,9.8,1,5,58,5.4
2811,10.2,0,8,63,4.5
2812,2.8,0,5,50,1.1
2813,10.4,8,1,77,4.7
2814,10.1,2,5,58,4.6
2815,8.4,7,0,72,2.8
2816,2.9,0,3,37,0.4
2817,11.5,4,5,80,4.4
2818,3.5,0,3,28,2.8
2819,9.3,2,8,94,3.1
2820,9.8,8,0,66,3.9
2821,11.5,7,0,67,5.2
2822,11.5,7,1,80,4.6
2823,5.1,1,4,48,2.8
2824,4.7,2,4,63,2.0
2825,6.4,8,0,77,2.8
2826,11.4,0,1,10,5.8
2827,9.4,0,4,46,2.9
2828,11.2,10,0,78,4.1
2829,4.6,9,1,88,2.8
2830,3.1,2,4,63,0.7
2831,2.7,9,0,84,0.5
2832,3.2,0,5,47,2.0
2833,10.5,7,0,61,3.9
2834,10.8,0,6,69,4.6
2835,11.2,9,1,103,4.7
2836,6.4,0,6,59,3.4
2837,6.9,0,3,12,3.6
2838,4.3,1,6,50,2.1
2839,6.7,6,0,52,3.9
2840,4.0,7,0,72,1.1
2841,8.4,0,2,26,3.4
2842,2.7,8,1,94,2.7
2843,6.6,7,0,68,3.4
2844,11.9,10,0,92,6.0
2845,11.9,1,5,37,6.0
2846,9.8,8,1,78,5.4
2847,5.3,0,6,60,3.1
2848,4.4,0,0,10,1.6
2849,2.8,0,8,64,0.3
2850,6.5,10,3,111,3.7
2851,6.9,8,1,73,4.3
2852,3.3,6,1,60,2.2
2853,10.7,8,0,66,5.2
2854,8.7,0,6,65,5.1
2855,6.1,7,0,75,3.0
2856,10.6,1,6,73,3.9
2857,6.4,8,0,43,3.4
2858,10.6,8,0,68,5.1
2859,7.2,0,1,24,3.1
2860,8.5,1,5,53,3.9
2861,3.5,1,6,67,2.8
2862,5.0,0,5,47,2.8
2863,8.7,2,3,41,4.5
2864,6.4,0,5,55,2.4
2865,3.8,8,0,61,0.6
2866,4.0,0,2,21,2.4
2867,9.2,7,2,79,3.3
2868,9.0,7,0,51,4.7
2869,9.3,8,0,71,3.1
2870,9.4,7,1,69,4.7
2871,11.6,7,1,65,6.0
2872,11.7,9,0,76,5.9
2873,6.6,0,3,29,2.9
2874,9.9,8,0,61,5.4
2875,9.5,8,0,65,4.0
2876,4.1,7,0,63,1.6
2877,9.9,8,0,83,5.4
2878,10.5,10,2,92,3.9
2879,2.9,7,1,63,0.9
2880,7.5,1,2,29,3.1
2881,4.9,9,1,100,2.5
2882,11.4,9,0,70,5.7
2883,3.3,0,8,56,0.8
2884,8.8,0,7,67,3.8
2885,8.7,0,4,42,4.1
2886,3.6,8,2,85,1.9
2887,9.8,1,4,48,6.0
2888,5.1,7,0,50,3.5
2889,9.1,8,0,73,3.8
2890,4.9,8,0,82,2.0
2891,6.2,7,2,87,3.2
2892,5.6,7,0,70,3.3
2893,8.2,5,1,75,4.0
2894,8.4,1,4,42,4.0
2895,7.5,9,0,75,4.0
2896,3.9,9,0,68,2.1
2897,8.6,7,1,88,3.4
2898,4.8,8,0,71,2.3
2899,6.6,1,1,31,3.4
2900,11.9,8,2,85,6.0
2901,10.5,0,4,32,4.9
2902,5.1,7,0,57,3.0
2903,4.6,10,0,80,2.0
2904,7.9,9,0,66,2.6
2905,3.3,2,4,36,1.4
2906,7.1,8,2,88,1.6
2907,6.8,5,0,52,3.4
2908,11.9,1,1,32,4.7
2909,2.8,8,0,79,0.0
2910,10.8,8,2,77,3.9
2911,11.4,9,1,103,5.4
2912,8.7,9,1,92,3.1
2913,7.6,9,0,80,3.0
2914,3.9,6,0,60,1.9
2915,9.0,8,0,56,3.4
2916,9.6,8,1,75,4.5
2917,9.1,7,0,72,4.9
2918,3.3,1,2,23,1.3
2919,10.0,0,4,37,4.6
2920,4.7,0,6,46,3.4
2921,5.0,8,0,86,2.5
2922,6.2,7,0,81,3.0
2923,8.8,7,0,56,5.5
2924,7.9,0,7,82,3.6
2925,9.2,0,0,10,4.2
2926,8.8,5,2,62,4.6
2927,9.2,7,2,75,3.9
2928,5.3,7,1,77,1.7
2929,9.0,8,0,50,2.1
2930,10.1,0,7,79,5.9
2931,3.0,4,6,83,0.8
2932,11.4,1,5,45,5.0
2933,3.0,7,1,62,0.2
2934,9.7,6,0,46,4.7
2935,8.6,7,1,62,4.8
2936,5.5,9,1,97,3.7
2937,7.0,9,3,89,4.0
2938,11.2,0,6,48,5.1
2939,10.6,0,6,60,5.9
2940,6.0,7,0,78,2.4
2941,6.2,8,0,65,3.2
2942,4.5,9,0,82,2.0
2943,6.5,7,1,83,3.3
2944,8.7,0,2,34,3.4
2945,6.8,7,1,74,1.3
2946,9.4,7,2,97,5.3
2947,10.2,1,7,73,3.4
2948,5.5,7,2,86,3.1
2949,8.8,0,4,30,5.9
2950,7.7,0,8,49,2.9
2951,3.5,0,3,33,2.0
2952,5.3,8,2,100,2.4
2953,3.7,7,0,66,1.7
2954,10.1,8,3,94,4.8
2955,9.1,9,0,70,5.2
2956,10.1,8,1,73,4.1
2957,8.6,2,5,67,5.1
2958,7.4,7,2,86,3.4
2959,7.0,9,0,105,2.7
2960,5.7,8,1,71,1.0
2961,10.8,7,0,61,5.0
2962,6.9,8,0,68,2.7
2963,4.5,0,7,77,1.7
2964,9.6,10,1,89,4.6
2965,5.7,6,1,40,2.0
2966,4.6,1,4,56,2.2
2967,10.0,0,2,10,4.4
2968,6.8,2,8,94,4.1
2969,4.4,8,2,53,2.2
2970,8.9,8,2,94,4.2
2971,10.3,0,2,26,4.3
2972,6.3,7,0,71,2.9
2973,4.7,9,0,65,3.1
2974,2.7,4,0,50,1.6
2975,10.7,0,2,27,5.7
2976,6.8,1,6,62,4.0
2977,10.9,6,0,39,5.0
2978,9.2,1,5,63,5.2
2979,7.2,9,2,94,2.7
2980,9.1,0,0,10,4.6
2981,5.5,8,0,76,3.7
2982,4.4,9,0,65,1.3
2983,3.9,9,0,93,2.1
2984,11.2,10,2,94,4.6
2985,9.6,8,0,74,5.4
2986,11.4,6,3,75,5.5
2987,9.8,9,1,75,5.1
2988,6.2,0,5,46,2.3
2989,11.4,1,7,74,5.0
2990,8.1,8,0,69,2.1
2991,11.4,7,0,61,4.2
2992,4.5,8,0,84,2.4
2993,6.0,6,0,50,3.0
2994,6.1,1,7,86,1.8
2995,2.6,7,0,64,1.3
2996,9.1,8,1,79,4.1
2997,11.0,8,0,71,6.0
2998,11.2,8,0,69,6.0
2999,10.1,1,7,65,5.5
3000,4.9,9,1,96,1.9
3001,6.2,8,0,55,2.2
3002,5.6,0,6,37,2.9
3003,6.8,5,3,80,2.4
3004,6.8,7,2,59,2.8
3005,11.0,5,1,82,5.5
3006,3.5,8,0,75,1.8
3007,9.7,1,4,64,3.3
3008,8.0,7,0,71,3.9
3009,9.0,0,4,31,3.4
3010,11.0,0,0,10,4.4
3011,11.4,1,1,10,4.4
3012,2.6,6,0,66,0.7
3013,10.6,9,2,98,3.8
3014,4.2,7,0,80,2.2
3015,4.0,0,7,53,0.7
3016,11.1,9,1,91,5.3
3017,11.4,8,0,85,5.6
3018,6.3,0,8,63,3.1
3019,3.1,9,0,87,1.5
3020,10.2,7,0,65,3.7
3021,10.5,7,0,58,5.5
3022,4.5,8,0,70,1.7
3023,11.8,1,5,65,5.4
3024,10.0,6,3,77,4.3
3025,6.7,7,0,54,3.9
3026,6.8,0,6,44,3.5
3027,5.7,8,1,77,1.2
3028,9.6,8,3,93,5.6
3029,8.4,8,0,72,4.2
3030,9.9,9,0,63,4.2
3031,7.6,0,8,63,3.4
3032,3.0,0,4,34,2.0
3033,10.8,7,3,98,5.1
3034,6.8,1,5,35,3.4
3035,9.4,6,1,58,4.6
3036,4.9,0,6,57,3.0
3037,4.9,8,0,60,3.1
3038,6.0,8,0,72,2.9
3039,5.8,8,1,68,2.2
3040,5.2,0,3,39,3.0
3041,5.5,1,5,61,2.3
3042,3.8,1,5,50,1.6
3043,2.6,0,7,71,1.5
3044,11.8,10,0,80,5.8
3045,3.2,8,2,77,1.6
3046,5.9,8,0,81,3.0
3047,10.4,7,0,75,4.6
3048,2.5,8,1,80,0.0
3049,9.9,9,0,81,4.5
3050,6.5,6,0,66,2.7
3051,4.5,7,1,72,1.9
3052,3.9,8,2,84,0.3
3053,10.4,9,1,87,3.9
3054,5.2,1,5,49,0.5
3055,7.0,2,7,77,3.2
3056,5.9,7,0,55,3.3
3057,10.7,0,5,49,5.7
3058,3.9,8,0,59,2.4
3059,11.8,7,0,72,5.0
3060,2.7,2,8,81,1.5
3061,4.4,4,5,78,1.9
3062,7.0,8,0,65,2.9
3063,4.2,7,1,78,2.1
3064,4.9,2,8,86,1.9
3065,11.9,8,3,96,5.5
3066,8.3,9,0,72,4.5
3067,2.9,10,3,109,0.4
3068,7.0,1,2,47,2.4
3069,8.0,8,2,78,4.3
3070,5.6,0,4,28,2.6
3071,10.9,10,0,77,5.2
3072,10.2,7,0,94,4.3
3073,6.3,6,2,60,2.3
3074,9.7,8,0,79,3.9
3075,7.5,9,1,91,3.1
3076,10.2,7,3,82,4.4
3077,7.1,0,4,32,3.0
3078,3.6,7,0,76,1.3
3079,5.4,9,0,68,2.0
3080,8.4,1,5,51,3.3
3081,11.6,10,0,90,6.0
3082,10.9,0,4,23,5.4
3083,10.5,4,5,81,4.8
3084,7.7,1,5,56,4.9
3085,4.3,7,0,47,2.4
3086,2.7,8,2,93,0.9
3087,5.8,8,0,65,3.5
3088,9.8,9,0,91,4.5
3089,4.9,9,2,95,3.2
3090,5.3,6,0,46,2.8
3091,3.6,1,2,28,1.1
3092,9.2,8,0,70,4.4
3093,5.2,1,6,59,1.2
3094,8.5,0,3,29,3.6
3095,7.5,0,5,48,4.5
3096,11.9,8,1,77,5.7
3097,11.5,0,8,62,3.9
3098,6.2,1,4,58,3.5
3099,10.1,8,3,93,4.3
3100,6.4,6,0,61,2.8
3101,5.1,7,2,82,2.1
3102,2.6,7,3,89,0.1
3103,9.3,8,0,67,4.3
3104,5.2,6,1,65,1.7
3105,7.1,9,0,68,4.1
3106,4.1,6,1,64,1.4
3107,3.1,6,0,46,1.9
3108,9.6,8,2,81,4.3
3109,5.3,7,1,74,2.7
3110,4.9,0,6,66,0.8
3111,5.0,0,6,59,1.6
3112,3.5,6,2,67,2.1
3113,2.8,9,0,71,0.7
3114,4.3,1,2,35,1.6
3115,10.1,7,0,55,3.3
3116,11.8,7,0,59,6.0
3117,7.4,0,6,58,4.0
3118,10.2,8,0,64,3.9
3119,4.9,7,0,54,2.2
3120,9.0,8,0,56,4.4
3121,11.0,7,0,75,5.3
3122,8.4,9,0,85,4.1
3123,9.2,7,0,53,5.1
3124,3.5,7,0,61,0.0
3125,5.9,5,2,73,2.9
3126,2.8,8,0,74,1.4
3127,4.1,8,2,90,2.2
3128,5.3,7,1,78,2.8
3129,11.6,0,4,35,5.1
3130,2.9,0,6,59,2.4
3131,6.8,1,6,65,2.8
3132,9.8,0,5,37,5.1
3133,7.3,8,0,74,2.6
3134,8.1,7,0,57,3.9
3135,11.4,8,2,84,6.0
3136,8.7,8,0,72,4.4
3137,9.7,8,1,88,4.6
3138,2.9,7,0,63,0.0
3139,10.1,7,0,66,5.0
3140,6.5,8,2,88,3.5
3141,2.7,8,1,66,1.2
3142,10.6,8,1,67,5.0
3143,11.6,1,4,49,5.5
3144,8.2,5,0,65,4.2
3145,10.9,7,1,74,5.2
3146,4.3,1,4,53,2.8
3147,8.2,9,2,103,3.7
3148,6.8,7,3,80,2.1
3149,2.8,1,4,71,2.0
3150,8.5,7,0,75,4.7
3151,8.0,9,2,97,4.3
3152,2.9,9,2,89,2.7
3153,4.5,8,2,74,2.2
3154,5.3,9,0,82,2.7
3155,4.4,8,0,86,1.5
3156,8.7,7,1,83,5.0
3157,7.6,0,3,52,1.8
3158,6.0,0,5,23,1.7
3159,6.6,7,0,69,2.9
3160,11.7,7,2,80,4.6
3161,3.6,8,0,74,1.0
3162,4.3,10,2,108,1.2
3163,7.6,7,3,89,4.6
3164,11.8,0,3,42,6.0
3165,9.5,8,0,75,4.4
3166,10.3,1,5,58,3.5
3167,9.5,7,0,64,4.2
3168,3.2,9,0,80,0.5
3169,5.3,7,0,49,2.9
3170,7.6,9,0,80,4.0
3171,3.1,0,6,60,0.9
3172,6.3,8,0,76,3.3
3173,4.5,6,1,58,3.2
3174,8.7,0,6,58,3.5
3175,3.4,0,6,58,1.3
3176,10.0,2,2,44,4.0
3177,7.9,8,0,65,3.8
3178,6.0,8,1,53,4.4
3179,3.8,8,2,87,1.8
3180,8.9,8,1,75,3.7
3181,10.5,10,1,87,5.2
3182,10.6,2,5,64,4.6
3183,3.7,7,1,61,1.9
3184,11.8,8,1,93,5.7
3185,5.5,6,0,40,2.9
3186,4.8,7,2,75,1.4
3187,6.0,6,1,60,2.9
3188,6.6,7,0,50,2.2
3189,8.1,6,2,56,2.9
3190,7.7,9,0,82,4.3
3191,4.1,0,6,78,2.9
3192,5.2,7,0,51,2.8
3193,9.5,7,0,34,4.6
3194,4.5,0,3,17,2.1
3195,9.1,0,8,64,4.6
3196,9.7,0,4,37,4.3
3197,9.7,8,1,78,3.4
3198,9.5,7,0,70,4.5
3199,5.0,0,0,10,1.0
3200,6.5,9,2,81,1.5
3201,7.0,9,0,93,3.2
3202,11.5,6,0,62,5.9
3203,5.6,1,3,29,2.8
3204,11.4,9,0,82,5.5
3205,10.8,7,0,65,4.2
3206,9.8,1,4,56,4.4
3207,9.0,7,1,73,4.3
3208,7.2,6,0,65,3.4
3209,3.6,0,7,55,1.6
3210,7.1,0,6,53,2.6
3211,2.7,0,5,38,1.8
3212,7.1,9,0,72,3.6
3213,8.5,7,0,62,3.7
3214,6.3,6,0,60,2.8
3215,3.7,0,5,45,2.9
3216,9.1,7,2,84,4.3
3217,10.5,6,0,57,4.1
3218,8.6,1,6,60,4.7
3219,8.0,7,0,74,3.6
3220,6.5,6,0,54,1.8
3221,8.9,8,2,76,4.8
3222,5.5,0,6,56,2.5
3223,8.0,1,4,39,3.5
3224,5.7,7,0,45,2.7
3225,8.4,0,3,53,3.7
3226,6.9,10,0,79,2.6
3227,4.7,8,0,82,2.6
3228,5.1,7,1,57,2.4
3229,9.4,8,1,93,4.3
3230,4.1,8,0,73,2.0
3231,5.3,10,0,85,2.5
3232,9.4,7,0,64,4.4
3233,2.8,8,0,64,2.0
3234,2.5,7,0,59,1.7
3235,6.2,0,3,26,3.7
3236,11.5,8,0,80,5.3
3237,2.9,1,7,76,1.5
3238,11.0,8,1,77,4.5
3239,7.9,8,0,71,2.6
3240,3.4,7,0,65,1.3
3241,10.4,8,0,69,5.4
3242,2.9,7,0,53,1.1
3243,7.4,9,0,78,3.8
3244,8.4,0,3,41,2.9
3245,8.9,2,3,35,3.5
3246,4.7,8,0,74,2.9
3247,5.0,7,0,61,2.9
3248,10.6,7,0,56,4.0
3249,5.9,8,1,89,2.7
3250,7.5,0,5,29,2.8
3251,6.7,6,1,54,3.2
3252,4.2,6,0,48,2.6
3253,6.4,1,8,98,3.8
3254,2.9,8,0,93,0.9
3255,3.9,8,0,63,0.8
3256,10.4,0,5,46,4.2
3257,11.3,4,3,62,4.8
3258,2.7,6,0,48,2.7
3259,5.6,7,1,76,1.8
3260,11.4,7,0,73,5.4
3261,9.3,7,2,82,4.8
3262,2.6,8,1,68,1.1
3263,3.5,8,2,78,1.3
3264,9.5,9,0,75,5.2
3265,9.0,9,2,102,3.9
3266,10.8,0,5,44,4.4
3267,9.7,7,1,70,4.0
3268,11.5,8,0,56,5.7
3269,7.7,0,1,29,3.3
3270,5.0,8,1,72,2.7
3271,3.7,6,0,40,1.5
3272,2.5,8,3,109,1.9
3273,3.7,9,0,86,2.7
3274,8.2,8,2,84,3.8
3275,6.4,9,1,82,2.6
3276,10.0,2,2,38,3.7
3277,5.6,7,1,69,2.9
3278,5.9,7,0,74,2.6
3279,8.4,8,1,64,4.0
3280,11.4,1,4,54,4.7
3281,8.1,7,3,74,3.1
3282,4.7,6,0,64,2.6
3283,6.2,7,0,46,2.9
3284,11.3,0,1,10,5.5
3285,10.1,7,0,58,5.9
3286,2.8,8,0,73,1.8
3287,4.9,0,7,68,3.9
3288,8.2,9,0,75,4.1
3289,9.5,1,3,36,5.1
3290,3.6,8,3,104,1.9
3291,7.4,6,0,43,2.5
3292,7.8,9,0,96,4.1
3293,3.7,7,0,73,1.6
3294,6.7,10,0,76,2.6
3295,2.5,0,3,32,0.3
3296,9.1,8,2,89,4.6
3297,3.2,7,0,42,1.8
3298,3.9,7,0,79,1.7
3299,10.0,9,1,101,5.1
3300,6.4,8,3,93,3.8
3301,9.1,9,0,97,4.6
3302,8.7,4,4,71,4.7
3303,3.9,6,0,52,1.6
3304,4.1,7,0,58,2.1
3305,8.8,0,5,44,4.8
3306,4.8,7,1,59,2.3
3307,6.7,9,0,72,2.6
3308,10.3,9,0,73,4.2
3309,5.1,6,2,75,1.7
3310,5.8,6,0,59,2.6
3311,5.5,0,4,46,3.7
3312,9.6,2,4,59,4.1
3313,5.6,9,0,78,2.2
3314,6.1,0,5,49,3.8
3315,7.8,7,0,75,2.2
3316,7.4,9,0,84,1.8
3317,5.1,8,0,62,2.5
3318,8.3,7,0,75,4.0
3319,5.9,7,1,76,3.3
3320,6.9,6,1,62,4.0
3321,6.1,8,1,76,2.9
3322,10.0,0,0,10,3.2
3323,7.6,9,2,99,4.0
3324,11.9,0,4,45,4.1
3325,7.2,8,0,81,3.3
3326,11.0,7,0,69,5.5
3327,8.0,8,2,68,3.6
3328,11.0,7,1,80,5.0
3329,8.8,8,0,79,4.2
3330,3.6,0,3,38,0.8
3331,3.4,1,5,45,1.4
3332,9.8,6,2,81,5.7
3333,9.0,1,5,58,4.1
3334,6.8,7,0,59,2.8
3335,6.6,9,0,76,4.0
3336,8.8,0,1,25,5.2
3337,7.8,2,4,36,2.5
3338,4.4,7,0,76,1.3
3339,10.8,1,7,75,4.2
3340,9.2,2,7,81,4.9
3341,8.7,7,0,60,3.9
3342,7.0,5,3,94,3.4
3343,11.5,9,3,94,5.2
3344,2.6,8,1,95,2.1
3345,9.1,0,3,35,3.7
3346,11.8,8,1,101,4.7
3347,8.1,7,1,66,3.5
3348,8.1,8,0,58,3.3
3349,10.0,8,0,61,4.4
3350,2.7,7,0,53,0.7
3351,3.6,6,0,53,3.5
3352,10.5,1,7,72,4.0
3353,8.7,2,2,35,2.7
3354,11.8,6,1,74,5.7
3355,6.4,0,2,25,2.6
3356,6.7,7,0,71,3.6
3357,8.8,8,1,78,2.7
3358,4.2,1,7,65,2.4
3359,5.2,6,2,67,2.5
3360,10.7,0,4,23,5.2
3361,10.1,9,2,114,3.8
3362,7.9,8,3,93,3.1
3363,5.9,8,1,75,3.7
3364,8.5,6,1,51,3.8
3365,4.1,0,5,47,1.5
3366,6.6,8,0,52,3.7
3367,7.3,8,1,84,2.5
3368,6.9,7,0,53,3.2
3369,6.5,8,2,101,2.2
3370,6.1,8,0,84,4.5
3371,8.0,7,0,53,3.5
3372,5.9,8,0,77,3.3
3373,8.1,1,6,80,2.7
3374,7.4,7,0,82,4.3
3375,5.9,7,2,89,2.2
3376,10.0,9,2,99,4.2
3377,2.9,1,6,59,3.7
3378,5.1,7,1,78,2.6
3379,7.2,0,8,58,4.1
3380,11.2,6,0,69,3.6
3381,3.2,7,0,86,0.8
3382,8.0,8,1,73,3.8
3383,4.1,6,2,62,2.3
3384,2.6,0,3,31,0.9
3385,10.7,0,3,42,3.3
3386,10.8,9,0,79,4.7
3387,5.1,0,7,71,2.3
3388,10.7,8,0,70,4.3
3389,6.1,0,7,80,3.4
3390,2.9,7,2,86,2.7
3391,4.6,7,1,62,1.6
3392,8.7,8,0,53,4.5
3393,4.5,7,2,90,2.1
3394,8.0,7,3,90,3.2
3395,4.2,7,0,72,1.4
3396,4.5,8,0,83,1.6
3397,8.9,7,2,76,4.3
3398,10.8,6,0,64,6.0
3399,9.6,8,2,85,4.6
3400,3.1,0,1,18,1.8
3401,11.3,2,6,91,3.8
3402,4.0,8,0,71,1.5
3403,9.4,8,2,73,4.3
3404,9.4,1,4,36,4.4
3405,6.8,0,7,73,3.6
3406,7.9,6,3,79,2.8
3407,3.4,8,0,69,1.7
3408,11.7,8,0,73,5.8
3409,3.1,6,0,55,0.3
3410,11.1,8,0,79,4.9
3411,4.9,6,0,50,1.5
3412,6.2,1,3,48,3.6
3413,9.7,7,0,69,5.7
3414,10.9,0,3,36,4.4
3415,9.1,0,1,12,6.0
3416,3.7,0,6,66,1.3
3417,5.8,8,0,83,3.0
3418,8.3,0,9,61,3.4
3419,11.9,4,6,89,5.2
3420,6.3,9,0,68,2.6
3421,5.4,0,5,47,2.5
3422,5.2,10,0,86,2.1
3423,10.6,10,0,90,4.5
3424,4.1,6,1,63,1.1
3425,8.6,0,6,52,4.5
3426,10.6,1,4,52,3.8
3427,10.6,0,1,10,4.8
3428,3.7,2,6,68,1.3
3429,10.0,6,0,54,4.1
3430,11.2,2,5,55,5.1
3431,9.9,7,1,53,4.9
3432,9.2,8,0,73,4.0
3433,7.4,8,1,70,2.7
3434,9.8,8,0,59,5.0
3435,8.0,8,0,86,3.6
3436,6.4,9,0,71,2.8
3437,7.2,8,0,64,2.6
3438,8.7,7,0,74,4.1
3439,7.8,0,6,47,4.1
3440,8.9,0,4,36,4.5
3441,11.8,9,0,67,6.0
3442,5.0,1,6,69,2.9
3443,12.0,8,0,68,4.8
3444,3.0,0,4,41,1.1
3445,8.3,11,0,92,3.5
3446,11.4,0,7,48,4.6
3447,3.5,6,1,57,2.1
3448,11.9,2,4,60,5.2
3449,11.2,0,5,52,4.3
3450,10.6,4,6,72,3.4
3451,7.5,0,2,28,4.5
3452,4.5,0,7,76,1.7
3453,3.3,7,1,72,1.4
3454,3.1,0,4,41,1.1
3455,8.1,0,4,38,3.2
3456,9.2,7,0,77,5.2
3457,4.6,9,1,82,1.8
3458,7.1,0,0,23,3.0
3459,7.5,8,0,76,4.2
3460,11.0,9,1,93,4.9
3461,3.7,9,0,72,1.8
3462,10.1,9,0,73,3.0
3463,9.8,10,1,96,3.7
3464,9.0,8,1,92,2.9
3465,4.9,9,0,57,2.5
3466,3.0,8,0,61,0.8
3467,9.9,0,6,48,3.4
3468,7.8,0,7,78,3.0
3469,8.5,8,0,68,4.4
3470,10.6,8,0,78,4.9
3471,3.8,6,0,53,1.6
3472,4.5,2,5,62,1.9
3473,6.5,8,3,88,2.8
3474,5.9,2,4,50,2.5
3475,11.5,8,0,63,4.5
3476,5.5,2,4,58,1.3
3477,11.0,8,0,60,4.3
3478,7.6,6,2,82,2.2
3479,3.4,0,4,54,1.6
3480,8.9,8,0,71,4.1
3481,9.6,7,0,51,4.7
3482,4.1,0,5,46,2.4
3483,6.5,8,0,67,3.4
3484,3.9,8,0,60,1.0
3485,4.2,9,0,81,1.7
3486,9.0,2,5,52,3.9
3487,7.2,9,2,108,2.8
3488,2.8,8,0,77,0.8
3489,11.4,7,1,54,4.7
3490,9.1,0,4,52,4.0
3491,3.0,8,0,80,2.3
3492,9.3,0,7,65,4.5
3493,10.5,0,5,49,5.2
3494,6.4,9,1,89,3.2
3495,9.7,7,2,75,4.4
3496,5.3,2,6,76,0.5
3497,3.7,0,4,27,3.2
3498,11.7,8,0,49,5.2
3499,2.5,8,2,93,1.7
3500,7.5,0,8,72,2.9
3501,3.4,0,6,53,1.8
3502,8.2,8,1,89,3.3
3503,2.5,7,0,53,2.3
3504,3.1,10,0,91,0.5
3505,9.2,8,0,74,3.6
3506,10.2,8,2,76,4.3
3507,10.0,5,2,80,4.5
3508,4.2,6,0,49,2.4
3509,2.6,2,3,44,1.8
3510,9.6,8,0,84,3.3
3511,4.2,7,0,63,1.4
3512,5.5,0,3,22,2.8
3513,5.1,8,1,88,2.2
3514,11.4,8,0,69,5.0
3515,10.8,7,2,70,3.8
3516,6.8,0,5,26,1.2
3517,10.0,7,0,64,3.5
3518,9.6,8,0,80,4.6
3519,7.0,9,0,68,3.4
3520,3.4,7,1,72,1.1
3521,9.9,8,3,93,4.4
3522,8.9,7,0,44,3.3
3523,4.0,2,5,59,2.5
3524,7.1,0,6,66,2.3
3525,10.1,7,2,79,4.7
3526,9.8,7,1,75,3.6
3527,11.7,8,2,87,3.9
3528,6.9,10,0,73,4.1
3529,10.4,4,7,73,3.9
3530,2.6,7,0,53,1.1
3531,8.6,0,6,47,4.2
3532,5.1,8,0,74,3.2
3533,4.0,0,0,10,1.0
3534,9.5,9,0,63,4.6
3535,6.0,0,4,43,2.2
3536,8.3,0,2,24,3.3
3537,10.4,7,1,59,4.2
3538,7.6,8,1,94,3.0
3539,6.7,10,0,76,3.4
3540,8.4,0,4,45,4.8
3541,12.0,7,2,80,6.0
3542,3.7,7,2,78,3.4
3543,5.1,8,0,67,1.8
3544,11.4,9,0,94,6.0
3545,12.0,2,5,53,5.5
3546,7.8,7,0,66,3.9
3547,2.7,8,0,78,2.0
3548,10.4,9,2,69,4.6
3549,8.5,9,0,85,4.0
3550,7.5,11,0,74,3.6
3551,11.7,2,5,67,4.9
3552,3.8,6,1,57,1.8
3553,5.8,8,1,65,2.1
3554,8.4,7,0,57,3.7
3555,2.5,0,4,65,2.2
3556,10.7,8,1,76,5.8
3557,9.7,0,6,47,3.0
3558,4.7,0,1,18,2.4
3559,5.4,7,0,51,2.5
3560,5.4,6,0,49,1.9
3561,10.7,6,0,60,4.4
3562,5.5,8,2,87,2.3
3563,5.2,8,2,90,2.7
3564,9.5,8,0,78,3.9
3565,8.0,9,2,84,4.0
3566,5.9,2,4,44,3.1
3567,8.0,6,0,62,3.8
3568,11.2,9,0,70,4.9
3569,6.8,6,0,63,3.0
3570,2.5,10,1,99,1.1
3571,9.5,0,4,34,5.2
3572,12.0,10,2,100,5.4
3573,3.0,1,7,68,1.5
3574,8.3,9,1,74,3.3
3575,6.3,1,5,63,2.1
3576,7.9,8,2,90,3.1
3577,5.4,0,0,17,3.4
3578,9.7,9,0,87,4.5
3579,3.4,9,0,80,1.1
3580,3.4,9,0,90,1.9
3581,7.6,6,0,55,2.5
3582,5.5,5,0,59,1.6
3583,11.3,9,0,87,5.1
3584,4.3,9,3,103,2.9
3585,9.9,0,2,28,5.3
3586,11.8,7,0,68,5.0
3587,5.6,0,6,51,2.3
3588,11.2,7,0,60,5.5
3589,5.5,7,1,84,2.5
3590,7.8,9,0,78,3.7
3591,2.5,8,0,76,1.0
3592,5.0,8,3,88,1.9
3593,3.0,0,1,27,2.2
3594,2.8,10,0,87,1.4
3595,12.0,4,7,108,4.8
3596,9.8,9,2,81,4.9
3597,5.7,0,7,82,1.9
3598,9.0,7,0,67,3.9
3599,7.5,0,0,10,4.0
3600,11.2,1,7,66,4.5
3601,4.9,8,1,83,1.7
3602,7.4,9,0,61,4.7
3603,2.6,7,0,68,0.9
3604,9.4,6,0,59,3.7
3605,8.0,0,6,59,4.1
3606,8.4,2,4,59,3.6
3607,9.4,9,2,73,6.0
3608,6.1,8,0,72,2.4
3609,4.0,8,0,59,1.7
3610,4.2,2,5,62,2.4
3611,9.5,0,6,46,3.7
3612,11.9,7,2,76,5.5
3613,6.8,0,2,28,3.2
3614,4.1,9,0,64,1.1
3615,3.2,1,3,49,1.3
3616,7.1,0,6,64,2.9
3617,9.3,0,2,20,4.0
3618,8.2,7,2,75,3.4
3619,5.3,7,0,74,2.0
3620,8.1,0,4,41,4.7
3621,7.7,6,0,38,4.3
3622,4.6,9,0,80,2.6
3623,6.4,9,1,93,3.4
3624,10.8,8,0,89,4.6
3625,9.6,8,1,65,4.1
3626,11.3,8,1,75,5.8
3627,11.0,6,0,48,4.6
3628,4.9,6,2,77,2.9
3629,10.7,1,4,65,5.3
3630,8.3,6,3,86,2.5
3631,11.6,7,1,66,5.2
3632,4.4,8,1,82,0.4
3633,5.8,6,0,55,2.4
3634,6.3,8,2,98,1.8
3635,2.7,8,1,85,0.3
3636,7.1,2,3,48,4.1
3637,11.5,6,0,52,4.5
3638,10.2,8,0,69,3.7
3639,4.4,7,0,71,1.4
3640,5.2,9,1,77,2.0
3641,11.8,0,6,55,5.8
3642,3.1,9,0,89,0.4
3643,6.8,0,5,26,3.6
3644,10.9,0,2,20,3.7
3645,9.1,8,1,74,3.9
3646,11.8,7,1,82,5.2
3647,11.8,9,0,86,5.4
3648,9.6,7,0,53,3.5
3649,7.1,8,0,62,3.1
3650,8.4,8,0,70,2.6
3651,10.0,8,2,77,4.5
3652,5.3,0,4,57,3.3
3653,6.9,8,0,66,2.8
3654,8.8,7,1,80,3.6
3655,5.1,0,6,47,2.4
3656,8.7,7,0,56,3.4
3657,3.9,6,0,63,2.6
3658,6.5,6,2,83,1.8
3659,3.5,6,0,37,2.4
3660,10.5,8,3,108,3.8
3661,5.4,8,1,73,2.2
3662,11.3,0,8,84,4.4
3663,10.0,8,0,50,4.0
3664,5.5,6,2,64,2.5
3665,8.2,8,0,59,4.5
3666,6.7,0,2,24,4.2
3667,10.2,1,5,57,4.9
3668,9.0,2,1,35,3.8
3669,8.7,6,0,66,4.1
3670,9.4,8,1,79,5.0
3671,6.5,2,6,64,3.7
3672,6.4,8,0,83,3.3
3673,5.8,7,0,69,2.7
3674,4.0,9,2,99,0.5
3675,5.9,0,2,22,3.5
3676,8.5,4,8,106,3.9
3677,5.5,5,0,47,0.8
3678,4.3,2,5,56,1.3
3679,11.6,7,0,63,5.8
3680,8.0,9,0,69,3.4
3681,2.8,6,1,64,1.1
3682,9.9,10,1,103,5.2
3683,8.9,6,1,57,3.1
3684,6.2,6,0,49,2.5
3685,9.1,6,0,71,2.6
3686,11.2,1,2,30,5.1
3687,4.5,8,2,79,1.1
3688,7.5,10,0,78,3.1
3689,9.8,6,1,43,3.6
3690,3.3,8,1,100,2.9
3691,9.6,6,3,82,4.2
3692,9.8,5,1,47,5.0
3693,7.8,7,0,71,3.8
3694,10.0,0,3,34,5.4
3695,8.9,0,5,47,3.8
3696,5.6,8,0,74,2.1
3697,3.9,6,1,73,2.1
3698,11.6,6,1,59,5.4
3699,8.0,7,0,82,3.4
3700,9.3,8,0,62,4.3
3701,7.6,6,0,58,3.3
3702,9.6,8,0,75,4.2
3703,4.0,1,3,38,2.5
3704,4.6,7,0,79,2.2
3705,10.6,7,0,77,4.0
3706,3.0,0,4,55,1.7
3707,6.8,9,0,77,2.0
3708,4.3,8,2,88,1.9
3709,7.9,7,0,78,4.7
3710,6.9,0,3,25,4.2
3711,9.5,1,6,71,3.5
3712,5.4,9,2,109,2.1
3713,6.5,2,5,52,2.2
3714,4.7,8,0,49,2.9
3715,3.5,2,4,47,1.5
3716,4.7,6,2,62,2.6
3717,11.0,0,3,29,5.0
3718,7.1,0,5,52,3.0
3719,7.6,7,0,59,1.9
3720,9.5,0,2,28,4.4
3721,10.7,7,1,55,5.1
3722,2.7,9,1,112,0.7
3723,3.7,8,0,74,1.6
3724,6.6,7,1,73,2.9
3725,4.4,1,4,44,1.9
3726,7.0,0,6,39,3.1
3727,8.3,7,0,57,3.2
3728,7.2,8,1,67,2.7
3729,9.0,7,0,46,4.3
3730,2.7,8,0,65,0.8
3731,7.6,9,0,75,3.6
3732,9.3,2,6,62,3.9
3733,12.0,7,1,73,4.4
3734,3.5,9,2,98,1.7
3735,2.6,7,0,67,1.6
3736,5.3,8,1,79,3.0
3737,5.6,4,1,39,2.2
3738,10.2,0,2,10,4.7
3739,4.9,8,0,66,1.8
3740,4.8,5,1,66,3.2
3741,10.8,7,2,72,4.7
3742,6.6,0,7,63,1.9
3743,8.8,1,1,18,4.5
3744,4.5,6,0,53,1.8
3745,8.2,8,0,71,5.0
3746,11.0,10,0,82,5.1
3747,9.4,8,1,61,4.1
3748,3.8,9,0,61,1.3
3749,3.8,8,1,86,0.9
3750,3.5,6,0,43,2.2
3751,11.2,8,0,68,3.9
3752,8.3,0,3,29,4.1
3753,2.7,0,2,19,0.6
3754,10.5,7,1,73,4.2
3755,5.6,10,3,117,3.0
3756,8.9,0,3,39,3.4
3757,10.6,2,9,103,4.6
3758,9.7,0,2,33,4.8
3759,10.3,0,8,69,5.5
3760,10.1,4,0,53,4.2
3761,3.9,8,0,84,1.6
3762,6.2,1,6,51,2.1
3763,11.2,7,0,79,4.2
3764,3.4,2,3,54,1.5
3765,11.8,10,1,108,5.9
3766,4.7,0,4,57,1.6
3767,8.4,0,4,44,4.7
3768,5.6,0,6,58,2.2
3769,11.8,0,5,51,4.8
3770,7.5,0,8,68,4.3
3771,3.9,9,0,69,2.0
3772,10.5,7,2,86,5.5
3773,6.3,9,1,98,3.6
3774,10.6,6,0,67,5.5
3775,6.7,9,0,67,3.0
3776,11.4,8,2,70,6.0
3777,3.0,8,2,86,2.2
3778,11.8,8,0,61,4.5
3779,6.9,7,0,60,3.7
3780,6.0,7,1,71,3.2
3781,2.9,9,1,86,0.1
3782,4.7,9,0,72,2.2
3783,5.5,7,0,71,2.5
3784,9.4,8,0,85,3.6
3785,9.1,0,1,33,4.5
3786,10.9,9,0,78,4.8
3787,11.4,8,0,79,5.1
3788,9.4,7,2,85,4.8
3789,9.1,1,5,56,3.5
3790,11.0,1,2,27,5.3
3791,3.7,10,0,97,2.3
3792,3.2,7,0,63,2.0
3793,9.2,2,4,49,4.2
3794,5.4,7,0,73,2.1
3795,6.5,7,2,73,3.8
3796,8.3,8,1,71,4.2
3797,11.5,1,6,60,4.9
3798,10.8,1,3,48,5.0
3799,9.5,8,0,68,5.2
3800,6.6,7,3,92,2.9
3801,10.0,0,1,10,3.7
3802,4.2,0,0,10,2.1
3803,10.2,7,0,62,4.2
3804,7.0,0,5,49,2.5
3805,5.0,8,0,66,0.8
3806,6.9,0,4,44,3.2
3807,10.0,6,0,70,4.8
3808,8.7,7,3,78,3.1
3809,3.8,10,0,98,2.0
3810,9.1,9,0,74,4.9
3811,10.4,9,2,107,4.9
3812,3.9,7,1,77,1.8
3813,3.1,9,2,86,1.7
3814,3.0,1,9,90,0.5
3815,2.7,8,1,64,2.1
3816,2.7,1,8,67,1.1
3817,10.1,0,2,20,4.5
3818,9.5,8,0,71,3.8
3819,11.4,0,5,36,4.4
3820,5.9,1,6,42,2.1
3821,9.2,8,1,73,3.6
3822,6.4,7,0,58,3.3
3823,7.8,8,0,55,4.1
3824,6.7,0,5,43,2.8
3825,6.4,0,4,47,3.4
3826,4.8,0,5,38,2.9
3827,8.0,6,0,55,4.6
3828,5.0,1,3,37,1.4
3829,3.8,9,0,72,2.0
3830,9.6,8,0,45,3.6
3831,8.6,1,5,66,3.5
3832,5.3,8,0,74,2.1
3833,8.5,8,0,61,4.4
3834,2.8,9,2,107,1.7
3835,11.9,0,5,53,6.0
3836,4.1,8,0,61,1.3
3837,11.4,8,0,82,4.4
3838,3.1,9,1,80,1.0
3839,9.2,1,6,52,3.1
3840,4.6,7,1,70,2.9
3841,11.7,6,2,69,4.9
3842,5.5,7,0,64,1.4
3843,2.9,9,0,74,0.9
3844,2.8,2,5,69,1.3
3845,10.6,1,4,34,5.5
3846,3.2,7,2,73,0.5
3847,10.4,0,7,64,4.6
3848,3.9,8,0,64,1.5
3849,5.1,0,4,46,1.5
3850,11.8,8,2,93,5.8
3851,9.4,8,0,73,3.8
3852,3.9,0,0,10,1.3
3853,5.1,8,0,56,2.7
3854,7.0,8,2,84,3.6
3855,10.9,8,0,69,5.5
3856,9.3,1,6,79,4.6
3857,9.1,8,0,66,4.4
3858,5.9,8,0,72,2.1
3859,8.7,0,4,39,2.5
3860,4.1,9,0,68,1.8
3861,7.9,2,6,69,3.7
3862,7.8,8,1,90,1.8
3863,9.0,4,6,77,3.3
3864,4.8,8,0,75,2.0
3865,3.6,0,7,74,1.2
3866,11.7,7,2,73,5.3
3867,4.0,6,0,54,2.3
3868,5.7,7,0,60,2.0
3869,10.8,6,3,101,5.1
3870,8.1,7,2,80,3.5
3871,4.5,1,7,69,1.8
3872,7.1,7,0,63,4.0
3873,10.5,2,5,72,5.1
3874,11.9,0,6,54,5.1
3875,8.6,10,0,85,4.3
3876,4.9,1,3,30,2.7
3877,10.2,7,0,40,4.8
3878,10.2,7,0,49,5.6
3879,10.9,8,0,80,4.8
3880,3.8,6,1,59,1.6
3881,6.0,9,0,72,1.5
3882,4.7,8,0,75,2.1
3883,4.6,9,0,84,1.3
3884,6.0,0,6,66,1.6
3885,3.0,9,0,78,1.7
3886,10.6,8,0,77,4.4
3887,10.6,9,0,70,4.3
3888,11.5,0,3,44,4.0
3889,3.2,8,0,78,0.4
3890,7.9,1,4,52,4.9
3891,2.6,0,6,61,2.9
3892,8.1,1,5,73,3.5
3893,3.4,0,8,87,1.2
3894,6.2,2,4,63,3.2
3895,5.6,9,1,104,2.5
3896,5.6,8,3,88,2.1
3897,4.3,8,2,74,1.5
3898,3.5,4,4,73,1.6
3899,2.7,6,2,68,1.3
3900,9.6,9,1,82,4.4
3901,11.2,6,0,48,4.5
3902,11.0,6,1,71,4.5
3903,8.5,8,0,66,2.9
3904,3.7,9,0,85,3.7
3905,7.9,7,3,95,4.5
3906,3.4,0,6,58,2.3
3907,7.4,7,1,73,3.4
3908,10.6,0,6,58,4.3
3909,4.4,7,3,90,1.4
3910,11.4,7,0,72,6.0
3911,6.2,1,7,65,2.7
3912,4.6,0,5,51,2.7
3913,7.3,4,6,78,3.1
3914,10.8,1,6,51,5.0
3915,5.1,0,6,39,2.3
3916,4.1,0,6,36,2.3
3917,8.6,0,5,40,2.9
3918,9.1,1,3,15,4.1
3919,3.2,0,1,24,1.3
3920,4.9,8,3,84,2.7
3921,3.6,4,5,81,2.0
3922,9.3,8,1,84,4.6
3923,7.5,6,0,59,3.9
3924,11.0,6,3,69,5.4
3925,8.9,0,5,47,3.7
3926,5.1,6,2,86,3.2
3927,5.7,5,0,47,3.5
3928,6.5,9,2,88,3.0
3929,3.4,7,2,73,1.4
3930,11.3,8,0,72,5.6
3931,9.1,8,0,79,3.4
3932,9.4,10,2,96,3.8
3933,8.8,6,0,54,3.5
3934,6.7,9,0,96,2.3
3935,6.1,8,2,84,3.0
3936,7.7,1,5,43,4.3
3937,9.5,0,3,35,3.7
3938,5.9,0,9,70,2.3
3939,7.2,7,1,76,3.3
3940,8.7,10,0,98,4.0
3941,5.1,4,7,65,2.7
3942,10.4,7,1,65,4.7
3943,4.5,4,4,64,1.4
3944,10.7,7,2,74,6.0
3945,2.5,4,8,112,0.8
3946,8.6,7,2,80,3.6
3947,7.0,9,0,70,3.3
3948,4.8,0,3,15,2.1
3949,11.5,0,2,23,5.4
3950,4.5,0,5,65,1.9
3951,7.2,7,1,59,3.3
3952,7.8,0,6,56,4.6
3953,11.6,1,7,75,4.3
3954,8.6,0,2,25,3.5
3955,3.2,0,0,10,1.6
3956,6.5,8,1,73,3.0
3957,10.7,0,4,60,4.6
3958,9.7,1,6,36,4.8
3959,3.0,1,4,26,0.9
3960,8.0,9,0,85,3.8
3961,3.6,9,0,83,1.4
3962,3.4,1,6,66,1.7
3963,11.6,7,0,55,6.0
3964,9.1,6,2,76,4.1
3965,3.5,8,0,58,1.7
3966,5.7,7,0,69,3.1
3967,9.0,7,0,63,3.7
3968,11.1,8,0,73,6.0
3969,3.1,9,0,97,2.2
3970,3.3,0,6,46,1.0
3971,3.6,9,0,85,1.8
3972,7.7,8,0,72,2.6
3973,6.9,2,5,79,4.3
3974,4.1,0,3,33,1.9
3975,7.6,7,2,71,3.7
3976,5.8,9,0,78,3.3
3977,4.1,7,1,48,1.8
3978,2.8,8,1,76,1.8
3979,3.4,7,0,78,1.3
3980,6.2,0,3,34,3.1
3981,7.4,8,0,61,3.4
3982,4.6,9,2,95,1.6
3983,9.9,0,6,54,4.6
3984,7.9,1,3,35,4.3
3985,9.8,1,4,49,4.6
3986,6.3,8,1,85,0.1
3987,11.0,8,2,95,4.8
3988,10.1,7,0,70,3.7
3989,7.8,0,0,10,4.4
3990,9.0,2,6,83,5.0
3991,3.9,5,0,63,2.3
3992,9.8,7,3,75,4.8
3993,8.3,6,0,60,3.5
3994,4.4,0,2,13,1.6
3995,5.1,0,4,31,2.2
3996,11.2,7,2,74,5.1
3997,4.4,8,0,69,0.1
3998,6.6,8,1,78,4.3
3999,10.5,7,0,45,4.8
4000,5.5,0,5,48,2.8
4001,4.1,7,0,64,1.9
4002,7.2,7,1,75,3.6
4003,4.3,6,0,62,1.4
4004,11.8,6,0,76,5.5
4005,8.7,8,1,74,4.7
4006,7.3,0,6,61,3.1
4007,6.7,8,0,55,3.2
4008,8.4,8,2,89,4.0
4009,5.9,7,1,69,2.2
4010,4.6,1,5,41,3.6
4011,5.0,0,4,49,1.6
4012,3.5,1,6,54,2.5
4013,11.0,8,0,63,5.7
4014,11.5,6,0,57,4.7
4015,4.8,0,1,28,1.5
4016,11.8,10,0,70,5.0
4017,7.7,8,0,77,3.5
4018,4.8,9,1,78,2.5
4019,7.3,8,0,72,3.0
4020,3.2,7,0,58,0.2
4021,3.8,8,0,63,1.4
4022,4.6,10,0,90,1.5
4023,11.2,10,0,96,4.1
4024,11.5,8,2,85,5.0
4025,6.4,6,0,45,2.3
4026,4.8,0,3,28,2.5
4027,5.6,1,5,39,2.8
4028,5.7,1,5,69,3.1
4029,7.8,7,0,63,4.4
4030,4.1,0,6,59,1.9
4031,8.0,0,3,39,3.7
4032,6.0,2,4,51,2.5
4033,8.4,8,0,75,3.4
4034,7.9,6,0,81,2.9
4035,6.9,8,1,74,3.6
4036,3.6,0,5,34,0.0
4037,4.0,1,2,41,1.3
4038,5.8,8,0,75,3.1
4039,9.5,7,0,64,3.2
4040,5.7,0,6,65,2.9
4041,5.2,0,4,47,1.4
4042,10.0,7,1,74,4.4
4043,10.8,7,0,61,4.5
4044,9.4,4,5,82,4.9
4045,6.8,0,3,37,3.7
4046,4.5,0,4,52,1.7
4047,12.0,9,1,81,4.5
4048,5.7,9,3,103,2.4
4049,6.6,6,1,65,2.5
4050,7.5,7,1,75,3.1
4051,7.9,7,2,86,2.9
4052,2.7,7,0,51,1.6
4053,11.0,7,2,84,4.6
4054,10.9,0,2,45,4.9
4055,3.7,10,1,93,0.8
4056,10.6,8,0,57,5.5
4057,4.0,0,5,55,2.2
4058,4.8,8,0,91,1.5
4059,7.4,9,0,90,4.7
4060,11.8,0,2,15,5.1
4061,7.1,7,0,50,2.3
4062,6.2,0,3,39,2.7
4063,7.4,2,6,65,4.0
4064,4.7,8,1,55,2.3
4065,11.4,9,1,77,4.8
4066,11.4,1,3,38,6.0
4067,8.9,0,4,31,4.5
4068,4.0,0,3,50,2.5
4069,7.1,1,8,85,2.7
4070,6.1,8,0,65,3.0
4071,12.0,0,7,58,6.0
4072,3.0,0,5,40,0.2
4073,5.0,7,2,67,1.6
4074,7.2,4,7,90,2.9
4075,10.3,7,2,86,4.7
4076,9.4,7,0,61,4.5
4077,11.6,0,6,46,5.8
4078,4.5,1,8,68,0.8
4079,3.5,8,0,87,2.5
4080,8.1,0,6,64,3.8
4081,6.6,6,2,63,2.4
4082,5.7,9,0,79,3.0
4083,9.9,1,2,36,2.9
4084,7.7,7,0,68,3.4
4085,5.6,0,6,39,2.9
4086,7.6,1,4,69,3.1
4087,11.4,1,3,47,5.5
4088,5.0,7,1,56,2.8
4089,6.8,7,0,66,2.0
4090,5.2,9,2,78,2.1
4091,8.0,9,0,75,4.5
4092,11.1,1,5,72,4.4
4093,8.7,7,1,60,3.2
4094,4.3,7,1,57,2.8
4095,3.7,0,1,15,2.1
4096,2.8,1,7,74,1.8
4097,10.5,0,2,25,5.8
4098,7.0,9,0,102,2.8
4099,6.5,9,2,99,2.8
4100,5.0,8,0,67,1.7
4101,6.6,7,1,72,2.3
4102,5.8,0,0,23,3.4
4103,9.6,7,2,94,4.2
4104,9.2,7,1,61,4.6
4105,6.7,0,1,18,3.4
4106,8.7,8,0,80,3.3
4107,8.1,7,0,59,3.7
4108,8.6,4,2,49,2.7
4109,9.7,9,0,84,4.5
4110,3.4,8,0,59,1.4
4111,10.4,7,0,78,3.5
4112,5.2,2,4,65,2.3
4113,6.1,1,3,39,4.4
4114,5.1,8,0,68,2.9
4115,10.4,1,4,56,4.3
4116,10.8,6,0,54,4.5
4117,3.8,8,3,102,1.7
4118,7.5,5,0,62,3.8
4119,6.1,0,6,51,2.2
4120,4.2,9,1,78,1.6
4121,7.8,8,1,60,3.3
4122,6.0,7,2,72,1.6
4123,9.3,7,3,93,4.4
4124,10.4,4,4,69,4.9
4125,2.6,1,6,67,0.8
4126,7.7,1,4,72,3.1
4127,8.0,7,0,78,2.9
4128,5.5,0,3,35,2.7
4129,10.1,10,0,73,4.0
4130,11.1,8,0,84,5.4
4131,9.8,1,7,63,5.1
4132,7.5,1,3,41,3.6
4133,2.6,7,1,62,0.9
4134,6.5,9,0,86,2.7
4135,9.1,0,3,26,3.6
4136,4.0,2,5,61,2.0
4137,9.9,0,3,28,4.1
4138,8.3,0,5,55,4.7
4139,5.7,0,3,36,1.6
4140,10.6,2,4,55,4.5
4141,8.6,7,0,63,3.4
4142,5.4,6,0,54,2.6
4143,4.4,9,0,72,1.5
4144,4.0,7,0,59,2.2
4145,11.9,7,1,75,5.5
4146,10.8,1,7,65,5.1
4147,9.0,1,6,48,2.9
4148,7.0,8,0,62,2.7
4149,10.6,5,0,47,5.3
4150,9.2,9,2,90,3.4
4151,7.8,8,0,90,2.9
4152,9.9,7,3,83,4.9
4153,3.6,8,0,76,0.9
4154,10.8,0,1,13,3.8
4155,3.7,0,4,61,1.2
4156,11.1,6,0,53,6.0
4157,4.6,7,0,54,1.2
4158,6.2,7,1,69,1.8
4159,9.7,1,4,66,5.5
4160,3.6,8,3,88,1.9
4161,11.8,4,6,89,5.6
4162,9.6,8,0,80,3.1
4163,5.0,0,5,36,1.2
4164,10.9,2,4,61,5.0
4165,2.9,6,2,73,0.3
4166,2.6,7,0,57,1.7
4167,5.6,8,3,109,1.7
4168,3.5,0,4,45,2.1
4169,10.3,8,0,68,4.4
4170,6.2,2,5,63,2.4
4171,8.4,8,1,86,2.7
4172,10.3,7,2,93,6.0
4173,4.0,8,1,84,1.2
4174,11.7,7,0,57,5.9
4175,8.7,8,1,75,3.1
4176,3.1,11,1,99,2.4
4177,7.6,6,1,52,4.0
4178,10.8,7,0,75,4.8
4179,11.0,8,0,66,4.5
4180,9.6,7,0,59,4.9
4181,11.7,0,4,39,4.8
4182,7.2,7,1,52,3.5
4183,6.3,8,0,90,3.1
4184,4.6,1,5,53,2.8
4185,6.8,8,0,84,3.0
4186,10.6,9,1,86,3.8
4187,3.0,8,0,71,0.0
4188,4.6,7,3,95,1.3
4189,11.7,9,1,74,6.0
4190,10.0,0,5,53,5.1
4191,5.1,7,0,55,2.9
4192,10.5,0,0,11,3.9
4193,3.9,8,1,85,2.1
4194,8.8,0,4,40,3.3
4195,4.4,0,6,40,1.9
4196,7.5,7,0,52,2.5
4197,8.5,9,0,59,4.0
4198,9.5,9,0,84,3.7
4199,11.1,7,1,88,5.5
4200,10.0,8,2,89,4.9
4201,5.3,7,3,80,2.2
4202,10.5,7,0,65,3.6
4203,3.1,1,5,56,1.1
4204,9.5,9,0,82,4.3
4205,7.1,0,3,22,3.0
4206,6.7,6,0,55,3.1
4207,9.2,9,0,74,4.5
4208,3.1,8,3,93,0.8
4209,10.8,8,0,71,5.2
4210,5.0,6,2,85,2.8
4211,10.2,7,2,76,4.9
4212,5.6,0,1,36,3.4
4213,9.5,9,0,81,3.7
4214,11.2,7,0,79,4.0
4215,9.1,7,0,40,4.8
4216,4.7,7,0,68,2.2
4217,9.1,2,8,95,4.1
4218,9.2,0,3,25,5.1
4219,11.3,7,1,76,4.2
4220,4.9,8,3,95,1.6
4221,11.7,4,3,75,6.0
4222,9.0,8,3,79,3.7
4223,5.5,1,5,50,1.9
4224,7.3,8,0,74,3.5
4225,9.7,8,0,71,4.9
4226,3.0,8,0,73,1.1
4227,5.7,0,5,48,2.6
4228,10.9,2,6,66,5.1
4229,3.5,0,4,34,1.9
4230,7.5,0,5,40,3.7
4231,8.0,9,0,76,3.8
4232,5.2,7,0,55,1.6
4233,6.3,7,0,70,2.7
4234,11.1,8,1,72,4.2
4235,3.1,1,2,23,2.1
4236,4.0,0,3,31,1.5
4237,11.1,0,5,53,5.1
4238,4.2,6,0,56,1.8
4239,4.2,7,0,68,1.5
4240,8.1,0,5,43,3.5
4241,11.9,0,4,47,4.5
4242,6.7,6,1,70,2.6
4243,7.5,9,2,100,3.3
4244,10.4,10,0,71,5.0
4245,9.1,9,0,77,3.5
4246,12.0,0,5,39,6.0
4247,8.3,0,0,10,2.7
4248,6.5,9,2,101,3.7
4249,5.7,7,0,60,1.8
4250,11.9,8,0,73,4.4
4251,10.2,9,0,80,4.2
4252,10.3,2,5,64,5.1
4253,4.3,7,0,45,0.7
4254,6.9,0,7,62,2.7
4255,2.7,1,6,71,1.4
4256,7.6,8,0,68,3.1
4257,3.2,1,6,62,1.2
4258,4.4,8,2,91,2.3
4259,5.2,0,1,30,3.0
4260,10.3,4,5,84,4.4
4261,3.5,7,1,81,1.8
4262,11.1,8,0,66,5.4
4263,7.9,9,0,78,2.7
4264,3.5,7,0,64,1.5
4265,11.9,7,2,88,4.2
4266,2.5,8,0,63,2.1
4267,4.0,9,0,75,2.5
4268,4.2,0,3,43,1.5
4269,10.7,10,0,89,5.0
4270,5.8,6,2,65,0.8
4271,10.4,0,5,66,5.9
4272,2.9,0,4,30,0.8
4273,11.6,9,1,85,5.7
4274,10.6,8,1,90,4.0
4275,7.0,8,0,86,4.3
4276,4.0,2,5,70,1.9
4277,4.6,0,4,41,0.5
4278,4.7,0,5,57,2.4
4279,9.2,0,6,51,4.2
4280,6.1,7,1,56,2.0
4281,2.5,8,1,81,1.6
4282,6.1,10,0,84,2.5
4283,7.9,1,2,32,4.1
4284,3.0,8,0,61,0.9
4285,7.7,7,0,63,3.3
4286,9.9,0,1,21,4.4
4287,7.9,8,0,89,3.8
4288,5.6,0,4,33,2.4
4289,5.9,5,0,53,3.2
4290,6.6,9,0,73,1.8
4291,10.6,1,1,10,6.0
4292,2.8,1,3,33,1.9
4293,5.9,0,7,80,3.2
4294,11.6,0,7,55,5.3
4295,10.4,8,0,72,4.2
4296,3.8,9,0,99,2.3
4297,5.9,0,6,65,3.1
4298,2.7,7,0,65,0.9
4299,9.4,8,0,71,4.1
4300,3.5,0,4,54,1.4
4301,6.2,0,4,39,2.2
4302,11.1,0,4,48,5.4
4303,3.8,8,2,76,1.5
4304,5.6,0,3,28,2.8
4305,10.2,9,1,92,4.7
4306,8.5,7,0,52,2.6
4307,9.7,8,2,75,5.2
4308,11.6,2,6,72,6.0
4309,11.2,7,0,50,4.5
4310,5.2,9,0,77,2.3
4311,5.3,10,0,70,3.4
4312,3.3,6,2,65,1.8
4313,6.1,8,0,81,1.5
4314,9.9,6,2,70,4.3
4315,5.0,8,2,72,2.0
4316,10.4,8,2,85,4.1
4317,7.9,1,6,71,3.4
4318,5.9,0,2,29,3.1
4319,6.5,8,1,87,2.3
4320,9.8,8,0,69,5.1
4321,5.5,1,8,74,3.2
4322,9.3,8,0,73,3.9
4323,6.5,9,1,92,2.3
4324,10.3,0,7,61,5.5
4325,4.5,1,7,77,0.6
4326,5.4,5,0,46,3.1
4327,7.2,7,0,53,3.7
4328,9.6,10,1,91,5.1
4329,4.0,1,3,42,0.0
4330,11.1,6,2,70,5.0
4331,2.7,7,2,69,0.6
4332,2.8,7,2,73,1.4
4333,6.8,7,0,52,3.3
4334,10.4,7,0,64,6.0
4335,3.8,7,1,78,0.9
4336,7.1,0,6,58,2.7
4337,6.6,8,0,54,2.2
4338,9.6,11,2,109,4.7
4339,4.5,8,0,60,3.2
4340,8.1,8,0,55,3.7
4341,11.2,9,0,97,4.8
4342,3.0,1,1,30,2.3
4343,10.9,1,7,59,5.4
4344,4.5,8,3,94,0.3
4345,3.3,6,1,65,2.1
4346,5.5,9,1,80,2.2
4347,7.3,1,7,73,2.4
4348,5.9,8,0,74,3.7
4349,3.8,0,3,17,1.0
4350,7.0,2,7,56,2.4
4351,2.5,7,0,52,0.2
4352,2.6,7,1,63,0.4
4353,10.4,9,0,83,4.1
4354,7.9,1,6,74,3.7
4355,6.0,9,2,97,2.1
4356,6.3,10,0,77,2.7
4357,6.8,0,0,10,2.7
4358,4.7,0,2,12,2.2
4359,9.4,8,2,83,4.8
4360,5.4,8,0,69,2.1
4361,8.0,6,1,82,3.6
4362,3.8,8,0,64,1.4
4363,2.8,1,7,77,2.0
4364,3.9,8,2,88,0.9
4365,5.8,1,6,51,4.1
4366,3.8,0,5,45,0.9
4367,8.8,0,5,38,5.1
4368,4.0,7,0,78,1.4
4369,10.2,8,2,89,4.2
4370,10.1,8,0,59,3.9
4371,5.2,10,0,94,1.8
4372,6.9,2,4,66,2.4
4373,9.0,7,0,76,4.3
4374,6.5,0,3,37,2.1
4375,3.2,6,1,63,0.0
4376,5.1,0,3,35,1.5
4377,7.4,0,5,48,3.5
4378,10.3,0,6,59,5.4
4379,3.2,5,0,37,2.8
4380,4.2,0,2,35,2.2
4381,11.3,8,0,67,6.0
4382,5.5,6,0,65,3.3
4383,6.1,8,1,74,1.8
4384,8.8,0,3,39,4.6
4385,6.0,1,4,61,2.8
4386,4.7,0,3,37,3.4
4387,11.7,8,2,92,4.8
4388,7.4,8,1,84,4.1
4389,6.0,2,7,72,3.9
4390,9.7,1,6,50,4.5
4391,3.5,1,2,50,2.5
4392,11.1,0,6,56,4.3
4393,10.2,0,5,59,4.8
4394,6.1,0,1,29,3.8
4395,4.3,7,0,53,2.7
4396,10.7,9,0,65,4.8
4397,11.6,7,0,66,3.9
4398,3.0,7,0,60,0.2
4399,11.9,8,0,60,4.4
4400,6.2,8,0,45,2.7
4401,10.2,9,0,83,4.4
4402,6.8,9,0,74,2.7
4403,7.5,5,2,83,3.3
4404,7.6,9,0,84,2.9
4405,11.7,0,3,35,5.2
4406,8.5,10,1,92,2.7
4407,5.3,8,0,59,2.8
4408,8.5,0,6,68,5.7
4409,3.4,8,3,103,2.0
4410,5.6,10,1,95,4.2
4411,4.2,2,5,41,3.0
4412,8.3,8,0,78,3.1
4413,7.6,8,0,35,2.9
4414,9.4,1,4,35,3.6
4415,5.7,9,2,97,4.1
4416,11.9,1,3,35,6.0
4417,5.5,8,0,80,2.6
4418,3.0,8,0,65,1.0
4419,5.1,10,2,94,0.6
4420,8.4,7,0,52,3.9
4421,9.7,9,2,79,4.6
4422,4.8,5,2,74,1.8
4423,9.9,8,0,78,3.9
4424,5.7,9,0,77,2.9
4425,4.1,9,0,66,1.6
4426,3.8,0,0,10,1.4
4427,10.3,0,1,10,4.7
4428,4.7,9,0,78,2.5
4429,4.6,1,8,86,2.3
4430,10.9,7,0,54,4.9
4431,6.0,8,1,63,3.2
4432,11.9,1,6,59,4.5
4433,5.1,0,3,23,2.3
4434,8.8,1,6,56,5.2
4435,4.3,6,3,85,0.5
4436,4.3,7,0,54,2.1
4437,10.2,0,3,32,4.3
4438,11.3,8,0,71,5.0
4439,11.0,1,4,49,5.5
4440,10.4,8,2,78,4.6
4441,8.0,9,0,79,4.1
4442,3.6,8,0,66,1.1
4443,5.7,2,4,47,2.3
4444,5.2,8,0,75,2.2
4445,4.9,8,0,62,2.7
4446,11.7,10,0,94,3.9
4447,3.9,8,0,64,1.6
4448,7.0,6,0,53,3.5
4449,11.3,7,0,45,6.0
4450,3.1,1,6,56,0.7
4451,9.6,7,0,49,3.4
4452,8.3,0,3,41,3.6
4453,5.9,0,2,10,2.7
4454,11.4,6,0,64,5.2
4455,5.7,10,0,93,2.2
4456,4.3,6,2,61,0.8
4457,9.4,8,0,60,4.1
4458,5.7,6,0,48,3.1
4459,5.2,8,0,62,2.8
4460,11.3,1,8,77,4.0
4461,5.4,8,2,80,1.4
4462,8.0,2,5,63,3.5
4463,8.7,2,3,45,4.1
4464,7.1,0,2,37,3.8
4465,5.5,8,0,77,3.0
4466,7.7,0,4,33,2.5
4467,6.3,1,3,45,3.9
4468,2.8,8,2,76,1.2
4469,5.4,1,3,30,2.4
4470,8.1,7,1,74,5.0
4471,2.6,8,0,81,2.4
4472,8.7,2,8,92,3.4
4473,2.8,8,1,83,0.9
4474,7.8,0,4,54,5.3
4475,3.1,6,0,58,1.6
4476,10.6,0,2,23,4.5
4477,11.1,8,0,71,4.6
4478,8.3,0,1,10,4.5
4479,3.7,7,1,69,1.4
4480,11.1,2,5,72,3.6
4481,9.4,2,5,59,5.1
4482,10.9,7,0,70,4.4
4483,6.9,7,2,98,2.9
4484,6.5,2,7,65,2.2
4485,8.1,7,2,66,2.5
4486,6.8,8,1,94,2.8
4487,4.1,7,0,85,2.0
4488,10.3,9,3,92,5.0
4489,4.3,7,0,59,1.7
4490,9.6,7,0,72,4.9
4491,11.0,2,5,78,6.0
4492,7.5,6,0,59,3.2
4493,4.9,0,5,49,1.7
4494,2.7,2,4,40,1.7
4495,8.7,7,2,72,3.3
4496,7.8,7,0,56,5.1
4497,9.1,0,6,54,4.9
4498,11.5,7,0,73,5.8
4499,6.8,6,0,61,2.7
4500,8.9,1,4,45,4.0
4501,3.9,8,1,67,1.3
4502,3.8,8,0,74,2.2
4503,7.2,2,5,57,2.7
4504,8.1,7,0,72,4.8
4505,11.9,9,0,79,4.8
4506,7.9,4,0,51,2.4
4507,11.2,10,2,111,5.9
4508,10.0,0,4,50,5.2
4509,11.0,9,0,85,5.0
4510,10.6,1,2,25,4.7
4511,7.6,7,0,57,3.7
4512,2.5,7,1,67,1.6
4513,6.8,0,3,30,3.8
4514,4.6,8,3,90,1.8
4515,9.3,2,9,99,5.8
4516,4.4,9,0,93,1.6
4517,7.0,6,1,55,2.4
4518,2.7,0,3,39,1.5
4519,3.4,6,0,62,0.9
4520,6.2,9,0,71,3.4
4521,9.4,0,5,41,5.3
4522,8.9,8,2,91,4.7
4523,6.6,9,0,70,3.3
4524,4.3,9,0,88,1.0
4525,5.4,7,0,62,3.1
4526,7.2,8,3,103,2.5
4527,11.5,9,1,105,5.0
4528,8.6,7,0,66,2.8
4529,3.7,7,0,65,1.1
4530,10.1,0,8,58,4.8
4531,9.4,8,0,76,4.3
4532,10.9,9,0,73,5.1
4533,8.3,0,1,10,2.4
4534,5.4,1,2,29,2.8
4535,10.6,7,0,73,6.0
4536,8.0,7,1,60,3.0
4537,9.2,7,3,99,3.9
4538,7.0,7,0,79,2.1
4539,10.1,7,1,85,4.9
4540,8.4,6,0,49,5.2
4541,11.0,9,0,86,4.7
4542,5.8,0,6,64,3.0
4543,10.5,5,0,41,4.9
4544,10.0,0,3,41,4.9
4545,6.0,11,0,90,2.1
4546,10.8,8,3,99,4.6
4547,8.1,9,0,87,3.0
4548,6.0,0,5,35,2.2
4549,5.1,0,0,19,2.3
4550,3.3,0,3,32,2.1
4551,3.4,2,4,57,1.2
4552,10.0,2,8,88,4.6
4553,6.2,0,0,10,3.3
4554,7.5,0,1,10,3.4
4555,10.4,8,0,72,5.5
4556,8.7,7,1,60,4.0
4557,11.5,0,6,74,4.2
4558,7.5,0,1,10,4.0
4559,3.6,0,4,59,1.0
4560,5.8,1,6,71,3.4
4561,3.8,2,5,64,2.5
4562,9.6,7,0,57,3.8
4563,6.9,8,0,72,4.3
4564,3.0,9,1,85,2.6
4565,2.7,0,2,23,0.1
4566,3.0,9,0,71,1.0
4567,8.9,0,5,45,3.9
4568,4.4,7,0,74,1.9
4569,9.9,8,0,65,5.4
4570,7.4,6,0,73,2.4
4571,8.0,8,0,89,3.5
4572,4.1,10,2,100,3.0
4573,10.8,0,5,49,4.8
4574,7.0,10,0,70,3.8
4575,6.4,0,3,23,1.9
4576,10.1,0,6,60,5.8
4577,2.8,6,0,49,2.3
4578,7.4,9,0,54,3.3
4579,9.3,1,4,44,3.9
4580,10.1,0,3,34,4.8
4581,4.0,6,0,81,1.6
4582,6.2,9,1,78,3.4
4583,5.5,1,6,60,2.2
4584,11.9,0,4,44,4.5
4585,9.5,8,3,102,4.8
4586,6.5,8,0,68,2.3
4587,4.5,9,3,106,2.1
4588,4.2,2,6,68,2.9
4589,12.0,2,4,66,4.6
4590,8.0,2,4,64,2.7
4591,9.4,6,1,75,4.1
4592,4.0,0,0,18,1.8
4593,9.6,7,0,63,4.8
4594,4.8,7,1,83,3.4
4595,9.7,8,0,54,3.4
4596,11.2,8,0,52,5.1
4597,6.2,0,4,56,1.7
4598,11.1,9,0,86,5.4
4599,6.9,8,0,59,2.7
4600,10.2,1,5,62,4.9
4601,6.8,0,7,78,3.4
4602,3.9,7,1,94,2.1
4603,8.9,7,0,58,3.9
4604,5.6,2,3,35,1.2
4605,3.2,1,7,79,0.6
4606,8.7,7,0,65,4.3
4607,8.0,0,1,10,4.3
4608,11.3,10,0,77,3.9
4609,3.3,1,3,42,0.0
4610,6.6,2,2,32,4.2
4611,4.7,2,3,40,2.3
4612,7.1,0,5,54,2.1
4613,10.5,7,0,66,3.9
4614,11.4,8,3,93,4.8
4615,6.1,8,0,79,2.0
4616,8.4,7,2,94,3.2
4617,4.7,0,6,57,2.4
4618,9.7,6,0,22,4.3
4619,11.1,8,2,83,5.1
4620,7.0,6,0,69,3.5
4621,10.8,2,4,68,4.4
4622,11.8,8,1,78,6.0
4623,8.3,2,7,71,4.1
4624,7.8,0,4,34,3.8
4625,6.1,9,0,82,2.3
4626,10.0,7,1,51,4.9
4627,10.2,1,5,67,4.9
4628,2.6,0,2,30,1.5
4629,4.9,7,2,66,2.7
4630,2.8,1,5,49,1.6
4631,9.9,7,1,58,4.6
4632,4.2,0,7,59,2.7
4633,3.5,0,7,60,0.8
4634,10.1,9,3,99,5.5
4635,8.0,8,0,74,3.7
4636,4.0,0,6,53,1.1
4637,10.5,7,0,52,5.7
4638,6.4,1,5,55,3.0
4639,6.0,2,8,79,3.0
4640,8.7,0,4,32,3.7
4641,2.9,8,0,67,1.8
4642,5.7,9,0,85,3.2
4643,3.2,6,1,61,1.1
4644,9.5,8,0,81,3.6
4645,5.1,6,0,58,2.7
4646,10.4,0,6,60,3.9
4647,6.5,2,6,63,3.4
4648,10.9,7,3,70,5.0
4649,4.6,8,0,60,2.1
4650,8.7,0,1,25,3.0
4651,11.5,8,2,92,5.2
4652,6.2,0,2,43,2.6
4653,4.0,1,4,60,0.4
4654,7.8,7,0,52,3.0
4655,6.6,8,0,87,2.7
4656,7.3,0,1,20,3.3
4657,7.0,1,4,34,3.0
4658,5.0,9,0,72,1.5
4659,7.4,7,0,50,2.0
4660,3.9,7,2,87,1.3
4661,8.0,7,3,95,4.6
4662,6.7,0,1,10,4.0
4663,11.7,6,0,55,5.7
4664,3.4,8,0,80,1.3
4665,9.6,2,5,84,5.0
4666,5.8,6,0,69,1.7
4667,9.1,10,0,85,4.4
4668,11.6,7,0,81,5.0
4669,11.0,0,6,61,4.7
4670,3.6,7,0,57,1.8
4671,10.8,0,4,26,4.9
4672,6.2,0,4,49,1.9
4673,3.2,8,0,60,2.5
4674,4.5,0,5,42,2.1
4675,2.8,0,5,44,2.4
4676,3.8,7,1,77,1.3
4677,6.9,1,6,59,4.2
4678,11.5,8,0,53,5.3
4679,10.2,0,3,33,5.4
4680,7.5,6,0,57,2.9
4681,5.6,8,0,71,1.8
4682,2.8,10,0,82,2.6
4683,3.0,2,4,47,0.0
4684,9.4,2,4,56,3.6
4685,7.7,0,5,41,4.4
4686,3.7,8,0,70,2.4
4687,10.7,8,0,47,5.6
4688,7.4,1,8,86,3.3
4689,10.5,1,1,23,4.8
4690,9.9,0,7,40,4.7
4691,5.7,6,0,73,2.2
4692,9.2,7,0,67,3.8
4693,11.9,7,0,50,5.4
4694,9.6,7,0,57,4.3
4695,5.0,7,0,46,2.3
4696,8.1,0,5,41,5.1
4697,6.6,0,2,25,2.6
4698,5.4,8,0,70,3.8
4699,5.2,7,2,71,2.1
4700,6.9,8,0,67,3.6
4701,5.4,8,0,74,2.4
4702,3.9,6,0,56,1.1
4703,9.7,9,3,118,4.8
4704,5.3,10,1,77,2.3
4705,6.0,9,1,84,2.5
4706,11.1,1,6,75,3.7
4707,8.8,8,0,96,3.6
4708,11.3,6,0,46,5.3
4709,8.2,5,0,51,4.1
4710,5.9,7,0,64,1.9
4711,4.6,7,1,51,1.9
4712,10.3,0,7,57,4.2
4713,6.8,9,0,87,2.1
4714,8.7,1,6,49,3.6
4715,9.5,0,4,52,3.5
4716,4.8,6,0,54,1.6
4717,11.8,0,4,37,4.8
4718,4.7,0,5,56,2.7
4719,9.7,8,0,84,3.9
4720,3.9,7,1,103,2.3
4721,11.8,0,3,28,4.7
4722,4.9,9,0,80,2.7
4723,7.4,7,0,58,2.6
4724,6.0,2,6,75,2.2
4725,11.1,8,0,93,4.9
4726,7.5,8,0,61,3.6
4727,8.9,6,1,55,4.7
4728,4.6,7,2,77,1.6
4729,11.5,1,8,69,5.7
4730,5.9,0,6,34,1.4
4731,3.4,1,7,74,2.8
4732,4.6,7,1,70,1.2
4733,4.3,8,2,104,1.8
4734,3.5,8,2,72,1.0
4735,7.2,7,1,67,3.5
4736,5.5,8,0,66,1.9
4737,7.2,9,1,85,2.0
4738,3.3,7,0,55,0.7
4739,8.1,0,7,71,3.5
4740,8.5,0,4,40,2.7
4741,4.9,6,3,67,2.6
4742,7.9,6,0,62,4.9
4743,5.4,6,1,58,3.8
4744,4.0,8,3,95,1.0
4745,9.0,1,6,67,2.7
4746,10.4,7,2,70,4.0
4747,4.0,9,0,80,2.0
4748,10.9,7,1,55,4.4
4749,8.2,8,0,52,4.2
4750,9.8,6,0,60,3.6
4751,9.1,7,0,63,4.4
4752,10.9,10,0,94,4.6
4753,3.1,7,0,40,0.2
4754,11.9,8,2,95,5.5
4755,10.9,4,4,67,5.8
4756,2.9,1,5,51,0.7
4757,4.9,0,8,88,2.0
4758,7.6,1,6,60,2.7
4759,10.6,8,1,73,5.3
4760,5.5,8,0,66,3.0
4761,3.0,0,2,14,1.2
4762,9.9,0,5,48,4.1
4763,6.6,1,3,58,3.4
4764,9.7,7,2,58,4.2
4765,5.6,7,0,72,3.2
4766,10.3,8,1,77,4.6
4767,5.9,7,1,60,3.1
4768,7.0,0,6,59,3.4
4769,11.4,6,0,56,4.9
4770,3.9,0,7,59,0.2
4771,8.0,6,0,59,3.7
4772,10.2,8,0,71,3.5
4773,9.1,9,2,98,5.0
4774,6.6,8,0,72,2.3
4775,10.1,6,0,39,4.6
4776,7.1,0,4,24,2.1
4777,8.6,0,6,51,2.2
4778,5.7,7,0,57,2.0
4779,3.0,7,0,64,1.9
4780,4.4,1,3,31,1.3
4781,6.9,10,0,80,3.3
4782,11.0,7,1,76,4.8
4783,3.8,7,0,49,1.9
4784,5.5,6,2,73,2.5
4785,5.6,9,3,86,2.1
4786,9.9,8,0,66,4.8
4787,7.7,8,0,68,3.6
4788,6.5,0,1,10,3.2
4789,3.1,10,0,93,1.1
4790,11.7,7,2,96,5.0
4791,10.2,2,4,24,5.1
4792,3.0,0,6,65,2.3
4793,2.9,8,0,81,1.3
4794,4.9,6,0,55,1.4
4795,3.0,7,3,85,1.1
4796,9.5,1,8,73,4.5
4797,4.4,0,4,41,2.3
4798,10.9,7,1,81,4.1
4799,8.3,1,3,33,3.2
4800,7.1,0,5,40,3.0
4801,3.6,8,3,104,2.7
4802,3.7,1,2,38,0.4
4803,3.7,7,0,63,2.2
4804,4.5,7,0,74,0.8
4805,3.5,1,4,42,1.4
4806,5.5,7,1,77,3.0
4807,10.2,9,0,91,3.7
4808,3.9,8,2,88,1.2
4809,5.3,8,1,69,3.0
4810,6.8,6,0,43,3.7
4811,8.3,6,3,72,3.7
4812,4.8,7,1,76,2.2
4813,8.3,9,0,83,4.9
4814,4.2,0,6,55,3.0
4815,8.5,0,3,35,4.8
4816,10.0,1,5,64,3.5
4817,2.7,9,3,95,1.8
4818,11.4,0,7,40,5.0
4819,9.3,7,0,84,4.6
4820,11.5,7,0,73,4.7
4821,5.0,0,4,47,1.2
4822,11.4,8,3,109,4.7
4823,6.8,7,1,78,4.0
4824,3.9,1,5,50,0.3
4825,9.5,8,1,95,4.8
4826,9.1,8,0,54,4.4
4827,11.3,7,0,52,4.8
4828,5.4,0,5,50,1.8
4829,8.5,7,1,78,3.9
4830,11.6,7,2,76,5.1
4831,10.8,7,0,64,4.0
4832,10.3,4,4,67,4.9
4833,10.8,8,0,65,4.0
4834,10.5,8,1,77,5.7
4835,6.1,8,0,46,3.3
4836,2.6,7,0,58,0.6
4837,11.9,8,1,66,5.4
4838,9.9,7,0,68,4.5
4839,4.6,9,0,89,3.8
4840,9.6,7,0,45,2.9
4841,6.0,4,6,77,3.5
4842,4.8,9,0,87,1.7
4843,7.9,8,1,75,3.8
4844,2.6,2,9,110,1.4
4845,11.8,7,3,114,5.3
4846,11.5,1,7,81,5.5
4847,10.0,7,1,65,3.5
4848,3.0,8,1,69,0.1
4849,3.2,0,7,59,1.1
4850,8.7,7,2,92,4.5
4851,10.1,0,2,18,4.4
4852,3.0,8,0,67,0.3
4853,7.9,7,3,87,3.1
4854,9.1,6,0,42,3.7
4855,4.1,1,4,52,0.6
4856,4.2,1,9,85,1.7
4857,11.3,9,1,80,4.8
4858,6.3,8,1,72,2.5
4859,5.1,1,5,46,2.0
4860,2.9,0,5,63,1.5
4861,2.9,0,6,52,1.2
4862,5.0,8,0,69,1.7
4863,8.4,8,2,94,3.5
4864,8.2,0,3,36,2.9
4865,4.6,8,0,70,1.8
4866,9.6,1,5,59,4.5
4867,6.9,6,0,43,3.4
4868,10.1,8,0,75,4.7
4869,11.3,8,0,62,4.5
4870,4.8,6,0,66,2.8
4871,6.8,7,0,64,3.3
4872,3.0,7,1,72,1.2
4873,9.7,7,0,65,4.4
4874,5.6,8,0,62,2.2
4875,8.7,1,5,56,4.4
4876,6.1,8,0,83,2.6
4877,3.9,8,1,68,1.5
4878,2.6,0,5,55,0.4
4879,8.6,2,7,91,3.1
4880,11.4,6,0,71,4.1
4881,11.1,4,10,118,5.1
4882,11.4,9,0,76,5.5
4883,9.0,8,0,87,5.0
4884,6.6,9,3,94,3.3
4885,7.5,7,0,63,2.4
4886,9.4,7,1,72,4.7
4887,5.3,8,0,72,2.3
4888,4.3,1,5,43,2.1
4889,3.1,7,0,64,1.0
4890,7.0,4,7,90,3.7
4891,3.4,0,6,51,1.9
4892,6.9,8,0,69,2.0
4893,10.2,0,7,61,4.4
4894,4.0,10,1,92,1.1
4895,3.6,2,2,54,2.3
4896,4.8,2,7,72,2.2
4897,3.3,0,4,38,1.2
4898,6.0,0,5,46,2.6
4899,8.3,9,0,64,4.0
4900,7.0,9,0,65,4.0
4901,9.3,7,1,64,3.8
4902,3.6,7,0,62,1.8
4903,5.7,2,7,78,2.7
4904,6.5,6,0,40,2.0
4905,6.9,1,6,49,3.5
4906,3.2,9,0,77,1.1
4907,3.1,7,0,49,3.1
4908,3.3,8,2,69,0.8
4909,3.8,6,1,77,1.4
4910,2.5,9,3,107,0.3
4911,5.4,8,0,64,1.6
4912,6.4,8,0,90,3.1
4913,7.7,2,5,61,4.6
4914,2.8,6,0,59,0.6
4915,6.7,9,0,79,2.8
4916,11.4,8,0,75,5.4
4917,9.6,0,4,59,4.0
4918,5.6,9,1,79,2.8
4919,7.5,7,0,78,3.7
4920,9.1,7,1,80,3.7
4921,4.0,1,6,63,1.9
4922,3.2,6,0,61,2.2
4923,8.4,6,0,56,3.5
4924,9.5,9,1,95,4.0
4925,7.4,7,2,81,3.4
4926,9.1,7,0,74,4.5
4927,9.3,1,4,41,4.7
4928,8.6,0,3,27,2.7
4929,11.4,8,0,59,5.8
4930,7.6,6,0,46,2.8
4931,3.0,0,9,94,1.0
4932,7.9,0,2,17,3.0
4933,8.6,7,0,61,3.5
4934,5.7,9,0,79,2.7
4935,7.0,0,7,81,4.1
4936,9.8,0,9,85,6.0
4937,9.3,8,1,70,3.6
4938,4.2,0,4,41,1.0
4939,4.8,9,1,71,1.9
4940,7.9,0,0,21,4.0
4941,6.2,9,0,74,2.4
4942,9.6,10,0,70,5.6
4943,3.5,6,2,74,0.0
4944,5.6,8,0,88,2.6
4945,6.0,8,0,63,2.4
4946,6.6,0,5,42,2.2
4947,9.8,7,1,67,4.6
4948,2.7,0,4,39,0.2
4949,3.9,8,0,66,2.3
4950,7.7,7,0,69,4.6
4951,7.1,1,4,51,4.6
4952,11.5,7,0,68,5.1
4953,3.0,8,2,86,1.6
4954,5.3,8,0,76,2.9
4955,9.9,0,1,11,4.8
4956,11.6,7,1,75,5.4
4957,11.9,0,7,67,6.0
4958,5.3,1,4,67,1.8
4959,8.2,2,3,32,3.7
4960,11.6,0,5,46,4.5
4961,11.8,9,0,79,6.0
4962,3.6,0,2,45,1.3
4963,5.9,7,2,87,1.9
4964,9.5,9,0,72,3.8
4965,7.8,0,7,83,2.9
4966,8.0,7,0,74,3.3
4967,6.6,0,6,77,2.9
4968,10.5,9,0,90,3.2
4969,3.1,7,0,66,1.5
4970,4.7,1,5,75,1.6
4971,9.2,6,0,35,2.3
4972,10.3,0,7,66,4.8
4973,11.7,8,0,64,5.7
4974,5.3,0,2,25,2.5
4975,4.6,7,0,63,1.5
4976,5.0,1,3,27,2.0
4977,4.9,8,0,80,1.6
4978,7.0,6,0,53,3.7
4979,5.2,8,2,96,1.7
4980,3.8,8,0,60,2.4
4981,3.0,9,0,59,2.5
4982,4.9,6,0,43,2.4
4983,10.3,0,5,53,5.2
4984,10.5,0,7,57,4.6
4985,8.1,8,0,65,3.9
4986,6.3,9,0,83,3.1
4987,5.0,8,0,66,2.5
4988,2.9,2,5,58,2.2
4989,11.9,8,1,79,6.0
4990,6.1,4,4,75,2.6
4991,6.0,8,0,62,2.9
4992,6.3,7,0,67,1.6
4993,9.9,1,6,73,4.0
4994,8.8,7,0,66,4.2
4995,11.5,2,7,72,5.1
4996,3.2,8,0,72,2.6
4997,11.6,8,1,95,5.0
4998,8.1,8,0,65,4.5
4999,11.3,7,1,67,4.4
5000,9.8,1,4,40,4.9
5001,11.9,6,3,86,5.8
5002,4.5,9,1,90,0.8
5003,7.4,8,0,80,3.0
5004,11.4,0,4,44,6.0
5005,3.8,7,0,68,2.1
5006,9.9,0,0,12,5.3
5007,11.2,6,0,53,4.2
5008,6.1,8,1,71,2.1
5009,6.7,7,1,62,2.5
5010,10.4,8,0,62,5.4
5011,7.9,8,0,60,4.0
5012,7.0,2,5,52,2.5
5013,5.1,7,0,81,2.4
5014,7.6,8,0,80,4.2
5015,6.1,7,3,79,3.5
5016,7.0,9,0,73,3.2
5017,10.6,8,0,53,5.2
5018,10.5,0,4,33,5.1
5019,2.7,0,4,51,0.4
5020,7.7,9,0,74,3.1
5021,11.5,8,0,75,6.0
5022,6.7,8,0,64,4.3
5023,3.5,6,0,51,1.5
5024,2.6,0,1,24,0.8
5025,6.4,6,1,65,2.1
5026,10.8,7,0,50,6.0
5027,11.0,8,0,68,4.9
5028,8.8,8,1,62,4.6
5029,11.6,0,5,68,5.2
5030,3.2,1,1,26,2.2
5031,6.0,6,1,47,1.9
5032,10.0,7,1,82,4.2
5033,10.5,0,0,10,5.1
5034,3.4,8,0,71,2.5
5035,8.1,7,2,81,3.5
5036,8.8,8,0,70,3.9
5037,4.6,2,4,66,2.9
5038,2.8,0,4,42,2.0
5039,2.7,8,0,72,1.3
5040,5.9,1,6,57,2.1
5041,3.7,7,0,46,2.8
5042,7.9,7,0,59,2.7
5043,4.9,8,0,62,3.1
5044,5.7,4,1,44,2.0
5045,5.8,8,0,77,2.3
5046,11.3,1,3,31,4.6
5047,10.7,1,6,66,5.6
5048,8.7,8,0,66,4.3
5049,4.0,7,3,79,1.6
5050,3.2,9,2,77,2.5
5051,5.9,7,1,60,2.2
5052,7.9,9,0,65,2.4
5053,9.4,7,2,84,3.5
5054,2.7,5,3,78,1.1
5055,4.4,9,0,62,1.5
5056,6.7,0,0,10,2.6
5057,5.9,0,4,52,2.7
5058,6.9,2,7,88,1.9
5059,5.6,7,1,87,2.9
5060,8.1,8,0,86,3.4
5061,10.7,7,0,59,5.2
5062,3.3,9,1,94,0.9
5063,5.3,0,2,29,2.6
5064,5.0,7,1,80,3.1
5065,7.7,8,0,68,4.0
5066,11.0,2,3,63,3.8
5067,10.3,8,0,53,5.8
5068,11.1,9,1,94,5.2
5069,4.5,9,0,64,1.6
5070,5.8,8,0,72,2.2
5071,5.1,7,2,64,2.4
5072,7.7,10,1,83,2.9
5073,8.9,8,1,66,4.0
5074,6.4,8,0,66,4.1
5075,5.4,7,0,70,1.1
5076,8.5,7,0,71,4.1
5077,7.2,7,2,77,4.0
5078,10.4,8,1,91,4.6
5079,3.0,8,0,63,1.5
5080,9.5,7,1,74,4.4
5081,9.1,9,0,84,4.5
5082,10.7,1,5,56,5.0
5083,10.5,1,3,49,5.4
5084,3.9,1,3,25,2.2
5085,8.6,2,3,40,4.4
5086,8.2,8,0,60,3.8
5087,9.1,0,5,52,3.4
5088,11.8,7,3,88,4.3
5089,3.5,0,7,60,1.9
5090,8.5,8,3,93,3.6
5091,8.2,6,1,57,3.4
5092,2.6,0,5,62,1.3
5093,8.8,5,0,43,3.5
5094,7.2,2,3,51,3.0
5095,9.8,6,0,40,5.1
5096,9.7,7,0,77,4.2
5097,2.9,7,2,78,0.9
5098,9.9,0,2,22,4.4
5099,11.0,6,0,62,5.8
5100,8.5,7,2,79,3.2
5101,10.8,0,4,42,6.0
5102,4.5,8,0,75,1.9
5103,11.1,9,0,74,5.5
5104,11.4,0,2,24,5.6
5105,5.2,0,6,48,2.8
5106,5.8,0,5,63,3.3
5107,9.3,10,0,74,3.6
5108,5.7,0,8,57,2.7
5109,11.9,0,5,38,5.6
5110,5.2,0,3,46,2.1
5111,2.8,7,0,61,1.3
5112,10.3,6,1,60,5.5
5113,2.9,8,1,75,0.9
5114,11.8,0,6,57,5.9
5115,8.2,7,1,68,3.6
5116,6.7,8,0,59,2.8
5117,9.5,6,1,61,4.1
5118,9.3,6,0,55,3.6
5119,6.2,0,0,10,3.1
5120,4.5,7,0,53,0.5
5121,10.5,0,3,30,4.3
5122,11.3,2,4,55,5.1
5123,12.0,0,5,28,4.7
5124,6.0,8,3,87,2.8
5125,8.0,0,9,57,3.8
5126,11.8,6,1,72,5.4
5127,6.4,0,10,90,2.9
5128,10.0,10,2,94,4.5
5129,11.4,8,2,87,5.5
5130,4.3,7,0,53,3.4
5131,9.4,8,0,74,4.2
5132,9.2,2,4,50,3.2
5133,6.2,11,2,120,2.8
5134,11.8,2,3,45,5.8
5135,10.7,7,1,67,5.1
5136,11.9,8,0,68,6.0
5137,7.7,2,6,61,2.9
5138,4.6,1,6,44,2.1
5139,5.2,7,2,69,1.7
5140,10.0,6,0,64,5.2
5141,5.9,6,0,43,2.8
5142,4.5,6,0,48,0.6
5143,11.3,6,1,61,4.5
5144,5.7,0,4,56,2.5
5145,3.3,0,3,47,0.1
5146,7.9,1,1,25,2.7
5147,7.7,7,0,62,2.4
5148,6.5,9,2,64,3.0
5149,6.7,1,3,33,3.3
5150,4.6,7,0,70,1.4
5151,5.3,0,2,27,2.2
5152,7.1,0,4,47,4.0
5153,11.7,0,7,66,4.7
5154,11.8,0,4,41,4.3
5155,3.3,9,0,68,0.9
5156,11.1,7,0,66,5.3
5157,6.7,7,1,86,3.5
5158,6.9,0,8,55,3.9
5159,5.9,0,4,36,1.3
5160,10.9,8,0,60,5.4
5161,6.8,8,0,87,2.3
5162,2.6,9,2,95,1.9
5163,11.4,11,0,87,5.3
5164,11.8,0,4,38,5.1
5165,6.6,7,0,75,2.4
5166,6.6,8,1,78,1.5
5167,2.7,0,2,32,0.8
5168,4.4,8,0,71,1.7
5169,3.6,7,1,91,2.3
5170,10.1,1,5,77,4.7
5171,7.4,0,3,45,3.2
5172,5.2,4,9,98,4.7
5173,11.3,1,7,61,4.5
5174,8.6,0,7,62,4.3
5175,11.4,9,0,79,6.0
5176,4.9,7,0,64,2.4
5177,10.7,6,0,57,4.8
5178,10.6,2,5,74,4.9
5179,11.0,0,7,70,5.1
5180,10.3,7,2,73,4.1
5181,10.2,6,0,59,5.6
5182,10.6,9,0,97,5.4
5183,11.0,9,0,95,4.8
5184,6.5,7,0,61,2.7
5185,4.6,8,0,71,2.2
5186,3.2,8,0,64,1.8
5187,5.1,0,1,10,3.0
5188,10.7,9,1,84,4.5
5189,12.0,8,2,67,4.7
5190,6.5,9,1,75,3.0
5191,6.9,4,5,73,3.5
5192,6.2,8,1,83,3.1
5193,7.7,0,2,33,3.1
5194,7.0,6,0,61,2.9
5195,9.0,6,0,57,3.7
5196,5.1,10,1,90,2.5
5197,6.3,0,0,13,1.3
5198,6.3,9,0,75,3.4
5199,5.5,1,3,56,2.1
5200,10.1,8,0,61,3.1
5201,7.6,0,7,63,3.6
5202,7.8,0,8,86,3.4
5203,4.8,9,1,67,1.0
5204,6.5,1,5,38,2.6
5205,5.8,5,0,44,3.5
5206,11.1,2,2,58,4.5
5207,2.9,0,1,18,1.4
5208,4.2,0,4,24,3.2
5209,8.8,7,0,67,4.5
5210,8.2,9,0,83,4.6
5211,9.3,11,0,93,4.5
5212,2.9,9,0,67,0.6
5213,10.9,7,0,47,5.0
5214,11.3,6,0,52,5.3
5215,9.9,6,0,62,4.1
5216,4.2,8,0,73,1.5
5217,10.0,1,5,63,4.9
5218,5.5,8,3,94,1.8
5219,3.9,0,0,10,1.5
5220,3.3,7,1,81,1.7
5221,2.9,7,2,77,0.3
5222,10.5,7,0,56,4.1
5223,10.5,9,1,63,4.8
5224,2.8,7,2,70,2.4
5225,9.3,1,6,62,3.6
5226,4.9,0,7,47,2.0
5227,4.6,8,1,78,1.9
5228,7.8,7,0,79,5.2
5229,6.9,0,7,54,3.4
5230,4.3,1,5,51,1.9
5231,2.6,8,1,86,1.2
5232,5.6,0,0,14,2.1
5233,6.4,9,2,81,2.5
5234,7.0,8,2,85,3.5
5235,6.4,0,4,48,3.8
5236,6.1,8,0,60,2.8
5237,11.7,1,5,55,6.0
5238,11.2,0,5,36,4.9
5239,6.2,8,2,82,2.8
5240,11.4,0,4,27,5.0
5241,3.3,0,6,43,0.9
5242,2.6,2,5,77,1.1
5243,5.6,9,2,89,3.1
5244,4.3,8,0,91,1.3
5245,9.2,1,5,50,5.2
5246,8.4,9,1,89,4.6
5247,11.8,0,2,34,6.0
5248,9.7,7,2,81,4.9
5249,6.3,8,0,63,2.5
5250,5.1,8,0,76,2.3
5251,3.0,8,0,52,2.2
5252,5.0,8,2,85,2.3
5253,4.2,0,1,25,1.1
5254,10.5,0,7,59,4.9
5255,5.6,0,4,20,2.5
5256,9.0,9,0,75,3.0
5257,8.7,0,2,33,4.3
5258,3.1,7,0,45,1.5
5259,2.7,6,0,56,1.1
5260,6.7,7,2,77,1.9
5261,11.3,8,1,79,5.9
5262,8.6,7,0,53,3.3
5263,10.6,0,3,49,6.0
5264,2.9,0,6,56,1.9
5265,6.1,9,2,97,3.7
5266,3.1,1,7,74,1.5
5267,5.7,0,1,10,2.8
5268,5.2,8,0,84,2.1
5269,11.3,0,6,26,5.3
5270,10.3,0,7,64,4.0
5271,10.2,0,6,64,2.9
5272,2.7,8,1,79,1.1
5273,7.3,7,2,83,2.1
5274,3.4,2,3,42,1.7
5275,10.7,9,1,86,4.5
5276,6.8,0,6,57,3.0
5277,3.4,6,0,48,1.2
5278,11.8,8,0,84,6.0
5279,5.2,5,1,72,1.8
5280,4.4,0,2,26,2.9
5281,7.9,8,1,73,3.7
5282,7.1,2,9,93,2.3
5283,5.1,6,3,82,1.9
5284,9.5,0,2,26,3.2
5285,5.3,0,0,16,1.4
5286,5.8,0,5,51,2.2
5287,9.1,6,0,56,4.4
5288,7.9,1,1,10,4.8
5289,5.2,0,6,75,2.6
5290,11.3,8,1,68,4.9
5291,9.3,8,0,68,3.7
5292,5.4,9,1,74,0.7
5293,10.7,5,0,50,4.3
5294,5.5,7,0,82,2.4
5295,11.8,0,5,49,5.8
5296,11.1,2,3,37,5.5
5297,6.3,0,8,79,2.4
5298,8.8,7,0,75,4.5
5299,7.6,2,4,49,4.9
5300,10.3,0,6,67,5.8
5301,10.7,0,5,52,6.0
5302,8.5,1,5,69,3.5
5303,7.8,6,1,59,2.7
5304,5.7,1,3,57,1.7
5305,11.1,9,0,83,5.4
5306,8.3,8,1,84,5.3
5307,3.1,9,0,70,1.2
5308,8.9,2,6,68,3.7
5309,4.5,6,0,63,3.2
5310,3.8,0,5,52,2.0
5311,11.9,8,0,75,5.7
5312,11.0,1,4,66,5.0
5313,9.4,8,0,59,4.7
5314,8.1,7,0,64,3.3
5315,6.2,6,2,65,2.6
5316,5.5,8,0,65,2.6
5317,5.7,7,0,70,3.6
5318,6.8,8,1,53,3.4
5319,5.7,0,7,44,3.9
5320,4.6,8,0,70,1.8
5321,11.2,8,0,74,5.3
5322,9.7,7,0,50,3.0
5323,8.6,2,4,49,4.3
5324,6.7,8,1,75,1.2
5325,10.1,4,6,98,5.4
5326,4.0,0,4,44,2.6
5327,3.8,2,6,68,1.4
5328,11.6,1,7,66,4.4
5329,11.5,7,0,69,4.6
5330,8.9,8,0,60,3.1
5331,6.9,0,4,39,2.8
5332,11.0,6,2,71,4.9
5333,9.5,0,1,16,4.1
5334,9.8,0,2,29,5.3
5335,8.7,6,0,49,4.1
5336,11.3,9,0,90,5.6
5337,5.5,2,6,84,2.4
5338,5.0,6,0,78,1.9
5339,8.1,7,0,79,3.1
5340,5.8,8,0,75,1.8
5341,3.0,0,4,43,2.3
5342,11.6,7,3,99,4.7
5343,11.1,7,0,68,5.1
5344,2.6,0,6,35,1.7
5345,10.7,0,8,73,4.7
5346,7.4,6,1,57,2.6
5347,7.3,8,0,57,3.0
5348,4.1,7,0,74,3.1
5349,4.4,7,2,65,2.5
5350,5.2,9,2,90,1.8
5351,7.8,8,0,76,4.0
5352,7.1,10,0,83,3.7
5353,5.1,1,4,36,3.7
5354,10.2,7,1,64,5.2
5355,5.8,9,0,78,3.0
5356,4.4,1,4,30,2.1
5357,6.4,0,9,68,3.0
5358,9.2,7,2,77,3.3
5359,5.6,4,6,82,1.4
5360,5.5,8,1,73,2.4
5361,3.6,7,0,59,2.2
5362,3.5,9,3,117,1.1
5363,5.3,10,3,111,1.8
5364,9.3,9,0,70,3.5
5365,7.6,7,1,70,3.5
5366,10.3,0,3,31,3.9
5367,9.3,5,0,43,5.8
5368,8.6,9,2,91,3.3
5369,3.9,8,0,74,2.9
5370,11.2,4,6,80,6.0
5371,2.8,8,2,77,1.1
5372,11.6,8,1,68,5.1
5373,10.1,0,6,43,5.4
5374,4.9,0,4,40,1.6
5375,11.9,0,4,39,5.7
5376,6.8,9,1,88,1.4
5377,10.1,8,3,85,4.4
5378,11.4,4,5,77,5.6
5379,7.2,8,0,84,2.2
5380,8.4,9,0,80,4.0
5381,8.7,0,9,66,2.9
5382,8.0,8,1,75,3.3
5383,4.3,0,2,25,3.6
5384,5.3,0,2,24,3.2
5385,3.5,1,9,77,1.7
5386,6.6,0,6,54,2.8
5387,4.3,2,7,79,1.7
5388,4.2,9,2,98,0.9
5389,3.6,9,1,105,1.3
5390,6.5,10,2,106,2.6
5391,3.4,8,2,89,3.3
5392,9.4,1,5,50,4.0
5393,11.1,6,2,78,4.6
5394,5.5,8,0,63,2.3
5395,10.5,7,0,60,5.1
5396,8.1,6,0,68,3.8
5397,6.4,8,1,63,3.4
5398,10.2,1,3,38,5.7
5399,10.0,1,6,55,4.4
5400,11.4,2,7,79,5.5
5401,11.4,1,3,32,4.8
5402,9.1,8,1,72,3.4
5403,11.2,0,4,43,4.6
5404,3.0,2,5,69,2.4
5405,4.3,8,1,85,2.4
5406,5.4,8,1,84,3.2
5407,10.0,8,0,59,4.4
5408,2.9,8,0,76,1.8
5409,9.7,6,0,54,5.5
5410,8.9,0,0,17,4.1
5411,10.8,0,2,11,4.8
5412,2.9,6,1,54,1.5
5413,8.4,0,3,25,3.9
5414,3.4,7,0,83,1.8
5415,3.0,1,5,60,1.2
5416,11.5,8,1,71,5.5
5417,4.6,2,8,82,1.7
5418,4.3,7,0,51,3.1
5419,10.8,6,0,49,4.0
5420,5.5,6,1,63,2.3
5421,10.5,9,1,81,5.4
5422,8.9,7,0,65,3.5
5423,4.3,7,1,69,1.0
5424,7.4,6,2,65,3.8
5425,8.8,7,2,58,4.3
5426,9.4,0,2,21,4.2
5427,7.1,8,0,62,3.3
5428,5.9,0,6,53,2.4
5429,11.5,7,2,91,5.9
5430,6.5,0,2,32,4.0
5431,9.1,9,0,72,4.4
5432,10.5,7,0,57,5.4
5433,4.1,0,5,47,2.1
5434,7.1,0,6,50,4.3
5435,7.7,5,0,59,3.1
5436,7.9,0,2,35,3.3
5437,3.9,9,0,67,2.0
5438,2.7,0,3,47,1.1
5439,8.8,6,0,63,3.9
5440,8.4,1,3,38,4.4
5441,9.2,0,3,39,3.3
5442,4.6,7,0,59,1.9
5443,5.7,8,0,66,2.7
5444,7.9,4,7,84,3.5
5445,3.0,7,1,89,0.9
5446,4.5,2,3,35,0.6
5447,10.9,7,0,56,5.3
5448,4.0,8,0,74,3.1
5449,4.1,9,2,76,1.8
5450,9.4,6,0,42,5.1
5451,10.9,9,2,88,3.2
5452,11.7,9,2,74,5.7
5453,10.4,6,0,59,5.4
5454,9.3,10,1,109,5.1
5455,10.9,10,1,120,4.8
5456,7.3,7,0,72,4.2
5457,5.3,0,7,67,2.1
5458,9.3,7,0,80,3.2
5459,6.4,8,0,70,3.1
5460,6.1,0,6,74,3.3
5461,6.5,2,5,71,3.3
5462,8.4,8,1,82,4.5
5463,11.1,6,1,64,5.1
5464,11.5,9,0,75,6.0
5465,8.7,6,1,68,3.9
5466,2.8,8,1,85,0.6
5467,6.4,8,0,66,2.7
5468,3.7,9,2,90,2.2
5469,7.8,8,0,68,3.6
5470,6.3,0,6,61,2.2
5471,9.5,8,0,76,4.3
5472,8.2,0,4,30,4.1
5473,4.2,8,0,80,1.7
5474,4.0,0,4,41,1.8
5475,3.5,1,6,91,1.2
5476,9.6,9,1,74,4.3
5477,5.7,10,3,118,2.2
5478,6.7,9,3,102,3.0
5479,6.6,8,0,78,3.3
5480,8.8,7,2,69,5.0
5481,2.9,6,1,55,1.4
5482,5.9,8,1,75,2.0
5483,3.4,6,0,43,1.3
5484,3.0,6,0,55,2.4
5485,3.3,8,0,67,1.8
5486,6.5,4,7,103,2.7
5487,9.1,6,0,58,4.3
5488,6.9,9,2,93,2.1
5489,4.8,9,0,66,1.3
5490,8.7,7,1,69,3.2
5491,4.4,9,0,84,2.3
5492,6.1,1,5,75,2.0
5493,11.5,8,0,65,5.8
5494,10.4,8,1,73,4.3
5495,11.2,9,1,97,4.5
5496,4.0,4,9,113,2.1
5497,8.4,8,2,75,4.4
5498,5.4,7,0,59,2.3
5499,10.3,0,8,68,5.4
5500,6.8,5,0,51,3.4
5501,9.5,0,9,78,3.1
5502,5.5,0,3,42,2.5
5503,3.2,8,0,84,1.6
5504,9.6,1,8,72,4.0
5505,8.2,0,4,21,3.6
5506,10.7,9,0,80,4.6
5507,3.6,8,2,99,1.1
5508,11.7,7,2,71,4.9
5509,11.2,8,1,80,5.2
5510,8.7,8,0,53,3.9
5511,7.5,0,1,20,3.2
5512,6.3,7,0,66,3.1
5513,3.4,7,1,68,2.3
5514,11.3,7,2,117,6.0
5515,4.4,7,3,79,3.2
5516,5.9,1,5,44,2.8
5517,4.3,1,5,66,3.7
5518,5.0,9,2,86,3.9
5519,6.2,6,0,72,3.6
5520,9.1,5,0,45,3.8
5521,10.2,8,3,94,5.4
5522,3.1,0,3,29,2.6
5523,10.2,6,0,44,4.7
5524,10.0,10,0,78,4.9
5525,3.8,0,4,33,2.1
5526,5.1,0,2,28,1.9
5527,3.3,6,1,64,1.4
5528,7.1,10,0,87,3.5
5529,11.7,7,0,50,5.9
5530,10.8,8,1,67,4.0
5531,10.8,8,1,83,4.7
5532,3.7,2,4,50,1.9
5533,11.1,10,1,102,4.6
5534,2.7,0,5,47,1.1
5535,9.7,0,2,10,4.9
5536,5.3,6,1,53,2.8
5537,7.3,0,2,42,3.6
5538,9.5,9,0,86,4.1
5539,8.6,1,3,28,2.7
5540,5.7,1,6,71,2.5
5541,10.3,7,1,69,5.7
5542,8.7,6,0,67,5.2
5543,10.5,4,7,94,5.6
5544,6.0,4,4,62,1.8
5545,3.6,0,1,24,2.1
5546,6.0,7,0,46,3.3
5547,7.2,7,1,75,4.0
5548,3.9,7,0,58,1.4
5549,7.8,1,7,67,2.6
5550,8.8,9,1,73,4.6
5551,2.5,6,0,56,1.5
5552,7.8,6,0,52,5.0
5553,3.7,0,8,73,1.9
5554,3.9,8,0,65,3.2
5555,6.1,1,3,31,2.7
5556,3.4,1,3,58,1.7
5557,7.9,0,5,60,2.9
5558,9.5,0,8,70,3.6
5559,5.6,8,0,77,4.0
5560,11.4,9,1,72,5.1
5561,9.3,1,5,71,4.2
5562,11.9,0,0,15,5.4
5563,8.3,6,1,72,3.6
5564,6.9,7,0,60,3.2
5565,9.8,8,0,77,3.4
5566,6.2,1,4,41,3.3
5567,2.5,8,0,83,0.7
5568,4.5,8,0,74,2.6
5569,4.5,8,0,61,0.8
5570,7.1,9,0,62,3.8
5571,9.3,7,1,65,4.0
5572,7.8,9,0,76,3.3
5573,3.5,1,6,72,1.2
5574,5.0,8,1,78,2.9
5575,3.8,2,7,56,1.9
5576,3.3,8,2,92,0.8
5577,4.0,0,3,49,0.4
5578,7.4,8,0,82,4.3
5579,9.7,7,2,72,3.2
5580,6.3,0,4,32,2.9
5581,4.4,9,0,84,1.3
5582,6.6,7,0,70,3.5
5583,5.6,8,0,70,2.1
5584,2.9,7,3,69,3.1
5585,11.3,7,1,69,4.9
5586,2.6,7,0,64,0.4
5587,2.9,9,0,69,0.9
5588,5.4,6,0,68,2.4
5589,9.9,1,6,61,4.9
5590,7.1,8,2,82,3.8
5591,7.4,6,2,85,2.7
5592,8.4,9,2,87,3.2
5593,2.9,9,2,84,2.0
5594,11.6,0,6,51,4.8
5595,7.7,8,0,76,4.8
5596,10.3,7,0,61,4.1
5597,6.6,6,1,43,1.9
5598,6.6,0,4,48,2.6
5599,4.1,8,0,86,1.5
5600,5.9,7,0,58,3.5
5601,4.3,0,5,57,2.1
5602,11.2,0,6,72,4.7
5603,5.6,0,0,10,2.0
5604,6.3,2,5,52,3.3
5605,3.8,0,2,30,1.0
5606,11.9,1,8,72,4.4
5607,7.9,10,1,95,3.6
5608,8.0,8,0,66,4.3
5609,3.9,7,0,68,1.7
5610,9.0,6,2,69,4.2
5611,9.0,7,2,89,3.9
5612,11.1,8,1,98,5.1
5613,5.2,2,3,47,2.0
5614,10.8,7,0,85,5.7
5615,6.7,1,5,72,3.3
5616,4.6,6,0,61,2.2
5617,8.8,1,3,45,3.6
5618,2.8,7,3,87,1.7
5619,10.7,8,2,69,4.2
5620,3.1,0,4,43,2.3
5621,6.3,1,7,79,2.4
5622,3.9,7,0,59,1.9
5623,7.0,9,1,72,3.2
5624,11.6,9,0,86,5.7
5625,3.9,9,1,103,2.9
5626,3.5,1,5,64,1.9
5627,4.4,8,2,85,1.4
5628,11.4,0,4,41,5.7
5629,5.2,9,1,82,2.7
5630,8.3,0,1,25,4.1
5631,5.2,9,0,89,2.7
5632,9.3,9,0,83,3.4
5633,8.5,0,7,62,4.2
5634,11.6,9,2,100,6.0
5635,5.6,7,0,63,1.8
5636,5.5,0,6,67,1.8
5637,9.9,2,6,58,5.0
5638,4.0,9,0,85,1.4
5639,9.4,8,0,63,4.4
5640,9.8,8,0,79,4.3
5641,10.7,9,3,109,5.2
5642,9.1,1,5,62,4.5
5643,4.1,7,1,82,1.7
5644,5.7,8,2,97,3.5
5645,3.0,0,7,61,1.5
5646,9.7,8,0,78,4.7
5647,9.1,0,4,24,3.2
5648,7.4,1,5,55,2.7
5649,11.8,0,3,25,4.0
5650,5.5,7,1,63,2.9
5651,11.0,8,2,79,4.5
5652,4.2,8,1,83,1.9
5653,11.6,9,0,82,5.2
5654,5.2,8,2,81,2.7
5655,10.2,8,0,54,3.1
5656,3.6,8,0,77,0.7
5657,6.4,8,2,73,2.5
5658,11.7,7,0,59,5.1
5659,5.5,2,5,51,2.1
5660,9.9,10,3,111,5.0
5661,7.1,9,0,58,2.1
5662,8.3,7,1,79,3.6
5663,8.2,0,4,38,3.7
5664,7.9,0,3,39,3.3
5665,7.1,8,0,61,2.8
5666,4.3,1,5,67,1.2
5667,2.6,2,7,75,1.5
5668,8.9,7,3,66,3.0
5669,9.2,6,0,35,4.2
5670,9.9,9,2,109,3.7
5671,11.3,9,2,98,5.5
5672,4.0,0,4,49,1.5
5673,11.0,4,0,39,5.8
5674,4.7,1,3,44,2.6
5675,7.7,7,1,81,2.0
5676,5.0,6,0,56,3.5
5677,3.8,7,0,72,1.9
5678,3.0,8,0,62,1.7
5679,5.8,8,0,87,2.4
5680,11.7,0,8,86,6.0
5681,7.0,8,0,61,3.0
5682,2.9,9,0,68,0.9
5683,8.9,8,0,89,4.1
5684,4.4,7,0,67,1.6
5685,3.1,8,0,71,2.1
5686,10.0,7,0,49,4.2
5687,6.7,1,8,75,4.3
5688,11.8,8,0,80,5.9
5689,9.3,0,6,43,4.5
5690,5.2,7,2,82,2.0
5691,11.8,8,0,72,5.4
5692,10.8,7,2,76,5.1
5693,5.5,7,0,76,1.9
5694,5.3,1,8,70,2.8
5695,7.3,7,0,62,3.4
5696,7.6,6,0,56,3.3
5697,8.0,8,1,81,3.4
5698,4.6,2,4,70,0.9
5699,3.0,10,0,78,2.9
5700,7.6,6,0,63,3.5
5701,8.3,0,4,47,3.7
5702,11.6,10,0,94,4.9
5703,7.7,1,6,65,4.0
5704,4.0,7,1,62,1.4
5705,5.4,0,4,49,2.4
5706,3.0,8,0,67,2.1
5707,2.6,7,0,75,0.3
5708,7.0,8,1,68,3.6
5709,8.8,9,1,102,5.2
5710,11.5,7,1,84,5.7
5711,8.5,1,4,44,4.8
5712,4.2,7,0,57,0.9
5713,11.1,0,1,14,4.6
5714,10.9,9,1,86,5.0
5715,6.4,2,4,58,4.5
5716,7.5,1,7,75,2.7
5717,7.2,9,0,79,2.6
5718,6.7,7,0,55,3.6
5719,5.6,7,0,62,3.0
5720,11.9,8,0,69,5.9
5721,11.1,6,1,88,5.5
5722,5.7,7,0,50,2.1
5723,8.3,0,4,61,3.9
5724,3.3,7,0,56,1.1
5725,9.6,1,4,36,4.7
5726,10.5,2,5,60,4.8
5727,6.9,0,4,53,2.1
5728,3.2,7,1,82,2.3
5729,8.0,2,7,81,3.9
5730,3.0,0,5,51,1.4
5731,10.3,8,1,86,4.9
5732,8.1,0,7,66,3.0
5733,10.8,0,3,36,5.4
5734,6.1,0,5,35,3.2
5735,4.9,2,7,64,2.5
5736,11.4,6,2,68,5.7
5737,11.1,6,3,62,2.9
5738,3.1,9,0,69,1.8
5739,10.7,9,0,82,5.2
5740,11.3,6,1,69,4.9
5741,6.8,6,0,55,3.4
5742,11.0,0,6,53,4.7
5743,6.7,0,5,53,2.3
5744,3.0,8,1,72,1.4
5745,7.7,1,4,35,4.0
5746,11.4,1,4,46,6.0
5747,7.6,9,0,74,3.7
5748,3.8,7,0,53,1.1
5749,6.7,1,5,69,2.4
5750,3.5,1,7,73,1.5
5751,8.1,7,0,50,2.9
5752,8.4,8,1,80,5.1
5753,8.8,0,5,44,4.8
5754,3.0,8,0,80,1.8
5755,10.6,7,0,78,5.7
5756,11.2,8,0,53,5.2
5757,5.2,8,1,78,2.5
5758,9.9,0,5,39,4.2
5759,7.1,9,0,56,3.4
5760,7.5,7,0,79,2.9
5761,4.8,0,3,32,2.0
5762,11.0,9,0,82,5.1
5763,11.6,0,3,26,5.5
5764,8.7,1,6,63,4.3
5765,3.9,8,1,78,1.7
5766,7.6,0,6,50,3.4
5767,5.4,6,0,56,2.2
5768,6.8,8,0,99,2.3
5769,8.9,5,0,39,5.1
5770,3.2,6,2,68,1.5
5771,4.4,6,0,70,2.3
5772,9.6,1,5,54,4.4
5773,2.9,7,0,43,0.8
5774,8.2,0,0,10,5.3
5775,5.0,0,6,34,1.3
5776,11.1,1,3,35,5.1
5777,10.4,4,5,82,4.2
5778,11.2,9,0,71,6.0
5779,3.4,8,0,75,1.2
5780,11.9,9,0,73,5.8
5781,3.9,8,0,81,0.6
5782,10.8,8,0,75,5.1
5783,6.1,8,0,67,3.5
5784,11.6,8,3,82,5.6
5785,2.5,7,2,69,0.0
5786,9.0,5,2,65,3.4
5787,12.0,8,0,72,5.3
5788,9.1,8,0,76,4.7
5789,9.2,8,1,82,3.7
5790,8.8,8,2,94,3.6
5791,11.8,9,0,69,4.9
5792,9.3,8,0,70,3.5
5793,7.2,8,0,73,3.5
5794,4.9,8,0,64,1.7
5795,9.9,8,0,51,5.8
5796,4.0,0,5,48,1.6
5797,3.1,1,6,56,0.9
5798,9.7,8,1,59,3.1
5799,6.0,10,1,83,1.2
5800,4.5,0,2,20,3.2
5801,9.8,8,1,71,5.0
5802,10.7,6,0,58,4.9
5803,3.5,0,2,24,1.5
5804,6.4,0,6,50,1.6
5805,2.7,6,0,64,0.9
5806,10.4,2,6,82,3.7
5807,2.6,7,2,86,0.9
5808,6.2,7,2,74,2.3
5809,11.1,7,0,62,5.2
5810,8.0,8,1,87,3.2
5811,10.1,6,0,60,3.7
5812,3.8,1,7,63,1.6
5813,3.6,7,0,60,1.7
5814,5.9,7,1,72,3.1
5815,8.9,1,4,53,5.3
5816,4.1,2,5,67,3.5
5817,3.1,4,3,53,0.7
5818,11.8,0,6,52,5.1
5819,5.3,0,1,34,1.9
5820,8.4,7,0,64,2.1
5821,8.8,7,3,87,4.4
5822,2.9,6,0,58,1.9
5823,7.9,9,0,71,2.8
5824,4.4,9,2,105,2.8
5825,3.4,9,0,78,1.7
5826,6.3,8,1,73,3.4
5827,10.0,8,2,85,4.6
5828,11.7,7,0,84,5.0
5829,7.2,7,0,30,3.8
5830,10.9,2,6,81,5.2
5831,11.5,8,0,61,4.9
5832,6.7,0,2,49,3.6
5833,3.9,0,1,10,1.7
5834,5.4,6,3,79,2.1
5835,6.2,7,0,68,2.0
5836,6.8,0,3,31,4.4
5837,8.6,9,1,90,3.4
5838,8.6,1,6,63,2.5
5839,7.7,8,0,64,4.5
5840,4.7,0,6,53,2.5
5841,6.0,8,0,60,1.2
5842,6.4,2,4,46,3.7
5843,8.8,0,3,39,4.4
5844,3.8,0,3,32,2.3
5845,4.8,8,1,81,2.3
5846,5.2,8,0,71,2.6
5847,7.4,9,1,77,3.4
5848,9.7,8,3,83,4.3
5849,10.5,7,3,97,5.2
5850,9.6,0,9,87,4.5
5851,9.6,10,0,90,3.3
5852,4.8,0,5,43,1.5
5853,10.9,0,4,37,4.7
5854,3.0,6,0,73,0.2
5855,7.6,8,0,90,3.2
5856,3.3,0,4,51,1.6
5857,8.2,6,3,88,2.9
5858,2.9,1,4,68,2.1
5859,8.6,0,7,66,3.0
5860,2.8,0,8,70,0.8
5861,4.1,7,0,60,2.1
5862,9.7,9,0,81,3.8
5863,5.4,8,0,65,2.7
5864,10.9,2,6,66,4.2
5865,3.4,6,0,47,2.5
5866,7.5,6,1,74,2.8
5867,11.3,0,4,39,4.2
5868,6.4,0,6,59,3.2
5869,5.6,7,0,72,2.5
5870,11.7,0,3,26,4.0
5871,6.5,0,3,46,3.1
5872,9.1,6,1,61,4.6
5873,11.2,1,6,50,6.0
5874,2.6,1,7,61,1.3
5875,7.9,9,0,68,2.4
5876,9.3,7,0,92,5.9
5877,6.5,0,0,10,3.2
5878,8.9,8,2,89,2.6
5879,10.2,6,0,47,5.0
5880,5.5,1,5,69,2.6
5881,5.6,8,0,67,3.0
5882,3.3,8,0,59,2.0
5883,11.6,0,5,37,5.6
5884,2.8,8,1,92,1.4
5885,7.0,0,5,33,3.2
5886,7.6,0,5,57,4.0
5887,3.8,9,0,69,0.3
5888,7.2,9,3,91,2.7
5889,5.3,1,5,56,2.6
5890,10.1,9,0,68,4.0
5891,10.3,0,1,22,4.8
5892,6.6,8,1,68,2.2
5893,6.6,8,2,96,2.7
5894,3.2,2,8,99,1.6
5895,5.9,0,2,23,3.2
5896,6.4,0,5,61,3.9
5897,6.7,1,7,60,3.7
5898,6.8,0,5,40,3.5
5899,3.4,0,8,74,0.9
5900,4.0,7,0,68,2.2
5901,6.6,7,0,52,2.4
5902,6.1,7,1,71,2.3
5903,3.9,0,6,54,1.2
5904,8.7,6,0,60,5.0
5905,3.6,2,6,89,1.6
5906,2.5,8,1,75,0.6
5907,8.3,1,6,59,5.2
5908,3.3,0,1,16,0.3
5909,3.1,9,0,66,0.9
5910,3.3,9,0,91,1.9
5911,11.4,2,6,83,5.0
5912,3.5,9,2,99,2.1
5913,10.5,7,0,63,4.4
5914,9.9,0,7,60,4.4
5915,10.5,6,0,67,5.1
5916,8.2,8,1,66,3.8
5917,4.0,9,1,90,1.2
5918,9.8,7,1,79,3.9
5919,7.9,7,0,65,3.1
5920,7.9,9,0,80,2.9
5921,8.3,8,2,79,4.2
5922,3.9,8,1,88,2.1
5923,5.3,9,0,76,1.8
5924,11.9,10,0,69,6.0
5925,10.8,0,2,21,5.6
5926,5.9,1,2,33,3.8
5927,11.9,9,0,75,6.0
5928,3.2,2,4,63,0.3
5929,5.8,0,4,36,1.7
5930,7.8,0,9,72,3.6
5931,8.4,8,2,75,3.9
5932,10.1,0,3,19,4.9
5933,9.5,8,1,75,4.1
5934,9.0,9,0,84,4.5
5935,11.8,0,5,42,4.1
5936,8.2,0,5,34,3.0
5937,2.6,6,2,69,1.4
5938,8.4,9,2,79,4.6
5939,9.7,8,0,71,4.4
5940,11.2,7,2,79,3.9
5941,6.2,0,3,21,3.6
5942,3.0,8,0,66,1.5
5943,3.7,8,0,83,1.0
5944,11.1,7,0,74,4.4
5945,11.5,8,0,82,4.7
5946,4.7,0,4,47,1.5
5947,8.9,0,1,10,2.9
5948,7.0,5,0,48,3.5
5949,8.2,9,2,92,2.8
5950,3.0,0,7,58,1.2
5951,11.7,7,0,67,5.2
5952,7.0,2,2,60,2.8
5953,9.8,2,4,68,4.9
5954,7.4,2,4,52,3.5
5955,10.6,8,2,93,4.5
5956,8.5,0,6,51,3.1
5957,5.5,8,0,74,1.5
5958,7.2,0,2,36,3.9
5959,10.0,9,0,82,4.6
5960,5.0,0,5,57,2.9
5961,10.0,0,4,27,3.7
5962,9.2,9,0,82,4.5
5963,2.6,6,3,64,0.0
5964,10.7,0,3,38,6.0
5965,7.4,1,5,53,4.3
5966,11.3,1,7,60,3.9
5967,2.6,0,2,17,0.7
5968,10.7,8,0,78,4.5
5969,9.8,7,0,54,3.9
5970,8.8,1,9,76,3.6
5971,8.2,7,0,76,3.9
5972,8.2,0,4,31,3.0
5973,10.5,1,6,65,3.7
5974,11.9,6,0,52,6.0
5975,6.9,8,3,118,3.8
5976,7.9,2,4,59,3.3
5977,4.2,7,1,81,1.7
5978,6.2,0,0,17,2.5
5979,4.1,6,0,56,1.7
5980,2.6,8,0,59,1.0
5981,9.4,0,3,40,3.7
5982,5.4,9,1,78,1.8
5983,10.8,7,0,57,4.4
5984,7.2,8,0,83,2.7
5985,10.1,0,7,64,5.0
5986,6.5,7,0,81,3.5
5987,10.4,2,3,68,3.9
5988,10.6,0,6,57,5.3
5989,6.9,6,1,51,4.1
5990,11.4,0,9,81,5.5
5991,5.3,8,1,66,2.1
5992,6.1,7,0,82,1.8
5993,7.0,10,0,99,2.1
5994,9.6,1,4,45,4.6
5995,6.3,0,6,63,3.2
5996,3.3,6,0,65,2.6
5997,2.5,0,3,28,0.4
5998,10.8,0,4,45,3.9
5999,8.6,0,7,68,3.5
6000,4.1,5,0,47,0.3
