User_ID,Age,Gender,Occupation,Weight_kg,Height_cm,BMI
1001,56,Male,Student,81.5,157.6,32.8
1002,46,Female,Student,61.5,154.7,25.7
1003,32,Male,Teacher,66.3,167.2,23.7
1004,25,Female,Manager,68.6,168.4,24.2
1005,38,Female,Teacher,54.1,159.8,21.2
1006,56,Female,Salesperson,62.0,171.4,21.1
1007,36,Male,Healthcare Worker,87.2,181.4,26.5
1008,40,Male,Manager,80.1,183.5,23.8
1009,28,Male,Student,75.6,170.5,26.0
1010,28,Male,Manager,58.1,180.6,17.8
1011,41,Male,Software Engineer,69.4,169.7,24.1
1012,53,Female,Teacher,87.3,173.2,29.1
1013,57,Female,Manager,52.2,163.6,19.5
1014,41,Male,Software Engineer,81.7,182.2,24.6
1015,20,Male,Healthcare Worker,53.0,180.9,16.2
1016,39,Male,Student,58.4,177.2,18.6
1017,19,Male,Manager,81.5,170.3,28.1
1018,41,Female,Student,63.5,165.8,23.1
1019,47,Male,Healthcare Worker,83.6,159.9,32.7
1020,55,Male,Student,82.3,176.6,26.4
1021,19,Male,Student,84.7,177.4,26.9
1022,38,Female,Software Engineer,49.2,158.0,19.7
1023,50,Female,Software Engineer,53.7,153.5,22.8
1024,29,Male,Student,58.5,166.1,21.2
1025,39,Female,Teacher,45.9,152.6,19.7
1026,42,Female,Software Engineer,73.0,162.9,27.5
1027,44,Female,Student,72.1,159.3,28.4
1028,59,Male,Software Engineer,79.4,173.8,26.3
1029,45,Female,Salesperson,53.0,159.6,20.8
1030,33,Female,Manager,73.9,168.6,26.0
1031,32,Female,Salesperson,40.4,158.9,16.0
1032,20,Female,Manager,86.1,168.0,30.5
1033,54,Female,Software Engineer,56.9,174.4,18.7
1034,24,Male,Student,58.8,173.7,19.5
1035,38,Female,Student,67.1,163.8,25.0
1036,26,Female,Salesperson,80.9,178.5,25.4
1037,56,Female,Unemployed,63.8,162.4,24.2
1038,35,Male,Software Engineer,60.9,176.7,19.5
1039,21,Female,Student,82.3,166.7,29.6
1040,42,Female,Student,44.5,162.2,16.9
1041,31,Male,Software Engineer,59.4,182.6,17.8
1042,26,Female,Teacher,68.4,168.8,24.0
1043,43,Female,Student,42.3,150.0,18.8
1044,19,Female,Healthcare Worker,76.3,159.5,30.0
1045,37,Male,Software Engineer,56.9,172.2,19.2
1046,45,Male,Healthcare Worker,100.7,178.8,31.5
1047,24,Female,Salesperson,72.7,157.8,29.2
1048,25,Male,Salesperson,93.7,176.4,30.1
1049,52,Female,Manager,81.2,156.9,33.0
1050,31,Male,Manager,75.1,173.7,24.9
1051,34,Female,Manager,53.3,163.6,19.9
1052,53,Male,Manager,78.3,180.6,24.0
1053,57,Female,Teacher,52.5,154.5,22.0
1054,21,Male,Unemployed,69.4,180.5,21.3
1055,19,Male,Salesperson,73.5,170.8,25.2
1056,23,Male,Salesperson,68.3,172.0,23.1
1057,59,Male,Healthcare Worker,58.0,165.8,21.1
1058,21,Female,Student,63.6,164.8,23.4
1059,46,Female,Student,77.2,169.1,27.0
1060,35,Male,Software Engineer,96.8,183.3,28.8
1061,43,Female,Teacher,47.6,165.9,17.3
1062,51,Male,Salesperson,69.1,173.0,23.1
1063,27,Female,Software Engineer,66.9,167.3,23.9
1064,53,Female,Teacher,50.5,162.2,19.2
1065,31,Female,Teacher,58.8,156.5,24.0
1066,48,Male,Student,81.9,180.3,25.2
1067,32,Female,Manager,72.2,164.1,26.8
1068,25,Male,Salesperson,74.7,173.5,24.8
1069,31,Non-binary,Student,62.6,174.7,20.5
1070,40,Male,Teacher,96.9,169.8,33.6
1071,57,Female,Teacher,72.2,160.0,28.2
1072,38,Female,Student,71.5,162.7,27.0
1073,33,Female,Student,84.9,171.1,29.0
1074,35,Male,Unemployed,77.6,174.1,25.6
1075,41,Female,Software Engineer,72.4,154.6,30.3
1076,43,Male,Student,71.3,169.6,24.8
1077,42,Female,Student,70.4,169.5,24.5
1078,58,Male,Manager,84.4,175.5,27.4
1079,46,Male,Manager,95.5,173.8,31.6
1080,32,Female,Manager,77.2,157.1,31.3
1081,18,Male,Student,74.7,165.7,27.2
1082,42,Male,Healthcare Worker,90.9,184.2,26.8
1083,24,Male,Software Engineer,88.3,178.9,27.6
1084,26,Male,Software Engineer,77.4,163.6,28.9
1085,41,Female,Software Engineer,84.4,166.9,30.3
1086,18,Female,Software Engineer,60.3,160.5,23.4
1087,25,Male,Healthcare Worker,94.1,175.9,30.4
1088,41,Male,Healthcare Worker,90.1,186.2,26.0
1089,28,Male,Software Engineer,85.4,176.5,27.4
1090,34,Male,Healthcare Worker,83.7,165.1,30.7
1091,25,Female,Salesperson,82.5,172.0,27.9
1092,52,Female,Healthcare Worker,83.4,170.8,28.6
1093,52,Male,Student,66.2,170.8,22.7
1094,50,Male,Teacher,100.0,179.0,31.2
1095,22,Male,Student,73.6,163.3,27.6
1096,59,Female,Salesperson,72.1,169.5,25.1
1097,56,Female,Student,74.2,158.6,29.5
1098,58,Male,Teacher,102.0,168.1,36.1
1099,45,Male,Software Engineer,58.3,174.2,19.2
1100,24,Female,Software Engineer,55.1,162.3,20.9
1101,26,Female,Manager,91.1,157.8,36.6
1102,25,Male,Healthcare Worker,76.1,169.8,26.4
1103,29,Male,Manager,74.7,171.5,25.4
1104,51,Male,Healthcare Worker,67.0,167.1,24.0
1105,50,Female,Student,73.4,156.7,29.9
1106,40,Male,Teacher,120.9,182.5,36.3
1107,41,Male,Software Engineer,65.8,175.0,21.5
1108,54,Female,Student,66.4,166.0,24.1
1109,52,Male,Teacher,78.5,185.2,22.9
1110,57,Female,Manager,66.0,154.1,27.8
1111,39,Male,Teacher,90.5,173.7,30.0
1112,44,Male,Salesperson,115.0,190.2,31.8
1113,52,Female,Teacher,80.6,169.7,28.0
1114,18,Male,Student,95.5,163.3,35.8
1115,52,Female,Student,51.1,152.7,21.9
1116,54,Female,Teacher,52.4,159.1,20.7
1117,31,Male,Student,101.7,180.8,31.1
1118,20,Female,Student,63.3,158.8,25.1
1119,18,Male,Software Engineer,52.3,169.1,18.3
1120,22,Female,Teacher,64.0,166.4,23.1
1121,43,Male,Software Engineer,75.1,171.0,25.7
1122,31,Female,Salesperson,52.8,156.4,21.6
1123,56,Male,Manager,55.3,166.7,19.9
1124,44,Male,Software Engineer,68.7,170.6,23.6
1125,26,Female,Salesperson,58.3,172.1,19.7
1126,32,Female,Manager,61.6,149.9,27.4
1127,32,Male,Manager,54.1,183.9,16.0
1128,43,Male,Teacher,74.3,172.7,24.9
1129,59,Female,Student,75.2,167.5,26.8
1130,30,Female,Manager,60.7,158.7,24.1
1131,49,Male,Software Engineer,100.9,185.3,29.4
1132,56,Male,Healthcare Worker,57.9,177.9,18.3
1133,49,Male,Salesperson,61.6,170.1,21.3
1134,21,Female,Teacher,54.3,153.7,23.0
1135,47,Male,Student,77.4,167.2,27.7
1136,54,Male,Student,78.5,175.5,25.5
1137,40,Female,Software Engineer,90.4,162.8,34.1
1138,56,Male,Software Engineer,65.0,176.4,20.9
1139,32,Female,Student,50.2,166.0,18.2
1140,46,Male,Teacher,91.6,167.6,32.6
1141,53,Male,Student,50.4,166.8,18.1
1142,30,Male,Unemployed,95.4,185.9,27.6
1143,49,Female,Student,51.9,160.7,20.1
1144,24,Male,Healthcare Worker,56.0,187.1,16.0
1145,39,Female,Healthcare Worker,61.5,164.3,22.8
1146,45,Female,Teacher,80.9,168.5,28.5
1147,19,Female,Salesperson,46.9,157.1,19.0
1148,59,Male,Software Engineer,82.8,174.8,27.1
1149,23,Male,Manager,86.9,176.5,27.9
1150,45,Male,Software Engineer,57.4,174.7,18.8
1151,45,Male,Software Engineer,56.0,154.4,23.5
1152,37,Male,Teacher,109.6,186.2,31.6
1153,47,Female,Software Engineer,72.7,162.9,27.4
1154,28,Male,Teacher,73.2,177.3,23.3
1155,45,Male,Student,80.5,174.6,26.4
1156,42,Male,Software Engineer,66.4,176.1,21.4
1157,56,Female,Student,81.7,166.4,29.5
1158,50,Male,Student,94.8,179.3,29.5
1159,18,Female,Student,65.8,162.2,25.0
1160,44,Male,Student,79.3,176.3,25.5
1161,30,Female,Student,47.7,154.5,20.0
1162,58,Female,Salesperson,50.2,165.2,18.4
1163,20,Male,Student,71.9,177.6,22.8
1164,56,Male,Manager,68.1,168.1,24.1
1165,23,Male,Student,82.9,168.2,29.3
1166,25,Male,Healthcare Worker,89.6,176.7,28.7
1167,44,Female,Software Engineer,72.0,168.7,25.3
1168,26,Female,Software Engineer,91.9,175.3,29.9
1169,54,Female,Teacher,53.5,162.4,20.3
1170,50,Female,Software Engineer,81.4,166.7,29.3
1171,59,Male,Teacher,63.1,173.7,20.9
1172,41,Male,Student,82.5,165.6,30.1
1173,32,Female,Unemployed,63.2,160.9,24.4
1174,49,Male,Software Engineer,52.9,181.8,16.0
1175,49,Female,Software Engineer,79.6,169.2,27.8
1176,41,Male,Manager,83.4,172.3,28.1
1177,58,Male,Software Engineer,68.0,174.2,22.4
1178,29,Non-binary,Salesperson,54.8,155.0,22.8
1179,56,Male,Software Engineer,75.5,178.1,23.8
1180,19,Non-binary,Manager,54.9,185.2,16.0
1181,20,Female,Student,40.1,158.3,16.0
1182,54,Female,Salesperson,75.0,157.1,30.4
1183,34,Female,Salesperson,58.5,167.7,20.8
1184,19,Female,Student,78.5,154.7,32.8
1185,19,Female,Student,84.7,166.1,30.7
1186,45,Male,Software Engineer,99.2,177.2,31.6
1187,40,Male,Unemployed,71.9,182.4,21.6
1188,54,Female,Student,45.5,162.1,17.3
1189,49,Male,Software Engineer,55.3,167.9,19.6
1190,50,Male,Student,63.1,167.4,22.5
1191,18,Male,Software Engineer,46.3,170.1,16.0
1192,36,Female,Teacher,65.3,170.8,22.4
1193,19,Female,Unemployed,62.6,162.9,23.6
1194,43,Male,Teacher,59.1,177.8,18.7
1195,49,Female,Salesperson,48.0,155.7,19.8
1196,23,Female,Teacher,52.5,149.5,23.5
1197,49,Female,Student,63.1,155.5,26.1
1198,21,Female,Software Engineer,54.1,162.4,20.5
1199,28,Female,Teacher,64.9,158.6,25.8
1200,34,Male,Unemployed,69.8,166.7,25.1
1201,55,Female,Healthcare Worker,67.2,165.0,24.7
1202,41,Male,Student,65.2,173.7,21.6
1203,22,Female,Student,44.6,155.3,18.5
1204,51,Non-binary,Student,93.4,170.6,32.1
1205,23,Male,Healthcare Worker,75.0,165.7,27.3
1206,39,Male,Healthcare Worker,98.6,184.4,29.0
1207,28,Female,Salesperson,69.7,170.1,24.1
1208,33,Male,Software Engineer,78.2,181.3,23.8
1209,50,Female,Teacher,79.5,172.6,26.7
1210,26,Male,Software Engineer,51.0,177.4,16.2
1211,23,Male,Student,53.8,166.1,19.5
1212,33,Female,Teacher,50.4,155.3,20.9
1213,46,Female,Student,58.8,161.7,22.5
1214,20,Female,Student,58.5,168.9,20.5
1215,37,Male,Healthcare Worker,72.0,166.4,26.0
1216,53,Female,Salesperson,69.8,167.4,24.9
1217,36,Female,Software Engineer,88.3,169.3,30.8
1218,43,Female,Teacher,88.2,157.4,35.6
1219,20,Female,Software Engineer,46.9,157.9,18.8
1220,36,Female,Salesperson,69.7,166.3,25.2
1221,37,Male,Salesperson,81.3,179.6,25.2
1222,49,Male,Salesperson,85.9,187.6,24.4
1223,24,Female,Salesperson,50.1,159.9,19.6
1224,58,Male,Student,57.7,168.2,20.4
1225,50,Female,Software Engineer,59.6,152.6,25.6
1226,57,Male,Software Engineer,74.1,191.5,20.2
1227,56,Female,Software Engineer,63.8,159.1,25.2
1228,35,Female,Salesperson,49.4,145.3,23.4
1229,57,Male,Software Engineer,69.2,166.1,25.1
1230,18,Male,Student,66.7,181.7,20.2
1231,28,Male,Software Engineer,76.5,174.2,25.2
1232,45,Female,Unemployed,51.5,158.5,20.5
1233,42,Female,Student,60.9,155.4,25.2
1234,40,Male,Manager,95.9,177.3,30.5
1235,48,Female,Software Engineer,64.2,158.0,25.7
1236,47,Male,Student,77.2,172.7,25.9
1237,59,Male,Software Engineer,91.0,179.6,28.2
1238,52,Female,Manager,44.2,155.8,18.2
1239,24,Male,Teacher,100.7,176.8,32.2
1240,33,Male,Healthcare Worker,64.9,181.5,19.7
1241,43,Male,Student,84.8,172.5,28.5
1242,19,Male,Student,86.7,176.3,27.9
1243,18,Male,Healthcare Worker,46.8,151.4,20.4
1244,29,Male,Software Engineer,85.7,171.9,29.0
1245,22,Female,Teacher,75.2,167.8,26.7
1246,54,Male,Salesperson,98.0,172.3,33.0
1247,49,Female,Software Engineer,68.5,164.2,25.4
1248,26,Male,Manager,67.5,167.7,24.0
1249,58,Male,Student,73.5,182.0,22.2
1250,52,Female,Student,44.4,163.0,16.7
1251,36,Female,Student,60.6,162.0,23.1
1252,33,Male,Salesperson,61.8,162.9,23.3
1253,20,Female,Student,69.9,164.9,25.7
1254,37,Female,Manager,42.4,153.0,18.1
1255,41,Female,Healthcare Worker,55.4,153.9,23.4
1256,50,Female,Teacher,69.2,159.8,27.1
1257,41,Male,Teacher,81.9,172.6,27.5
1258,28,Male,Software Engineer,52.7,180.9,16.1
1259,25,Female,Software Engineer,71.6,160.8,27.7
1260,53,Male,Software Engineer,82.2,187.4,23.4
1261,55,Female,Manager,59.7,158.7,23.7
1262,57,Male,Unemployed,48.8,174.7,16.0
1263,37,Male,Healthcare Worker,102.6,181.3,31.2
1264,52,Female,Healthcare Worker,68.6,164.7,25.3
1265,42,Male,Healthcare Worker,51.0,170.3,17.6
1266,52,Female,Software Engineer,83.5,178.5,26.2
1267,42,Female,Manager,68.9,162.5,26.1
1268,46,Female,Healthcare Worker,75.4,158.5,30.0
1269,35,Female,Software Engineer,67.2,170.5,23.1
1270,35,Female,Unemployed,62.3,159.2,24.6
1271,19,Female,Software Engineer,63.9,172.0,21.6
1272,52,Female,Manager,66.9,156.8,27.2
1273,33,Male,Manager,69.6,182.0,21.0
1274,58,Male,Unemployed,62.4,174.4,20.5
1275,53,Male,Student,78.1,179.7,24.2
1276,50,Male,Salesperson,60.9,179.0,19.0
1277,21,Female,Teacher,76.4,155.2,31.7
1278,50,Female,Student,95.6,169.7,33.2
1279,31,Female,Salesperson,53.0,153.5,22.5
1280,38,Male,Teacher,55.5,174.1,18.3
1281,37,Female,Manager,64.3,157.2,26.0
1282,25,Male,Software Engineer,66.2,172.3,22.3
1283,24,Female,Software Engineer,78.4,162.2,29.8
1284,20,Female,Manager,54.4,161.0,21.0
1285,34,Male,Software Engineer,82.2,174.5,27.0
1286,50,Male,Student,66.7,163.4,25.0
1287,29,Male,Unemployed,70.4,181.0,21.5
1288,39,Female,Teacher,72.8,168.6,25.6
1289,39,Female,Salesperson,85.2,172.9,28.5
1290,47,Female,Software Engineer,65.3,161.9,24.9
1291,55,Male,Software Engineer,74.7,173.2,24.9
1292,55,Male,Software Engineer,63.2,175.1,20.6
1293,25,Female,Software Engineer,71.2,155.1,29.6
1294,44,Female,Teacher,72.8,157.9,29.2
1295,44,Male,Teacher,70.6,176.3,22.7
1296,51,Male,Software Engineer,72.4,174.0,23.9
1297,38,Female,Student,74.0,154.8,30.9
1298,47,Male,Software Engineer,60.3,176.3,19.4
1299,50,Male,Student,74.8,165.8,27.2
1300,45,Male,Student,67.6,175.3,22.0
1301,50,Female,Healthcare Worker,92.6,168.8,32.5
1302,22,Female,Manager,65.6,162.7,24.8
1303,36,Female,Manager,91.5,174.1,30.2
1304,21,Female,Software Engineer,55.0,161.4,21.1
1305,52,Female,Healthcare Worker,49.1,161.2,18.9
1306,34,Male,Manager,73.0,176.6,23.4
1307,45,Female,Salesperson,65.2,159.3,25.7
1308,47,Male,Software Engineer,67.5,174.4,22.2
1309,46,Female,Unemployed,82.0,171.4,27.9
1310,23,Male,Salesperson,71.7,174.3,23.6
1311,52,Male,Healthcare Worker,54.0,183.7,16.0
1312,58,Male,Student,81.0,173.2,27.0
1313,54,Male,Student,69.4,184.0,20.5
1314,41,Male,Student,69.6,174.3,22.9
1315,46,Male,Student,90.0,169.0,31.5
1316,48,Non-binary,Healthcare Worker,91.8,168.1,32.5
1317,52,Male,Student,65.5,172.9,21.9
1318,50,Female,Student,69.8,160.5,27.1
1319,38,Female,Student,52.9,155.1,22.0
1320,49,Non-binary,Student,67.9,171.1,23.2
1321,40,Female,Student,61.7,168.2,21.8
1322,50,Female,Salesperson,43.8,162.0,16.7
1323,20,Male,Teacher,72.9,171.1,24.9
1324,35,Male,Student,75.4,171.0,25.8
1325,42,Male,Software Engineer,65.6,174.7,21.5
1326,59,Female,Software Engineer,76.7,161.5,29.4
1327,48,Female,Student,61.6,165.4,22.5
1328,20,Male,Manager,73.6,184.6,21.6
1329,57,Male,Manager,84.3,177.0,26.9
1330,41,Female,Salesperson,50.0,168.6,17.6
1331,49,Male,Salesperson,95.5,182.7,28.6
1332,39,Female,Student,55.2,156.0,22.7
1333,40,Female,Unemployed,75.7,161.6,29.0
1334,19,Female,Salesperson,80.7,163.2,30.3
1335,44,Female,Healthcare Worker,65.7,154.8,27.4
1336,59,Female,Student,49.3,154.0,20.8
1337,19,Female,Healthcare Worker,51.3,164.7,18.9
1338,43,Female,Salesperson,45.8,159.6,18.0
1339,34,Female,Salesperson,76.5,161.0,29.5
1340,57,Male,Student,73.3,175.1,23.9
1341,50,Male,Salesperson,69.1,178.0,21.8
1342,26,Male,Unemployed,67.5,168.1,23.9
1343,56,Male,Manager,106.0,189.9,29.4
1344,46,Female,Teacher,70.6,158.8,28.0
1345,59,Female,Healthcare Worker,74.0,167.1,26.5
1346,43,Male,Software Engineer,81.6,172.6,27.4
1347,52,Male,Teacher,73.5,170.5,25.3
1348,42,Female,Software Engineer,62.4,155.2,25.9
1349,41,Male,Healthcare Worker,74.8,171.3,25.5
1350,30,Male,Student,67.0,165.4,24.5
1351,24,Female,Teacher,74.8,163.7,27.9
1352,53,Female,Manager,77.4,172.2,26.1
1353,37,Male,Salesperson,66.5,180.1,20.5
1354,18,Male,Teacher,88.6,181.5,26.9
1355,25,Male,Healthcare Worker,85.9,183.2,25.6
1356,33,Female,Healthcare Worker,77.2,168.2,27.3
1357,31,Female,Student,56.4,153.3,24.0
1358,29,Male,Software Engineer,78.1,166.4,28.2
1359,40,Female,Student,62.7,161.0,24.2
1360,32,Female,Software Engineer,69.0,157.6,27.8
1361,45,Male,Teacher,67.0,172.9,22.4
1362,51,Female,Healthcare Worker,63.0,166.2,22.8
1363,19,Female,Salesperson,70.5,161.0,27.2
1364,49,Male,Student,70.6,175.2,23.0
1365,40,Male,Student,99.3,169.9,34.4
1366,39,Female,Teacher,69.2,160.1,27.0
1367,42,Female,Teacher,62.3,159.1,24.6
1368,39,Female,Student,73.5,161.4,28.2
1369,39,Female,Healthcare Worker,55.7,158.0,22.3
1370,59,Female,Healthcare Worker,67.0,152.8,28.7
1371,23,Male,Software Engineer,83.9,171.6,28.5
1372,32,Female,Healthcare Worker,71.2,153.8,30.1
1373,54,Male,Software Engineer,68.2,174.1,22.5
1374,50,Male,Salesperson,53.3,167.5,19.0
1375,25,Female,Software Engineer,49.1,150.0,21.8
1376,22,Female,Student,61.3,162.6,23.2
1377,56,Male,Healthcare Worker,96.8,173.9,32.0
1378,21,Female,Software Engineer,98.9,169.6,34.4
1379,23,Male,Salesperson,85.8,181.3,26.1
1380,49,Male,Software Engineer,77.5,177.8,24.5
1381,47,Male,Student,69.7,174.5,22.9
1382,52,Female,Student,82.5,171.0,28.2
1383,57,Female,Software Engineer,96.3,167.6,34.3
1384,33,Male,Manager,105.1,179.8,32.5
1385,30,Female,Software Engineer,77.9,162.2,29.6
1386,59,Male,Manager,102.6,186.2,29.6
1387,47,Female,Manager,72.1,159.9,28.2
1388,36,Male,Manager,80.0,181.4,24.3
1389,34,Male,Software Engineer,65.6,175.9,21.2
1390,36,Female,Healthcare Worker,63.2,160.9,24.4
1391,45,Male,Software Engineer,75.8,169.4,26.4
1392,43,Male,Software Engineer,53.1,171.8,18.0
1393,54,Female,Student,66.9,167.6,23.8
1394,43,Female,Software Engineer,54.9,162.4,20.8
1395,40,Male,Student,92.8,178.6,29.1
1396,26,Male,Manager,73.4,182.7,22.0
1397,29,Male,Student,70.8,165.0,26.0
1398,18,Female,Software Engineer,45.1,145.5,21.3
1399,18,Male,Salesperson,98.9,176.6,31.7
1400,51,Female,Software Engineer,42.7,159.5,16.8
1401,49,Non-binary,Student,78.0,171.2,26.6
1402,42,Male,Student,60.0,178.6,18.8
1403,57,Male,Salesperson,67.6,174.5,22.2
1404,18,Male,Student,74.6,171.4,25.4
1405,33,Male,Software Engineer,75.4,171.6,25.6
1406,56,Female,Teacher,71.8,167.8,25.5
1407,22,Male,Manager,77.9,175.8,25.2
1408,39,Male,Manager,63.8,171.8,21.6
1409,46,Female,Salesperson,62.5,162.0,23.8
1410,20,Male,Student,83.6,184.4,24.6
1411,29,Female,Student,66.7,162.0,25.4
1412,43,Male,Student,75.6,176.8,24.2
1413,33,Female,Student,59.7,146.6,27.8
1414,54,Female,Student,58.7,153.5,24.9
1415,39,Female,Software Engineer,68.7,164.5,25.4
1416,46,Female,Teacher,51.1,149.7,22.8
1417,31,Male,Manager,64.2,180.1,19.8
1418,45,Male,Software Engineer,86.2,185.0,25.2
1419,22,Female,Manager,73.7,157.0,29.9
1420,47,Female,Software Engineer,66.1,157.9,26.5
1421,22,Male,Student,60.3,170.2,20.8
1422,29,Male,Teacher,88.3,177.0,28.2
1423,33,Male,Student,78.1,184.3,23.0
1424,43,Male,Student,80.9,170.9,27.7
1425,43,Male,Software Engineer,65.1,169.0,22.8
1426,38,Female,Healthcare Worker,56.8,147.5,26.1
1427,56,Male,Salesperson,66.7,173.4,22.2
1428,53,Male,Student,71.9,179.5,22.3
1429,50,Female,Salesperson,49.5,168.1,17.5
1430,47,Female,Salesperson,65.9,156.8,26.8
1431,54,Female,Manager,62.5,154.5,26.2
1432,40,Female,Salesperson,69.4,162.1,26.4
1433,27,Male,Software Engineer,73.9,169.6,25.7
1434,22,Female,Student,56.0,162.9,21.1
1435,53,Female,Teacher,77.2,163.7,28.8
1436,51,Male,Teacher,87.0,173.2,29.0
1437,48,Female,Teacher,52.2,157.6,21.0
1438,27,Female,Teacher,69.5,160.7,26.9
1439,36,Male,Healthcare Worker,86.9,174.9,28.4
1440,49,Male,Healthcare Worker,74.0,181.8,22.4
1441,18,Male,Healthcare Worker,74.4,179.1,23.2
1442,22,Male,Salesperson,82.8,175.4,26.9
1443,21,Male,Healthcare Worker,56.3,178.4,17.7
1444,33,Female,Student,52.8,164.1,19.6
1445,41,Male,Student,54.4,165.0,20.0
1446,33,Female,Software Engineer,43.9,163.6,16.4
1447,19,Female,Salesperson,73.0,157.6,29.4
1448,45,Female,Teacher,35.7,149.3,16.0
1449,49,Female,Salesperson,69.8,163.8,26.0
1450,44,Male,Student,91.7,180.3,28.2
1451,37,Male,Student,74.5,179.2,23.2
1452,41,Female,Salesperson,53.7,158.0,21.5
1453,29,Female,Student,63.1,157.3,25.5
1454,52,Female,Software Engineer,66.2,164.4,24.5
1455,50,Male,Student,92.6,178.7,29.0
1456,50,Female,Software Engineer,42.0,162.1,16.0
1457,54,Male,Manager,58.4,169.2,20.4
1458,29,Female,Software Engineer,69.2,160.1,27.0
1459,20,Female,Teacher,57.6,152.7,24.7
1460,18,Male,Student,80.1,169.4,27.9
1461,50,Female,Salesperson,72.1,167.5,25.7
1462,57,Male,Software Engineer,71.9,173.5,23.9
1463,27,Male,Manager,69.9,173.9,23.1
1464,46,Female,Salesperson,96.0,165.6,35.0
1465,30,Female,Student,88.0,167.4,31.4
1466,29,Female,Healthcare Worker,78.7,171.7,26.7
1467,48,Female,Manager,70.2,167.9,24.9
1468,19,Male,Software Engineer,86.2,179.0,26.9
1469,52,Female,Student,67.1,154.2,28.2
1470,40,Female,Healthcare Worker,70.1,162.9,26.4
1471,34,Male,Salesperson,63.0,172.8,21.1
1472,43,Non-binary,Student,88.4,164.9,32.5
1473,25,Male,Software Engineer,74.4,170.5,25.6
1474,46,Female,Salesperson,87.5,161.4,33.6
1475,43,Male,Manager,80.0,177.8,25.3
1476,27,Male,Salesperson,73.1,176.7,23.4
1477,43,Male,Software Engineer,94.2,175.2,30.7
1478,51,Female,Manager,64.0,157.2,25.9
1479,58,Male,Software Engineer,76.7,174.8,25.1
1480,24,Male,Student,56.1,171.4,19.1
1481,21,Female,Manager,64.6,153.3,27.5
1482,28,Female,Unemployed,57.8,161.0,22.3
1483,46,Male,Software Engineer,69.9,176.3,22.5
1484,53,Male,Software Engineer,71.7,179.3,22.3
1485,42,Male,Manager,79.7,173.4,26.5
1486,38,Male,Teacher,52.4,172.6,17.6
1487,53,Female,Salesperson,62.4,162.6,23.6
1488,27,Female,Salesperson,81.8,168.2,28.9
1489,54,Female,Student,48.0,159.4,18.9
1490,26,Male,Unemployed,73.9,170.9,25.3
1491,41,Female,Salesperson,51.9,154.7,21.7
1492,52,Female,Healthcare Worker,54.0,154.2,22.7
1493,52,Female,Manager,86.7,164.9,31.9
1494,53,Female,Healthcare Worker,49.9,170.9,17.1
1495,35,Female,Student,70.2,158.6,27.9
1496,56,Female,Software Engineer,61.3,165.8,22.3
1497,49,Male,Healthcare Worker,58.9,163.2,22.1
1498,41,Female,Student,51.9,163.1,19.5
1499,40,Female,Student,76.9,166.0,27.9
1500,49,Female,Salesperson,55.5,153.3,23.6
1501,54,Male,Salesperson,72.9,177.6,23.1
1502,29,Female,Student,69.1,166.3,25.0
1503,30,Female,Healthcare Worker,49.4,144.4,23.7
1504,40,Male,Manager,46.2,170.0,16.0
1505,42,Male,Teacher,65.4,171.2,22.3
1506,52,Female,Salesperson,78.8,166.3,28.5
1507,58,Female,Software Engineer,45.0,159.5,17.7
1508,47,Female,Student,45.1,151.7,19.6
1509,34,Male,Student,67.1,172.3,22.6
1510,37,Female,Teacher,55.3,161.5,21.2
1511,42,Male,Teacher,80.6,181.7,24.4
1512,39,Male,Salesperson,52.3,163.3,19.6
1513,30,Male,Salesperson,66.6,170.9,22.8
1514,36,Male,Teacher,69.4,169.0,24.3
1515,53,Male,Salesperson,72.2,162.3,27.4
1516,29,Male,Student,84.8,167.8,30.1
1517,58,Male,Student,86.0,192.1,23.3
1518,36,Male,Healthcare Worker,106.1,179.3,33.0
1519,29,Female,Student,67.0,168.1,23.7
1520,26,Male,Student,92.2,180.8,28.2
1521,24,Male,Manager,95.7,169.8,33.2
1522,45,Female,Software Engineer,74.0,171.7,25.1
1523,31,Male,Healthcare Worker,58.7,179.1,18.3
1524,48,Female,Student,69.9,167.6,24.9
1525,36,Male,Student,63.5,171.0,21.7
1526,33,Male,Software Engineer,63.0,164.4,23.3
1527,22,Female,Teacher,82.4,157.1,33.4
1528,52,Female,Software Engineer,47.0,157.2,19.0
1529,29,Female,Teacher,68.1,162.1,25.9
1530,42,Female,Healthcare Worker,48.1,152.8,20.6
1531,38,Female,Healthcare Worker,59.4,160.4,23.1
1532,53,Male,Student,86.3,175.9,27.9
1533,40,Male,Software Engineer,87.7,184.0,25.9
1534,33,Male,Teacher,71.2,174.1,23.5
1535,56,Male,Healthcare Worker,60.2,166.9,21.6
1536,59,Female,Unemployed,74.0,169.0,25.9
1537,56,Female,Student,78.6,156.2,32.2
1538,31,Male,Salesperson,69.8,185.0,20.4
1539,48,Female,Software Engineer,103.2,176.6,33.1
1540,22,Female,Student,78.0,161.5,29.9
1541,52,Male,Student,84.6,166.0,30.7
1542,40,Male,Software Engineer,71.7,166.4,25.9
1543,46,Male,Software Engineer,91.4,175.1,29.8
1544,28,Male,Student,62.9,177.4,20.0
1545,35,Male,Manager,63.9,172.4,21.5
1546,29,Female,Student,75.0,164.0,27.9
1547,26,Male,Teacher,75.4,170.9,25.8
1548,27,Male,Software Engineer,72.7,174.8,23.8
1549,34,Non-binary,Student,43.7,165.3,16.0
1550,55,Female,Software Engineer,58.6,161.4,22.5
1551,24,Female,Student,54.9,169.1,19.2
1552,30,Male,Teacher,89.9,183.5,26.7
1553,57,Male,Student,67.6,169.3,23.6
1554,59,Female,Teacher,60.7,167.2,21.7
1555,26,Male,Student,113.5,176.6,36.4
1556,44,Male,Manager,99.0,184.1,29.2
1557,19,Female,Salesperson,78.1,163.3,29.3
1558,22,Female,Student,86.1,158.2,34.4
1559,46,Male,Software Engineer,82.8,171.7,28.1
1560,54,Male,Student,61.0,170.4,21.0
1561,55,Male,Teacher,61.6,173.3,20.5
1562,36,Male,Student,85.2,172.0,28.8
1563,25,Male,Teacher,51.2,178.9,16.0
1564,18,Male,Teacher,76.3,177.9,24.1
1565,39,Male,Healthcare Worker,51.3,179.1,16.0
1566,34,Female,Teacher,60.9,156.4,24.9
1567,24,Female,Teacher,77.2,165.2,28.3
1568,42,Female,Software Engineer,73.9,169.3,25.8
1569,21,Male,Healthcare Worker,95.8,182.7,28.7
1570,53,Male,Salesperson,99.1,172.5,33.3
1571,23,Male,Student,80.3,183.3,23.9
1572,48,Male,Salesperson,123.4,182.4,37.1
1573,36,Male,Software Engineer,84.6,182.1,25.5
1574,56,Female,Salesperson,68.7,154.5,28.8
1575,44,Female,Salesperson,56.9,161.5,21.8
1576,27,Female,Student,84.0,162.5,31.8
1577,43,Male,Manager,89.1,174.7,29.2
1578,36,Female,Student,85.8,166.1,31.1
1579,56,Male,Student,73.8,172.8,24.7
1580,20,Male,Student,61.6,180.5,18.9
1581,30,Male,Salesperson,87.0,180.9,26.6
1582,45,Female,Student,50.5,172.9,16.9
1583,37,Non-binary,Student,62.0,164.2,23.0
1584,45,Male,Manager,60.7,154.6,25.4
1585,25,Female,Student,94.8,164.1,35.2
1586,58,Female,Student,66.9,160.7,25.9
1587,56,Male,Student,71.9,169.3,25.1
1588,18,Male,Software Engineer,76.2,177.4,24.2
1589,20,Male,Software Engineer,58.0,177.0,18.5
1590,30,Female,Student,61.1,156.7,24.9
1591,45,Male,Unemployed,80.3,179.2,25.0
1592,42,Female,Manager,50.7,158.8,20.1
1593,50,Male,Software Engineer,53.2,166.5,19.2
1594,55,Female,Software Engineer,64.2,169.7,22.3
1595,23,Male,Software Engineer,72.2,170.6,24.8
1596,49,Female,Manager,68.2,174.5,22.4
1597,38,Female,Student,47.5,154.9,19.8
1598,33,Female,Student,67.0,161.1,25.8
1599,38,Female,Healthcare Worker,67.8,158.8,26.9
1600,28,Male,Student,77.7,176.3,25.0
1601,54,Female,Software Engineer,48.6,148.6,22.0
1602,53,Male,Healthcare Worker,92.7,184.6,27.2
1603,52,Male,Manager,68.6,170.5,23.6
1604,36,Female,Software Engineer,56.0,171.3,19.1
1605,37,Male,Manager,91.4,176.9,29.2
1606,35,Female,Student,61.8,153.9,26.1
1607,58,Non-binary,Salesperson,71.7,172.9,24.0
1608,31,Male,Software Engineer,59.0,184.1,17.4
1609,32,Female,Salesperson,52.9,158.3,21.1
1610,48,Male,Unemployed,91.0,164.6,33.6
1611,18,Male,Healthcare Worker,60.7,185.2,17.7
1612,20,Male,Healthcare Worker,66.4,168.4,23.4
1613,33,Female,Teacher,70.2,169.6,24.4
1614,40,Female,Software Engineer,63.3,156.3,25.9
1615,28,Female,Software Engineer,41.6,152.8,17.8
1616,29,Non-binary,Manager,67.3,163.1,25.3
1617,27,Male,Healthcare Worker,53.5,178.0,16.9
1618,49,Male,Student,79.4,178.6,24.9
1619,33,Female,Healthcare Worker,63.1,170.9,21.6
1620,25,Male,Salesperson,53.3,160.9,20.6
1621,55,Male,Unemployed,87.5,175.8,28.3
1622,29,Male,Healthcare Worker,65.4,167.2,23.4
1623,41,Female,Student,74.3,167.1,26.6
1624,45,Female,Student,67.9,159.2,26.8
1625,25,Male,Student,83.9,166.7,30.2
1626,45,Male,Student,66.2,186.2,19.1
1627,53,Female,Manager,67.2,153.3,28.6
1628,43,Female,Salesperson,64.7,162.2,24.6
1629,25,Male,Healthcare Worker,70.9,176.3,22.8
1630,45,Female,Manager,53.6,166.7,19.3
1631,45,Male,Student,87.2,179.0,27.2
1632,54,Male,Student,58.9,170.3,20.3
1633,58,Female,Student,72.3,164.2,26.8
1634,53,Female,Software Engineer,90.5,165.1,33.2
1635,44,Male,Teacher,85.6,172.1,28.9
1636,34,Female,Student,77.1,158.2,30.8
1637,26,Female,Software Engineer,49.9,153.1,21.3
1638,50,Female,Student,74.3,163.2,27.9
1639,37,Female,Manager,45.7,153.5,19.4
1640,30,Female,Software Engineer,73.1,176.7,23.4
1641,45,Male,Software Engineer,108.8,183.5,32.3
1642,46,Male,Software Engineer,63.0,170.0,21.8
1643,30,Male,Unemployed,89.4,174.1,29.5
1644,52,Male,Student,92.4,178.2,29.1
1645,23,Female,Teacher,74.3,159.2,29.3
1646,35,Female,Salesperson,52.6,167.3,18.8
1647,22,Male,Teacher,86.1,178.9,26.9
1648,42,Male,Healthcare Worker,79.4,182.6,23.8
1649,19,Female,Software Engineer,72.7,157.3,29.4
1650,27,Male,Software Engineer,48.5,168.4,17.1
1651,47,Female,Student,76.5,170.9,26.2
1652,22,Male,Manager,72.1,168.2,25.5
1653,50,Female,Student,37.7,153.6,16.0
1654,18,Female,Student,59.1,169.8,20.5
1655,35,Male,Teacher,59.7,191.3,16.3
1656,49,Male,Teacher,71.9,184.1,21.2
1657,28,Male,Student,82.8,175.1,27.0
1658,38,Female,Manager,63.8,158.5,25.4
1659,43,Female,Manager,70.1,166.5,25.3
1660,42,Male,Student,73.5,192.7,19.8
1661,39,Female,Software Engineer,76.8,161.4,29.5
1662,44,Female,Salesperson,60.8,157.9,24.4
1663,30,Male,Teacher,64.8,162.0,24.7
1664,50,Male,Software Engineer,91.3,178.4,28.7
1665,51,Female,Software Engineer,50.4,158.8,20.0
1666,58,Female,Manager,65.9,160.7,25.5
1667,52,Female,Healthcare Worker,80.1,174.2,26.4
1668,18,Female,Manager,56.0,159.5,22.0
1669,38,Female,Student,66.5,155.8,27.4
1670,23,Male,Software Engineer,83.0,176.6,26.6
1671,45,Female,Healthcare Worker,62.3,161.1,24.0
1672,34,Female,Student,56.3,153.5,23.9
1673,22,Female,Unemployed,82.8,175.4,26.9
1674,48,Male,Healthcare Worker,104.5,193.2,28.0
1675,22,Male,Student,78.8,178.3,24.8
1676,55,Male,Healthcare Worker,83.9,168.6,29.5
1677,20,Male,Software Engineer,81.7,172.4,27.5
1678,40,Male,Salesperson,50.6,175.2,16.5
1679,54,Female,Software Engineer,48.8,163.7,18.2
1680,54,Female,Software Engineer,90.7,174.5,29.8
1681,27,Male,Manager,72.9,176.5,23.4
1682,27,Female,Salesperson,60.2,154.6,25.2
1683,36,Male,Student,88.4,172.8,29.6
1684,34,Male,Teacher,83.2,184.3,24.5
1685,38,Male,Student,74.6,173.8,24.7
1686,31,Female,Software Engineer,52.7,160.0,20.6
1687,26,Male,Software Engineer,94.8,190.2,26.2
1688,18,Male,Software Engineer,71.3,162.2,27.1
1689,30,Male,Software Engineer,63.1,169.8,21.9
1690,21,Female,Student,51.6,159.1,20.4
1691,18,Male,Student,134.7,192.6,36.3
1692,57,Female,Student,63.6,162.4,24.1
1693,49,Female,Software Engineer,57.3,163.7,21.4
1694,51,Female,Unemployed,74.2,163.7,27.7
1695,45,Female,Student,69.2,168.7,24.3
1696,48,Male,Healthcare Worker,61.8,177.6,19.6
1697,25,Male,Salesperson,88.2,181.8,26.7
1698,56,Female,Manager,51.0,157.0,20.7
1699,43,Male,Manager,96.4,174.7,31.6
1700,51,Female,Salesperson,66.0,157.2,26.7
1701,20,Female,Student,57.2,156.7,23.3
1702,29,Female,Teacher,68.3,165.3,25.0
1703,18,Female,Manager,75.5,162.5,28.6
1704,22,Non-binary,Teacher,62.8,157.6,25.3
1705,47,Female,Salesperson,90.8,163.4,34.0
1706,47,Male,Student,70.4,154.2,29.6
1707,34,Female,Manager,78.7,171.7,26.7
1708,40,Male,Teacher,65.8,180.0,20.3
1709,32,Male,Software Engineer,79.7,183.0,23.8
1710,54,Female,Software Engineer,67.3,158.8,26.7
1711,38,Male,Manager,64.8,176.5,20.8
1712,31,Male,Healthcare Worker,100.3,181.9,30.3
1713,19,Male,Software Engineer,69.1,185.4,20.1
1714,28,Female,Salesperson,61.7,169.0,21.6
1715,56,Female,Software Engineer,58.6,163.2,22.0
1716,55,Female,Student,65.0,152.9,27.8
1717,51,Male,Student,53.6,160.1,20.9
1718,55,Female,Student,44.8,165.3,16.4
1719,51,Female,Software Engineer,73.7,158.3,29.4
1720,35,Male,Software Engineer,75.0,182.6,22.5
1721,47,Male,Manager,62.9,178.7,19.7
1722,32,Male,Salesperson,62.3,171.9,21.1
1723,44,Female,Student,75.6,153.2,32.2
1724,51,Female,Student,55.5,160.7,21.5
1725,55,Female,Student,63.9,163.5,23.9
1726,50,Male,Teacher,65.5,170.6,22.5
1727,41,Female,Student,50.2,162.6,19.0
1728,32,Female,Student,58.3,165.8,21.2
1729,47,Female,Healthcare Worker,48.7,161.8,18.6
1730,59,Female,Salesperson,75.4,161.8,28.8
1731,34,Male,Student,76.0,174.3,25.0
1732,22,Male,Software Engineer,95.1,163.2,35.7
1733,46,Female,Software Engineer,49.1,151.9,21.3
1734,21,Female,Salesperson,51.0,157.4,20.6
1735,27,Female,Teacher,83.9,163.5,31.4
1736,34,Male,Student,105.4,189.7,29.3
1737,27,Female,Salesperson,68.0,161.1,26.2
1738,34,Male,Software Engineer,56.0,169.4,19.5
1739,37,Male,Student,99.3,175.1,32.4
1740,41,Female,Software Engineer,61.2,159.0,24.2
1741,22,Female,Software Engineer,58.0,160.2,22.6
1742,51,Male,Software Engineer,83.8,168.3,29.6
1743,23,Male,Student,68.9,168.1,24.4
1744,19,Male,Software Engineer,57.8,173.0,19.3
1745,30,Male,Student,88.0,188.7,24.7
1746,28,Female,Salesperson,49.5,153.6,21.0
1747,40,Female,Student,50.5,177.6,16.0
1748,33,Male,Student,65.3,178.5,20.5
1749,48,Female,Manager,55.8,158.9,22.1
1750,28,Female,Salesperson,52.6,165.1,19.3
1751,33,Female,Salesperson,73.1,164.2,27.1
1752,25,Male,Software Engineer,71.2,184.1,21.0
1753,21,Female,Student,67.8,159.3,26.7
1754,57,Male,Salesperson,66.7,187.3,19.0
1755,21,Male,Manager,98.3,185.4,28.6
1756,42,Male,Student,55.4,171.7,18.8
1757,20,Male,Healthcare Worker,47.1,171.5,16.0
1758,49,Male,Student,84.9,167.9,30.1
1759,20,Male,Unemployed,60.0,170.6,20.6
1760,44,Male,Healthcare Worker,89.7,166.4,32.4
1761,46,Female,Manager,76.6,168.4,27.0
1762,49,Female,Healthcare Worker,79.1,167.8,28.1
1763,36,Male,Salesperson,93.8,179.2,29.2
1764,38,Female,Student,57.4,151.5,25.0
1765,22,Female,Software Engineer,70.3,167.4,25.1
1766,35,Female,Student,83.1,165.6,30.3
1767,45,Male,Software Engineer,79.7,178.6,25.0
1768,59,Female,Salesperson,56.7,163.5,21.2
1769,39,Female,Software Engineer,76.8,168.3,27.1
1770,38,Female,Software Engineer,39.4,157.0,16.0
1771,23,Male,Teacher,101.7,182.9,30.4
1772,18,Female,Healthcare Worker,85.3,167.2,30.5
1773,22,Female,Student,72.4,155.6,29.9
1774,58,Female,Software Engineer,77.1,161.1,29.7
1775,29,Male,Student,80.7,183.0,24.1
1776,43,Male,Manager,75.3,177.1,24.0
1777,51,Female,Student,46.7,156.7,19.0
1778,31,Female,Manager,84.2,161.2,32.4
1779,43,Male,Student,70.3,177.6,22.3
1780,44,Female,Student,71.6,165.9,26.0
1781,26,Male,Healthcare Worker,73.2,169.1,25.6
1782,43,Female,Student,50.9,165.9,18.5
1783,39,Female,Software Engineer,40.9,157.0,16.6
1784,47,Female,Student,56.8,152.3,24.5
1785,34,Female,Software Engineer,57.5,159.8,22.5
1786,43,Male,Teacher,66.3,165.9,24.1
1787,53,Female,Software Engineer,80.6,165.9,29.3
1788,18,Male,Student,73.8,170.1,25.5
1789,25,Female,Software Engineer,71.0,159.5,27.9
1790,52,Female,Manager,67.6,159.7,26.5
1791,32,Female,Salesperson,61.1,162.7,23.1
1792,39,Male,Teacher,63.9,178.7,20.0
1793,31,Female,Teacher,65.7,159.9,25.7
1794,43,Male,Student,91.9,192.1,24.9
1795,45,Male,Student,94.3,181.6,28.6
1796,40,Female,Student,58.7,157.0,23.8
1797,31,Male,Student,66.7,169.6,23.2
1798,41,Female,Student,61.7,162.1,23.5
1799,19,Male,Teacher,60.8,172.6,20.4
1800,43,Male,Teacher,110.4,188.7,31.0
1801,31,Female,Healthcare Worker,87.1,171.5,29.6
1802,24,Female,Student,46.8,157.0,19.0
1803,20,Male,Manager,86.0,174.9,28.1
1804,40,Female,Salesperson,41.0,159.1,16.2
1805,35,Female,Teacher,76.0,162.2,28.9
1806,55,Female,Student,58.0,164.7,21.4
1807,52,Male,Student,85.6,181.1,26.1
1808,32,Female,Student,42.0,162.0,16.0
1809,42,Female,Software Engineer,54.6,169.1,19.1
1810,54,Female,Salesperson,79.2,172.6,26.6
1811,45,Male,Student,66.8,177.1,21.3
1812,27,Female,Student,54.5,162.3,20.7
1813,56,Female,Manager,94.6,175.3,30.8
1814,34,Female,Salesperson,98.0,168.8,34.4
1815,56,Male,Software Engineer,81.5,168.5,28.7
1816,39,Female,Manager,49.1,158.3,19.6
1817,43,Female,Software Engineer,91.1,167.7,32.4
1818,42,Male,Student,59.0,183.6,17.5
1819,34,Male,Software Engineer,71.3,175.7,23.1
1820,30,Female,Teacher,66.4,164.0,24.7
1821,37,Male,Healthcare Worker,105.1,177.9,33.2
1822,42,Female,Student,73.7,160.5,28.6
1823,21,Female,Teacher,56.1,158.2,22.4
1824,27,Female,Software Engineer,58.9,170.8,20.2
1825,20,Male,Teacher,76.9,162.8,29.0
1826,58,Male,Student,68.1,175.6,22.1
1827,35,Female,Software Engineer,66.5,161.5,25.5
1828,53,Male,Salesperson,59.4,180.1,18.3
1829,39,Female,Teacher,65.8,155.8,27.1
1830,51,Male,Software Engineer,75.1,167.7,26.7
1831,25,Male,Student,57.9,175.1,18.9
1832,57,Male,Student,81.5,167.4,29.1
1833,36,Female,Software Engineer,66.3,156.7,27.0
1834,59,Female,Salesperson,63.8,151.5,27.8
1835,58,Male,Unemployed,73.1,179.1,22.8
1836,54,Male,Software Engineer,80.4,178.3,25.3
1837,23,Male,Software Engineer,84.1,184.1,24.8
1838,43,Female,Salesperson,62.5,162.1,23.8
1839,51,Male,Software Engineer,68.9,165.0,25.3
1840,23,Female,Teacher,82.4,165.2,30.2
1841,54,Female,Student,77.2,162.3,29.3
1842,50,Female,Salesperson,50.1,161.6,19.2
1843,39,Male,Teacher,87.9,174.4,28.9
1844,38,Non-binary,Salesperson,77.2,160.7,29.9
1845,23,Male,Salesperson,62.5,162.1,23.8
1846,23,Male,Student,79.2,171.9,26.8
1847,21,Female,Manager,66.9,158.3,26.7
1848,47,Female,Salesperson,52.3,159.0,20.7
1849,28,Male,Software Engineer,66.2,170.4,22.8
1850,47,Male,Student,93.2,182.8,27.9
1851,48,Female,Student,56.8,159.6,22.3
1852,41,Male,Software Engineer,93.4,179.8,28.9
1853,26,Female,Software Engineer,81.7,163.9,30.4
1854,20,Female,Teacher,77.1,161.4,29.6
1855,48,Male,Student,115.6,186.0,33.4
1856,57,Male,Healthcare Worker,73.9,175.1,24.1
1857,54,Male,Student,85.9,184.3,25.3
1858,53,Female,Student,68.1,162.2,25.9
1859,41,Female,Software Engineer,57.0,153.5,24.2
1860,48,Male,Software Engineer,77.5,169.7,26.9
1861,23,Female,Student,46.5,166.3,16.8
1862,19,Non-binary,Student,71.8,168.1,25.4
1863,37,Male,Student,56.0,175.0,18.3
1864,45,Female,Manager,53.1,162.1,20.2
1865,28,Male,Salesperson,81.7,171.4,27.8
1866,21,Male,Software Engineer,69.7,171.9,23.6
1867,32,Male,Manager,85.0,175.5,27.6
1868,23,Male,Salesperson,68.8,171.1,23.5
1869,47,Male,Student,80.3,165.0,29.5
1870,55,Male,Unemployed,72.9,176.5,23.4
1871,19,Female,Salesperson,45.1,167.9,16.0
1872,32,Female,Student,60.2,153.7,25.5
1873,28,Female,Student,42.6,163.2,16.0
1874,25,Male,Student,49.7,166.2,18.0
1875,43,Male,Student,61.4,173.0,20.5
1876,22,Male,Salesperson,69.2,186.0,20.0
1877,23,Female,Software Engineer,55.0,158.1,22.0
1878,43,Female,Salesperson,50.2,159.3,19.8
1879,21,Male,Salesperson,59.8,181.2,18.2
1880,36,Male,Manager,99.4,177.9,31.4
1881,37,Female,Manager,48.5,150.5,21.4
1882,50,Male,Student,51.6,179.6,16.0
1883,37,Male,Software Engineer,67.1,171.2,22.9
1884,29,Female,Manager,47.3,156.2,19.4
1885,18,Female,Student,46.1,149.9,20.5
1886,43,Male,Student,93.5,183.7,27.7
1887,31,Male,Healthcare Worker,62.9,167.2,22.5
1888,55,Non-binary,Manager,61.1,177.9,19.3
1889,54,Male,Student,92.5,186.8,26.5
1890,28,Male,Manager,91.0,175.0,29.7
1891,53,Male,Salesperson,77.1,169.3,26.9
1892,30,Male,Software Engineer,49.5,175.9,16.0
1893,20,Male,Student,57.1,171.1,19.5
1894,50,Female,Healthcare Worker,68.8,166.9,24.7
1895,23,Male,Software Engineer,74.1,178.0,23.4
1896,27,Male,Student,61.7,163.8,23.0
1897,22,Female,Software Engineer,55.3,165.8,20.1
1898,40,Female,Salesperson,48.5,163.3,18.2
1899,27,Female,Student,91.3,165.1,33.5
1900,19,Female,Student,61.3,157.9,24.6
1901,30,Male,Student,96.9,188.1,27.4
1902,57,Female,Unemployed,60.5,157.1,24.5
1903,19,Male,Student,79.3,179.2,24.7
1904,37,Non-binary,Teacher,57.6,154.3,24.2
1905,18,Male,Healthcare Worker,63.5,180.4,19.5
1906,54,Non-binary,Student,49.3,166.9,17.7
1907,26,Female,Unemployed,70.5,164.0,26.2
1908,34,Male,Healthcare Worker,76.8,174.2,25.3
1909,26,Female,Healthcare Worker,73.7,160.3,28.7
1910,28,Non-binary,Student,78.8,168.4,27.8
1911,32,Female,Manager,56.8,164.8,20.9
1912,41,Male,Salesperson,89.1,173.5,29.6
1913,55,Female,Unemployed,82.9,172.4,27.9
1914,52,Male,Student,85.6,176.1,27.6
1915,47,Male,Salesperson,116.6,183.6,34.6
1916,48,Male,Software Engineer,106.9,178.1,33.7
1917,22,Male,Student,80.8,171.1,27.6
1918,31,Female,Software Engineer,74.4,166.0,27.0
1919,28,Male,Salesperson,88.3,173.3,29.4
1920,26,Female,Software Engineer,59.8,165.3,21.9
1921,51,Male,Teacher,65.0,172.3,21.9
1922,29,Male,Unemployed,84.4,175.2,27.5
1923,52,Male,Software Engineer,65.2,177.9,20.6
1924,52,Male,Manager,76.7,167.9,27.2
1925,18,Male,Software Engineer,81.1,179.4,25.2
1926,57,Male,Software Engineer,71.7,186.5,20.6
1927,39,Female,Manager,61.6,158.3,24.6
1928,46,Male,Healthcare Worker,84.9,167.1,30.4
1929,25,Male,Teacher,75.8,174.5,24.9
1930,28,Male,Salesperson,63.3,159.4,24.9
1931,58,Female,Student,70.5,164.7,26.0
1932,54,Female,Student,67.0,158.7,26.6
1933,31,Female,Teacher,56.1,156.2,23.0
1934,47,Male,Student,78.7,173.6,26.1
1935,52,Male,Student,62.7,177.9,19.8
1936,38,Female,Teacher,60.5,170.1,20.9
1937,54,Male,Student,64.0,172.5,21.5
1938,22,Male,Student,71.8,164.3,26.6
1939,36,Male,Teacher,75.9,173.6,25.2
1940,31,Male,Teacher,71.4,172.9,23.9
1941,43,Male,Healthcare Worker,86.6,177.1,27.6
1942,21,Female,Manager,69.8,163.2,26.2
1943,42,Male,Software Engineer,71.5,175.6,23.2
1944,59,Female,Healthcare Worker,49.7,158.5,19.8
1945,42,Male,Salesperson,62.0,172.7,20.8
1946,35,Male,Student,55.2,175.6,17.9
1947,57,Female,Student,66.7,163.0,25.1
1948,25,Male,Manager,67.0,180.3,20.6
1949,56,Female,Teacher,50.5,150.5,22.3
1950,57,Female,Salesperson,62.6,161.8,23.9
1951,31,Male,Salesperson,88.1,173.7,29.2
1952,49,Female,Manager,80.7,167.7,28.7
1953,55,Male,Unemployed,72.3,172.5,24.3
1954,50,Female,Teacher,82.7,165.5,30.2
1955,40,Male,Student,45.5,168.6,16.0
1956,32,Female,Salesperson,80.5,156.4,32.9
1957,50,Male,Student,81.9,172.3,27.6
1958,42,Female,Salesperson,69.6,166.8,25.0
1959,34,Female,Unemployed,57.5,167.5,20.5
1960,50,Female,Manager,64.7,169.6,22.5
1961,19,Female,Teacher,73.6,164.5,27.2
1962,31,Female,Software Engineer,79.7,170.9,27.3
1963,57,Female,Software Engineer,74.2,164.3,27.5
1964,57,Male,Software Engineer,58.6,166.3,21.2
1965,56,Male,Manager,51.4,159.1,20.3
1966,23,Male,Salesperson,71.9,168.2,25.4
1967,23,Male,Manager,84.1,173.3,28.0
1968,20,Male,Student,91.4,193.1,24.5
1969,24,Female,Software Engineer,83.7,163.8,31.2
1970,25,Male,Salesperson,64.8,162.3,24.6
1971,59,Female,Software Engineer,66.1,164.3,24.5
1972,32,Male,Teacher,83.8,174.6,27.5
1973,46,Male,Salesperson,93.8,176.8,30.0
1974,50,Female,Manager,45.3,156.9,18.4
1975,47,Female,Software Engineer,46.1,153.7,19.5
1976,56,Female,Healthcare Worker,59.6,160.6,23.1
1977,44,Female,Student,103.5,163.5,38.7
1978,53,Male,Unemployed,72.8,176.8,23.3
1979,46,Female,Student,60.5,158.8,24.0
1980,55,Male,Student,89.3,180.9,27.3
1981,50,Male,Healthcare Worker,92.6,179.0,28.9
1982,54,Male,Student,74.4,171.5,25.3
1983,44,Male,Salesperson,96.2,180.0,29.7
1984,50,Male,Salesperson,60.0,177.2,19.1
1985,21,Female,Healthcare Worker,59.1,167.3,21.1
1986,39,Female,Unemployed,84.3,168.5,29.7
1987,19,Male,Student,72.1,171.5,24.5
1988,27,Male,Manager,57.9,175.5,18.8
1989,22,Male,Student,68.3,192.1,18.5
1990,27,Male,Software Engineer,65.6,177.1,20.9
1991,50,Female,Salesperson,61.9,158.9,24.5
1992,55,Male,Software Engineer,76.2,169.2,26.6
1993,30,Female,Teacher,61.9,164.1,23.0
1994,48,Male,Teacher,94.8,190.2,26.2
1995,53,Non-binary,Manager,69.5,175.7,22.5
1996,41,Male,Unemployed,98.6,181.3,30.0
1997,32,Female,Student,91.5,159.4,36.0
1998,46,Male,Teacher,71.0,176.8,22.7
1999,25,Female,Healthcare Worker,67.8,159.4,26.7
2000,22,Male,Software Engineer,76.9,171.0,26.3
2001,46,Male,Student,73.0,170.5,25.1
2002,21,Female,Teacher,70.1,160.0,27.4
2003,29,Female,Software Engineer,69.0,160.8,26.7
2004,19,Female,Student,58.1,161.1,22.4
2005,44,Female,Salesperson,75.2,157.3,30.4
2006,48,Female,Teacher,67.4,162.9,25.4
2007,53,Male,Healthcare Worker,81.5,189.1,22.8
2008,53,Male,Salesperson,109.1,175.3,35.5
2009,43,Male,Manager,76.9,179.0,24.0
2010,44,Female,Student,65.5,159.9,25.6
2011,22,Male,Software Engineer,72.4,169.2,25.3
2012,37,Male,Student,66.3,166.6,23.9
2013,28,Female,Healthcare Worker,76.6,170.0,26.5
2014,27,Female,Student,53.7,161.1,20.7
2015,57,Male,Student,80.7,172.2,27.2
2016,55,Male,Teacher,39.4,154.0,16.6
2017,23,Male,Student,53.5,169.2,18.7
2018,25,Male,Student,96.3,171.6,32.7
2019,40,Male,Teacher,64.1,184.7,18.8
2020,43,Female,Student,43.5,164.9,16.0
2021,29,Female,Student,42.8,150.1,19.0
2022,43,Female,Software Engineer,90.1,167.0,32.3
2023,30,Male,Salesperson,50.3,175.1,16.4
2024,57,Female,Teacher,54.8,164.7,20.2
2025,35,Male,Software Engineer,49.7,166.6,17.9
2026,42,Male,Teacher,65.8,168.1,23.3
2027,50,Female,Software Engineer,57.5,159.8,22.5
2028,57,Male,Healthcare Worker,68.5,175.3,22.3
2029,29,Male,Student,101.3,175.5,32.9
2030,53,Female,Manager,54.0,168.2,19.1
2031,21,Male,Healthcare Worker,75.8,177.7,24.0
2032,22,Female,Salesperson,71.0,165.3,26.0
2033,54,Male,Student,62.8,176.8,20.1
2034,25,Female,Student,69.1,160.9,26.7
2035,59,Male,Manager,64.2,168.2,22.7
2036,45,Male,Student,75.1,169.3,26.2
2037,48,Female,Salesperson,57.0,154.1,24.0
2038,26,Male,Manager,43.8,165.4,16.0
2039,46,Male,Salesperson,94.6,176.4,30.4
2040,31,Male,Student,92.1,165.1,33.8
2041,57,Male,Manager,74.7,177.5,23.7
2042,58,Male,Manager,74.6,190.7,20.5
2043,39,Male,Salesperson,85.9,165.7,31.3
2044,28,Female,Student,88.2,163.5,33.0
2045,40,Male,Student,58.6,157.3,23.7
2046,18,Male,Software Engineer,70.3,172.9,23.5
2047,54,Male,Student,77.7,179.5,24.1
2048,38,Male,Teacher,55.1,180.0,17.0
2049,43,Female,Healthcare Worker,61.7,163.1,23.2
2050,53,Male,Software Engineer,105.7,181.2,32.2
2051,40,Female,Salesperson,63.4,163.5,23.7
2052,18,Male,Student,69.2,187.0,19.8
2053,57,Female,Student,77.8,170.7,26.7
2054,32,Female,Student,61.8,169.6,21.5
2055,38,Female,Software Engineer,57.8,154.5,24.2
2056,26,Female,Healthcare Worker,50.6,164.0,18.8
2057,26,Female,Student,49.7,158.4,19.8
2058,27,Male,Manager,77.3,166.7,27.8
2059,43,Male,Software Engineer,76.1,174.5,25.0
2060,58,Female,Healthcare Worker,64.2,174.8,21.0
2061,52,Male,Student,76.0,174.3,25.0
2062,42,Male,Student,61.8,168.4,21.8
2063,43,Female,Student,53.8,160.0,21.0
2064,28,Male,Software Engineer,77.8,161.8,29.7
2065,55,Female,Student,81.1,170.2,28.0
2066,19,Female,Healthcare Worker,63.8,161.7,24.4
2067,24,Female,Manager,61.6,156.7,25.1
2068,35,Female,Manager,56.8,152.3,24.5
2069,44,Male,Teacher,85.8,179.3,26.7
2070,51,Male,Student,63.9,174.8,20.9
2071,44,Male,Software Engineer,84.4,172.4,28.4
2072,34,Male,Unemployed,77.3,172.1,26.1
2073,41,Female,Salesperson,59.3,159.5,23.3
2074,42,Female,Healthcare Worker,57.9,161.2,22.3
2075,24,Male,Salesperson,82.3,170.5,28.3
2076,23,Male,Student,77.9,180.9,23.8
2077,41,Female,Student,57.1,163.4,21.4
2078,50,Male,Student,67.0,171.4,22.8
2079,46,Male,Software Engineer,90.0,179.3,28.0
2080,39,Male,Student,49.9,169.9,17.3
2081,43,Female,Software Engineer,60.8,163.0,22.9
2082,45,Female,Manager,77.8,162.9,29.3
2083,38,Female,Healthcare Worker,66.3,167.2,23.7
2084,24,Female,Salesperson,67.7,162.3,25.7
2085,34,Male,Healthcare Worker,94.0,178.8,29.4
2086,37,Male,Student,95.5,183.1,28.5
2087,58,Female,Student,56.9,159.0,22.5
2088,37,Male,Manager,76.1,178.4,23.9
2089,39,Female,Student,73.7,160.5,28.6
2090,45,Female,Student,74.6,161.2,28.7
2091,57,Female,Software Engineer,61.8,160.1,24.1
2092,24,Female,Student,66.0,164.8,24.3
2093,18,Female,Teacher,67.9,162.5,25.7
2094,49,Female,Software Engineer,83.0,164.4,30.7
2095,30,Male,Teacher,88.8,174.1,29.3
2096,47,Male,Manager,83.9,174.4,27.6
2097,40,Male,Software Engineer,66.4,184.1,19.6
2098,36,Female,Student,61.5,162.4,23.3
2099,49,Male,Student,70.5,173.2,23.5
2100,47,Female,Software Engineer,77.5,158.4,30.9
2101,46,Male,Salesperson,81.9,187.1,23.4
2102,46,Female,Salesperson,82.6,165.7,30.1
2103,47,Male,Manager,68.8,177.3,21.9
2104,33,Female,Student,59.2,163.0,22.3
2105,57,Female,Teacher,68.6,160.3,26.7
2106,36,Male,Teacher,103.2,180.7,31.6
2107,35,Male,Software Engineer,81.9,186.7,23.5
2108,18,Female,Teacher,39.0,156.2,16.0
2109,31,Male,Software Engineer,56.4,179.6,17.5
2110,19,Male,Teacher,81.1,177.3,25.8
2111,45,Female,Manager,47.6,163.0,17.9
2112,47,Female,Student,55.7,164.5,20.6
2113,55,Female,Salesperson,61.8,158.5,24.6
2114,21,Male,Student,53.5,182.8,16.0
2115,18,Male,Student,76.0,182.6,22.8
2116,25,Female,Unemployed,48.7,158.8,19.3
2117,46,Female,Unemployed,48.9,165.7,17.8
2118,56,Female,Student,63.0,173.6,20.9
2119,20,Male,Software Engineer,53.9,165.4,19.7
2120,49,Male,Student,92.2,186.2,26.6
2121,27,Male,Software Engineer,91.5,174.9,29.9
2122,27,Male,Salesperson,71.7,177.0,22.9
2123,36,Male,Unemployed,63.7,171.0,21.8
2124,51,Male,Manager,62.1,165.7,22.6
2125,50,Female,Software Engineer,49.2,158.9,19.5
2126,40,Male,Manager,58.3,176.5,18.7
2127,45,Female,Software Engineer,40.6,154.1,17.1
2128,49,Female,Healthcare Worker,52.2,167.9,18.5
2129,24,Female,Healthcare Worker,84.2,162.7,31.8
2130,46,Male,Teacher,63.8,172.6,21.4
2131,25,Female,Software Engineer,39.5,157.1,16.0
2132,18,Female,Student,51.4,153.2,21.9
2133,20,Female,Student,48.7,167.8,17.3
2134,41,Female,Salesperson,65.3,162.3,24.8
2135,40,Female,Software Engineer,68.1,167.4,24.3
2136,25,Female,Software Engineer,63.3,159.7,24.8
2137,54,Male,Software Engineer,68.3,167.7,24.3
2138,20,Female,Salesperson,63.1,166.3,22.8
2139,50,Male,Student,54.8,174.9,17.9
2140,45,Female,Healthcare Worker,67.3,166.8,24.2
2141,25,Male,Healthcare Worker,101.4,186.7,29.1
2142,51,Male,Healthcare Worker,106.1,180.1,32.7
2143,52,Female,Software Engineer,66.6,168.7,23.4
2144,49,Female,Student,62.3,161.4,23.9
2145,41,Male,Software Engineer,76.8,169.3,26.8
2146,31,Male,Software Engineer,95.1,174.6,31.2
2147,49,Female,Student,55.7,158.1,22.3
2148,33,Male,Manager,95.4,185.9,27.6
2149,21,Female,Software Engineer,54.3,161.6,20.8
2150,54,Male,Healthcare Worker,82.9,178.6,26.0
2151,38,Female,Student,82.3,168.8,28.9
2152,31,Female,Manager,39.6,145.5,18.7
2153,48,Male,Salesperson,70.9,179.1,22.1
2154,35,Male,Salesperson,79.2,165.8,28.8
2155,24,Male,Healthcare Worker,83.5,174.9,27.3
2156,27,Female,Salesperson,73.1,158.2,29.2
2157,24,Female,Healthcare Worker,75.1,162.9,28.3
2158,50,Female,Software Engineer,49.6,146.8,23.0
2159,40,Male,Teacher,117.0,184.4,34.4
2160,38,Male,Student,73.2,170.8,25.1
2161,36,Male,Student,51.8,180.0,16.0
2162,36,Male,Student,71.9,176.1,23.2
2163,53,Female,Student,61.0,165.0,22.4
2164,46,Female,Student,73.6,161.8,28.1
2165,35,Female,Student,51.2,150.8,22.5
2166,19,Male,Student,98.2,182.8,29.4
2167,18,Female,Healthcare Worker,77.3,169.2,27.0
2168,22,Female,Student,47.6,154.3,20.0
2169,37,Female,Salesperson,61.1,159.9,23.9
2170,28,Female,Student,54.2,160.6,21.0
2171,59,Male,Healthcare Worker,78.2,175.8,25.3
2172,19,Male,Healthcare Worker,62.6,172.7,21.0
2173,20,Female,Manager,62.7,159.0,24.8
2174,40,Male,Manager,75.7,180.3,23.3
2175,29,Male,Student,70.2,171.8,23.8
2176,37,Female,Unemployed,85.4,159.2,33.7
2177,22,Female,Healthcare Worker,60.5,162.5,22.9
2178,54,Female,Healthcare Worker,40.1,158.4,16.0
2179,55,Male,Manager,90.3,176.2,29.1
2180,47,Male,Software Engineer,92.3,178.4,29.0
2181,26,Female,Healthcare Worker,43.4,164.7,16.0
2182,51,Female,Student,58.2,165.3,21.3
2183,52,Female,Teacher,68.6,160.9,26.5
2184,39,Female,Student,67.7,158.6,26.9
2185,41,Female,Healthcare Worker,63.7,161.3,24.5
2186,34,Female,Student,67.0,165.0,24.6
2187,27,Male,Student,66.7,181.3,20.3
2188,47,Female,Teacher,43.2,164.4,16.0
2189,40,Female,Salesperson,90.5,163.9,33.7
2190,49,Female,Manager,53.0,162.4,20.1
2191,34,Male,Student,84.9,183.2,25.3
2192,34,Female,Student,51.1,146.6,23.8
2193,31,Male,Salesperson,101.5,188.7,28.5
2194,26,Female,Unemployed,74.6,172.7,25.0
2195,57,Male,Salesperson,70.9,167.7,25.2
2196,19,Female,Software Engineer,41.1,160.2,16.0
2197,42,Male,Healthcare Worker,61.5,172.3,20.7
2198,56,Male,Software Engineer,88.4,178.0,27.9
2199,26,Male,Teacher,83.6,174.7,27.4
2200,39,Female,Software Engineer,52.1,160.6,20.2
2201,21,Male,Software Engineer,49.5,168.6,17.4
2202,43,Male,Salesperson,83.0,181.9,25.1
2203,46,Female,Teacher,45.2,168.0,16.0
2204,51,Male,Software Engineer,54.0,167.2,19.3
2205,40,Female,Student,81.0,158.1,32.4
2206,54,Female,Student,91.8,172.1,31.0
2207,28,Female,Teacher,66.1,157.3,26.7
2208,23,Male,Student,83.8,179.9,25.9
2209,35,Female,Student,44.3,166.4,16.0
2210,38,Male,Manager,69.2,180.7,21.2
2211,59,Male,Manager,69.3,172.8,23.2
2212,53,Male,Salesperson,59.7,167.4,21.3
2213,58,Female,Teacher,57.0,157.7,22.9
2214,55,Male,Healthcare Worker,90.9,173.2,30.3
2215,51,Female,Healthcare Worker,52.2,153.7,22.1
2216,34,Female,Salesperson,69.3,173.6,23.0
2217,54,Male,Manager,90.0,179.9,27.8
2218,42,Male,Software Engineer,51.3,168.3,18.1
2219,55,Female,Unemployed,52.7,159.6,20.7
2220,29,Female,Student,53.6,159.0,21.2
2221,40,Female,Student,64.4,161.2,24.8
2222,59,Male,Software Engineer,71.1,176.2,22.9
2223,39,Male,Student,68.4,172.1,23.1
2224,38,Male,Unemployed,69.6,179.9,21.5
2225,44,Male,Teacher,61.4,176.6,19.7
2226,48,Male,Teacher,83.7,175.4,27.2
2227,23,Female,Manager,57.9,158.7,23.0
2228,44,Male,Software Engineer,88.1,179.6,27.3
2229,57,Male,Student,56.5,170.2,19.5
2230,51,Female,Manager,51.6,154.9,21.5
2231,29,Female,Manager,71.6,174.6,23.5
2232,24,Male,Software Engineer,73.7,175.6,23.9
2233,27,Female,Salesperson,68.8,157.0,27.9
2234,34,Male,Student,71.3,177.6,22.6
2235,43,Male,Student,72.1,160.7,27.9
2236,38,Male,Student,76.8,171.2,26.2
2237,45,Female,Software Engineer,59.3,157.2,24.0
2238,19,Male,Salesperson,60.2,172.7,20.2
2239,18,Male,Salesperson,72.4,161.1,27.9
2240,53,Male,Software Engineer,57.9,168.9,20.3
2241,43,Female,Teacher,69.9,169.3,24.4
2242,46,Male,Salesperson,76.7,177.7,24.3
2243,38,Male,Student,72.3,175.0,23.6
2244,28,Male,Student,71.2,177.1,22.7
2245,57,Male,Unemployed,63.2,174.3,20.8
2246,28,Female,Manager,46.5,164.4,17.2
2247,53,Female,Unemployed,92.0,172.8,30.8
2248,56,Male,Software Engineer,79.2,188.5,22.3
2249,57,Male,Manager,75.6,177.9,23.9
2250,52,Male,Student,70.7,172.0,23.9
2251,51,Male,Student,80.0,165.0,29.4
2252,41,Male,Teacher,94.4,168.6,33.2
2253,39,Female,Software Engineer,68.4,164.8,25.2
2254,22,Female,Student,63.8,163.7,23.8
2255,50,Female,Student,52.6,164.6,19.4
2256,53,Female,Student,44.9,157.9,18.0
2257,37,Female,Manager,40.2,156.0,16.5
2258,36,Female,Software Engineer,55.0,162.2,20.9
2259,52,Male,Student,46.5,170.4,16.0
2260,34,Female,Student,86.6,171.6,29.4
2261,51,Male,Student,75.5,169.1,26.4
2262,26,Male,Manager,71.7,175.1,23.4
2263,43,Female,Student,79.0,163.6,29.5
2264,19,Male,Salesperson,68.7,186.8,19.7
2265,26,Male,Student,57.2,165.8,20.8
2266,26,Female,Student,42.0,162.1,16.0
2267,57,Male,Healthcare Worker,96.2,185.4,28.0
2268,34,Male,Manager,67.9,180.3,20.9
2269,18,Female,Student,72.6,171.8,24.6
2270,42,Female,Salesperson,80.8,166.9,29.0
2271,57,Female,Software Engineer,75.2,156.5,30.7
2272,59,Male,Salesperson,68.4,167.4,24.4
2273,42,Male,Manager,71.6,165.3,26.2
2274,56,Female,Manager,53.3,161.6,20.4
2275,52,Female,Unemployed,90.8,168.2,32.1
2276,20,Female,Student,65.5,165.9,23.8
2277,54,Male,Manager,83.8,183.5,24.9
2278,47,Male,Software Engineer,67.2,172.0,22.7
2279,55,Female,Student,79.6,163.2,29.9
2280,51,Male,Student,77.3,174.5,25.4
2281,29,Female,Student,72.1,160.8,27.9
2282,36,Male,Manager,80.8,175.9,26.1
2283,54,Female,Teacher,67.8,169.8,23.5
2284,34,Female,Teacher,81.1,168.1,28.7
2285,27,Female,Student,67.3,160.6,26.1
2286,29,Male,Software Engineer,64.1,178.1,20.2
2287,33,Female,Healthcare Worker,57.4,169.4,20.0
2288,41,Female,Software Engineer,70.4,167.1,25.2
2289,36,Male,Manager,78.3,165.5,28.6
2290,25,Female,Salesperson,85.3,163.5,31.9
2291,48,Female,Salesperson,42.8,161.0,16.5
2292,38,Female,Teacher,70.0,168.7,24.6
2293,34,Female,Healthcare Worker,75.5,168.2,26.7
2294,40,Male,Software Engineer,82.5,178.8,25.8
2295,54,Male,Healthcare Worker,82.8,169.0,29.0
2296,33,Male,Student,83.4,174.5,27.4
2297,23,Female,Student,57.2,168.7,20.1
2298,25,Female,Student,50.0,158.5,19.9
2299,42,Female,Salesperson,60.6,152.9,25.9
2300,35,Male,Software Engineer,83.5,169.7,29.0
2301,42,Male,Student,83.1,182.0,25.1
2302,29,Female,Student,51.9,172.7,17.4
2303,32,Male,Healthcare Worker,55.5,167.4,19.8
2304,43,Male,Salesperson,85.2,175.7,27.6
2305,58,Female,Teacher,58.5,159.8,22.9
2306,43,Male,Manager,82.3,181.4,25.0
2307,49,Male,Software Engineer,101.3,185.9,29.3
2308,27,Male,Software Engineer,73.1,195.6,19.1
2309,33,Male,Healthcare Worker,70.6,176.8,22.6
2310,24,Non-binary,Student,68.8,176.4,22.1
2311,34,Male,Software Engineer,82.9,178.2,26.1
2312,40,Male,Software Engineer,83.9,173.1,28.0
2313,43,Male,Software Engineer,58.6,181.5,17.8
2314,38,Female,Software Engineer,63.7,161.2,24.5
2315,39,Male,Teacher,104.3,191.6,28.4
2316,24,Female,Student,43.6,164.1,16.2
2317,31,Male,Teacher,64.5,163.2,24.2
2318,32,Male,Student,54.9,170.0,19.0
2319,24,Male,Student,70.5,180.7,21.6
2320,26,Female,Student,41.9,161.9,16.0
2321,25,Female,Salesperson,84.8,165.9,30.8
2322,40,Male,Software Engineer,74.2,180.0,22.9
2323,46,Female,Manager,52.1,157.9,20.9
2324,35,Female,Salesperson,74.4,169.2,26.0
2325,48,Male,Manager,66.2,182.8,19.8
2326,47,Female,Software Engineer,53.8,166.5,19.4
2327,56,Male,Software Engineer,84.7,164.5,31.3
2328,52,Female,Software Engineer,92.8,168.7,32.6
2329,35,Female,Manager,62.0,168.7,21.8
2330,59,Female,Software Engineer,78.0,163.2,29.3
2331,56,Female,Salesperson,72.6,166.8,26.1
2332,34,Male,Healthcare Worker,52.1,169.6,18.1
2333,31,Female,Student,48.6,154.7,20.3
2334,48,Male,Student,97.8,176.2,31.5
2335,41,Male,Manager,54.7,173.9,18.1
2336,52,Female,Software Engineer,95.3,165.5,34.8
2337,51,Female,Student,56.9,161.2,21.9
2338,20,Female,Healthcare Worker,78.3,157.4,31.6
2339,54,Male,Student,69.5,173.5,23.1
2340,57,Female,Healthcare Worker,66.7,154.1,28.1
2341,43,Female,Manager,89.9,170.8,30.8
2342,40,Male,Salesperson,85.5,166.6,30.8
2343,56,Male,Student,78.6,189.4,21.9
2344,32,Male,Student,60.7,171.7,20.6
2345,21,Male,Teacher,77.7,179.6,24.1
2346,46,Non-binary,Student,49.0,162.3,18.6
2347,39,Female,Software Engineer,71.3,166.9,25.6
2348,42,Female,Software Engineer,55.8,163.8,20.8
2349,30,Female,Student,73.6,158.2,29.4
2350,35,Male,Student,59.7,165.1,21.9
2351,50,Female,Salesperson,42.8,160.0,16.7
2352,33,Male,Student,89.7,170.7,30.8
2353,59,Female,Student,75.1,172.3,25.3
2354,19,Male,Manager,67.7,165.9,24.6
2355,52,Female,Unemployed,79.8,164.7,29.4
2356,59,Male,Software Engineer,98.5,186.2,28.4
2357,51,Male,Student,69.7,181.8,21.1
2358,47,Female,Teacher,62.4,166.5,22.5
2359,30,Male,Healthcare Worker,58.1,172.6,19.5
2360,30,Female,Salesperson,45.0,158.6,17.9
2361,35,Male,Manager,77.9,169.5,27.1
2362,49,Female,Software Engineer,77.2,171.3,26.3
2363,49,Male,Teacher,87.0,176.6,27.9
2364,52,Male,Student,92.3,174.5,30.3
2365,56,Male,Manager,94.9,184.1,28.0
2366,46,Male,Salesperson,89.8,177.8,28.4
2367,46,Male,Unemployed,45.8,169.1,16.0
2368,33,Male,Student,66.9,170.2,23.1
2369,27,Male,Student,93.1,179.8,28.8
2370,47,Male,Teacher,63.8,182.3,19.2
2371,42,Female,Manager,72.6,170.7,24.9
2372,56,Female,Salesperson,69.7,161.3,26.8
2373,37,Male,Student,92.1,186.4,26.5
2374,22,Female,Student,80.8,175.6,26.2
2375,18,Female,Teacher,75.2,166.3,27.2
2376,47,Male,Software Engineer,69.5,165.8,25.3
2377,20,Female,Healthcare Worker,51.9,170.2,17.9
2378,31,Male,Software Engineer,87.1,180.3,26.8
2379,47,Female,Salesperson,65.2,159.0,25.8
2380,21,Male,Teacher,57.0,177.9,18.0
2381,35,Female,Salesperson,86.9,168.2,30.7
2382,54,Female,Software Engineer,60.5,150.0,26.9
2383,42,Male,Salesperson,58.9,179.4,18.3
2384,18,Male,Student,68.0,180.8,20.8
2385,32,Female,Teacher,55.5,158.9,22.0
2386,26,Male,Student,65.2,172.1,22.0
2387,32,Female,Software Engineer,75.0,170.5,25.8
2388,41,Female,Software Engineer,52.5,161.6,20.1
2389,21,Female,Student,74.5,158.6,29.6
2390,29,Female,Unemployed,75.0,160.3,29.2
2391,54,Female,Student,86.5,178.0,27.3
2392,54,Female,Salesperson,74.1,173.2,24.7
2393,23,Male,Unemployed,81.8,168.8,28.7
2394,56,Male,Student,72.2,176.0,23.3
2395,41,Male,Manager,67.5,178.5,21.2
2396,28,Female,Student,79.9,163.5,29.9
2397,30,Female,Student,61.8,154.5,25.9
2398,51,Male,Software Engineer,58.8,165.8,21.4
2399,42,Female,Healthcare Worker,65.2,169.9,22.6
2400,24,Male,Student,67.9,179.0,21.2
2401,21,Male,Teacher,106.9,178.4,33.6
2402,25,Female,Teacher,71.0,170.2,24.5
2403,37,Male,Healthcare Worker,74.8,172.3,25.2
2404,46,Female,Student,82.1,172.2,27.7
2405,27,Male,Manager,54.8,169.9,19.0
2406,51,Female,Manager,79.7,164.6,29.4
2407,43,Female,Manager,55.9,160.2,21.8
2408,58,Male,Healthcare Worker,107.1,181.0,32.7
2409,20,Female,Salesperson,57.9,158.3,23.1
2410,23,Female,Student,80.7,166.2,29.2
2411,22,Male,Software Engineer,46.5,170.4,16.0
2412,22,Male,Software Engineer,52.6,165.5,19.2
2413,40,Female,Software Engineer,54.9,153.8,23.2
2414,26,Male,Software Engineer,47.7,172.7,16.0
2415,52,Male,Software Engineer,68.2,158.4,27.2
2416,37,Male,Software Engineer,78.1,173.6,25.9
2417,59,Male,Unemployed,65.9,181.5,20.0
2418,52,Female,Student,56.8,152.6,24.4
2419,35,Male,Healthcare Worker,82.6,171.5,28.1
2420,34,Male,Software Engineer,49.2,175.3,16.0
2421,41,Male,Manager,55.0,171.1,18.8
2422,20,Male,Salesperson,71.2,176.0,23.0
2423,49,Female,Software Engineer,59.9,156.1,24.6
2424,52,Male,Software Engineer,80.0,181.8,24.2
2425,55,Non-binary,Software Engineer,73.8,160.9,28.5
2426,30,Male,Software Engineer,78.2,171.5,26.6
2427,42,Male,Healthcare Worker,89.6,180.2,27.6
2428,26,Female,Salesperson,46.2,159.4,18.2
2429,21,Male,Student,75.6,173.2,25.2
2430,31,Female,Student,64.3,166.9,23.1
2431,54,Non-binary,Software Engineer,90.2,170.3,31.1
2432,51,Male,Student,81.7,179.7,25.3
2433,28,Male,Manager,67.4,177.1,21.5
2434,58,Female,Student,79.5,167.6,28.3
2435,20,Male,Teacher,86.3,178.8,27.0
2436,45,Male,Student,58.9,168.3,20.8
2437,46,Male,Software Engineer,65.5,169.1,22.9
2438,26,Male,Manager,70.8,175.4,23.0
2439,20,Female,Software Engineer,82.6,165.9,30.0
2440,42,Male,Unemployed,66.8,162.2,25.4
2441,51,Male,Healthcare Worker,88.3,178.2,27.8
2442,29,Female,Software Engineer,58.0,161.3,22.3
2443,59,Male,Student,79.2,174.5,26.0
2444,26,Male,Salesperson,111.6,191.6,30.4
2445,32,Female,Healthcare Worker,66.3,170.2,22.9
2446,57,Male,Salesperson,74.4,172.5,25.0
2447,42,Female,Student,42.7,152.3,18.4
2448,22,Female,Unemployed,53.2,158.8,21.1
2449,28,Male,Student,68.6,172.7,23.0
2450,51,Female,Salesperson,55.7,168.2,19.7
2451,41,Male,Healthcare Worker,89.1,171.2,30.4
2452,32,Male,Student,62.9,174.3,20.7
2453,55,Female,Healthcare Worker,68.3,156.2,28.0
2454,25,Female,Software Engineer,72.1,168.8,25.3
2455,22,Male,Unemployed,83.6,184.3,24.6
2456,43,Female,Student,78.0,158.1,31.2
2457,35,Female,Unemployed,41.3,160.7,16.0
2458,23,Female,Student,58.7,157.7,23.6
2459,54,Female,Manager,51.6,162.2,19.6
2460,30,Male,Teacher,48.3,173.8,16.0
2461,45,Male,Software Engineer,52.4,165.7,19.1
2462,22,Female,Student,66.9,164.9,24.6
2463,30,Male,Manager,68.9,180.3,21.2
2464,34,Female,Student,73.8,160.9,28.5
2465,57,Male,Teacher,70.8,173.6,23.5
2466,49,Male,Student,74.4,179.8,23.0
2467,46,Male,Unemployed,58.5,159.1,23.1
2468,20,Non-binary,Student,63.7,162.6,24.1
2469,57,Male,Student,74.0,181.0,22.6
2470,51,Female,Student,54.7,162.5,20.7
2471,57,Male,Software Engineer,82.9,169.1,29.0
2472,44,Male,Student,56.9,161.9,21.7
2473,30,Male,Software Engineer,79.0,186.1,22.8
2474,50,Female,Healthcare Worker,63.2,154.7,26.4
2475,23,Male,Manager,80.9,176.7,25.9
2476,41,Male,Teacher,65.8,179.2,20.5
2477,36,Male,Student,96.1,185.6,27.9
2478,33,Male,Manager,81.3,173.9,26.9
2479,57,Female,Student,69.7,166.0,25.3
2480,45,Female,Salesperson,60.3,163.3,22.6
2481,50,Male,Student,76.9,184.0,22.7
2482,58,Female,Software Engineer,62.3,162.5,23.6
2483,30,Female,Software Engineer,51.0,163.9,19.0
2484,42,Male,Healthcare Worker,65.5,164.2,24.3
2485,59,Female,Student,74.4,161.6,28.5
2486,53,Female,Teacher,75.5,163.1,28.4
2487,44,Male,Student,68.1,172.8,22.8
2488,55,Male,Manager,85.4,170.7,29.3
2489,24,Female,Healthcare Worker,85.3,160.5,33.1
2490,22,Female,Software Engineer,67.6,171.1,23.1
2491,48,Male,Software Engineer,82.9,173.3,27.6
2492,40,Male,Healthcare Worker,47.9,173.1,16.0
2493,59,Male,Teacher,63.9,184.4,18.8
2494,27,Female,Software Engineer,73.6,171.9,24.9
2495,49,Female,Teacher,60.2,173.5,20.0
2496,47,Non-binary,Manager,83.3,157.2,33.7
2497,56,Male,Student,78.2,169.6,27.2
2498,48,Female,Salesperson,74.1,160.4,28.8
2499,35,Female,Software Engineer,79.6,180.6,24.4
2500,53,Male,Student,60.2,173.5,20.0
2501,19,Male,Salesperson,69.2,176.6,22.2
2502,31,Female,Software Engineer,60.3,153.5,25.6
2503,30,Female,Student,57.2,162.7,21.6
2504,46,Female,Manager,65.9,154.8,27.5
2505,29,Female,Healthcare Worker,72.1,161.3,27.7
2506,56,Male,Healthcare Worker,66.6,164.9,24.5
2507,19,Female,Unemployed,44.8,165.7,16.3
2508,49,Female,Healthcare Worker,92.3,169.3,32.2
2509,30,Female,Student,59.9,159.7,23.5
2510,44,Non-binary,Software Engineer,105.1,169.2,36.7
2511,58,Female,Salesperson,71.0,161.0,27.4
2512,34,Male,Software Engineer,71.6,174.2,23.6
2513,57,Female,Manager,69.4,161.8,26.5
2514,48,Male,Manager,54.7,184.9,16.0
2515,51,Male,Software Engineer,93.0,178.8,29.1
2516,41,Male,Healthcare Worker,105.9,171.3,36.1
2517,52,Male,Teacher,47.3,172.0,16.0
2518,23,Female,Software Engineer,65.0,167.4,23.2
2519,36,Male,Unemployed,78.7,181.1,24.0
2520,47,Female,Software Engineer,64.1,150.2,28.4
2521,24,Female,Student,90.8,163.4,34.0
2522,27,Male,Teacher,80.0,174.7,26.2
2523,58,Female,Salesperson,84.8,157.7,34.1
2524,49,Male,Salesperson,91.6,190.3,25.3
2525,51,Male,Salesperson,75.0,168.2,26.5
2526,45,Female,Manager,63.9,156.8,26.0
2527,32,Male,Student,93.8,176.8,30.0
2528,47,Male,Healthcare Worker,67.6,173.0,22.6
2529,54,Female,Healthcare Worker,72.6,160.4,28.2
2530,46,Female,Student,46.6,156.6,19.0
2531,39,Male,Student,80.0,185.7,23.2
2532,21,Female,Unemployed,60.4,167.2,21.6
2533,37,Female,Healthcare Worker,62.9,158.9,24.9
2534,49,Female,Healthcare Worker,61.4,163.1,23.1
2535,53,Male,Healthcare Worker,92.9,177.2,29.6
2536,21,Female,Teacher,50.9,157.5,20.5
2537,44,Female,Manager,46.3,166.5,16.7
2538,34,Female,Teacher,58.0,177.5,18.4
2539,29,Female,Student,65.3,150.1,29.0
2540,39,Male,Salesperson,59.6,172.2,20.1
2541,34,Male,Teacher,84.0,178.7,26.3
2542,27,Male,Manager,61.3,162.6,23.2
2543,18,Male,Teacher,84.7,173.3,28.2
2544,39,Female,Software Engineer,57.8,156.8,23.5
2545,43,Male,Student,104.9,168.6,36.9
2546,35,Female,Student,83.3,158.9,33.0
2547,31,Female,Student,66.2,169.3,23.1
2548,46,Male,Student,68.1,174.0,22.5
2549,29,Male,Unemployed,121.1,177.1,38.6
2550,53,Female,Student,55.1,167.7,19.6
2551,52,Female,Student,59.0,155.8,24.3
2552,29,Male,Teacher,81.1,181.6,24.6
2553,24,Male,Manager,79.3,179.9,24.5
2554,46,Female,Student,40.4,155.5,16.7
2555,28,Female,Salesperson,72.1,164.3,26.7
2556,50,Male,Salesperson,54.7,165.0,20.1
2557,23,Female,Student,78.1,158.7,31.0
2558,32,Male,Student,52.5,171.2,17.9
2559,49,Male,Healthcare Worker,81.6,181.4,24.8
2560,28,Male,Salesperson,52.0,180.2,16.0
2561,40,Male,Manager,48.3,173.7,16.0
2562,43,Male,Student,57.7,166.9,20.7
2563,51,Female,Software Engineer,61.4,169.4,21.4
2564,51,Male,Teacher,87.7,167.9,31.1
2565,46,Male,Student,70.0,169.7,24.3
2566,21,Male,Software Engineer,85.6,168.1,30.3
2567,34,Female,Manager,57.6,158.9,22.8
2568,52,Male,Software Engineer,91.3,183.2,27.2
2569,30,Male,Salesperson,64.9,175.0,21.2
2570,58,Female,Salesperson,53.2,159.6,20.9
2571,56,Non-binary,Software Engineer,39.0,154.7,16.3
2572,32,Male,Salesperson,83.2,178.9,26.0
2573,46,Female,Student,69.7,164.7,25.7
2574,46,Female,Salesperson,83.7,172.9,28.0
2575,28,Female,Student,72.4,168.5,25.5
2576,49,Male,Student,110.0,180.9,33.6
2577,19,Female,Manager,61.4,155.8,25.3
2578,31,Male,Software Engineer,88.4,174.6,29.0
2579,37,Female,Healthcare Worker,60.7,162.4,23.0
2580,39,Female,Software Engineer,56.3,166.2,20.4
2581,28,Male,Student,90.9,181.2,27.7
2582,44,Female,Teacher,64.0,163.0,24.1
2583,20,Male,Software Engineer,86.4,175.0,28.2
2584,34,Female,Software Engineer,72.2,166.3,26.1
2585,45,Male,Manager,59.3,168.4,20.9
2586,46,Male,Salesperson,85.8,171.1,29.3
2587,38,Male,Healthcare Worker,59.3,169.6,20.6
2588,33,Female,Unemployed,79.5,170.7,27.3
2589,54,Male,Student,85.0,167.5,30.3
2590,37,Male,Manager,77.4,184.3,22.8
2591,23,Male,Software Engineer,96.5,180.3,29.7
2592,36,Female,Manager,70.8,164.1,26.3
2593,22,Female,Software Engineer,77.3,165.3,28.3
2594,20,Male,Unemployed,60.6,171.1,20.7
2595,18,Male,Salesperson,79.8,176.9,25.5
2596,55,Male,Unemployed,60.7,182.6,18.2
2597,32,Male,Salesperson,93.2,170.1,32.2
2598,51,Male,Healthcare Worker,43.2,164.3,16.0
2599,52,Female,Salesperson,63.9,167.0,22.9
2600,42,Male,Software Engineer,63.8,177.3,20.3
2601,41,Male,Student,76.9,167.2,27.5
2602,29,Male,Software Engineer,95.8,169.9,33.2
2603,35,Female,Student,76.8,167.4,27.4
2604,32,Female,Teacher,94.4,158.0,37.8
2605,33,Female,Teacher,54.5,172.5,18.3
2606,44,Male,Teacher,55.7,173.1,18.6
2607,25,Male,Unemployed,59.5,170.4,20.5
2608,42,Male,Healthcare Worker,72.0,169.7,25.0
2609,34,Male,Student,59.8,173.4,19.9
2610,46,Female,Software Engineer,55.9,162.8,21.1
2611,25,Female,Software Engineer,82.5,173.8,27.3
2612,32,Female,Software Engineer,45.9,155.8,18.9
2613,44,Female,Salesperson,51.0,162.2,19.4
2614,24,Male,Teacher,61.0,163.9,22.7
2615,20,Female,Teacher,58.4,159.0,23.1
2616,46,Male,Healthcare Worker,93.1,179.2,29.0
2617,41,Male,Salesperson,60.4,172.0,20.4
2618,20,Female,Student,58.3,165.5,21.3
2619,37,Male,Manager,83.1,175.1,27.1
2620,32,Male,Software Engineer,86.0,174.9,28.1
2621,42,Male,Student,86.3,167.1,30.9
2622,47,Female,Student,63.9,155.0,26.6
2623,31,Female,Software Engineer,74.2,171.9,25.1
2624,24,Male,Software Engineer,81.5,173.4,27.1
2625,34,Female,Student,61.4,162.3,23.3
2626,37,Male,Manager,70.9,174.4,23.3
2627,53,Male,Salesperson,46.2,167.3,16.5
2628,26,Female,Student,77.0,164.4,28.5
2629,55,Female,Student,74.2,170.6,25.5
2630,39,Non-binary,Salesperson,98.1,187.2,28.0
2631,19,Male,Student,42.7,163.3,16.0
2632,41,Female,Healthcare Worker,56.4,152.3,24.3
2633,25,Female,Manager,62.7,174.4,20.6
2634,28,Female,Software Engineer,78.9,158.8,31.3
2635,30,Male,Student,85.7,177.2,27.3
2636,34,Female,Student,61.7,155.3,25.6
2637,25,Female,Student,63.6,167.7,22.6
2638,38,Male,Student,73.5,167.2,26.3
2639,35,Male,Manager,70.2,185.9,20.3
2640,47,Male,Student,73.6,174.7,24.1
2641,35,Female,Teacher,53.0,155.6,21.9
2642,48,Female,Teacher,89.8,160.9,34.7
2643,55,Female,Student,90.3,170.4,31.1
2644,49,Female,Student,79.4,164.6,29.3
2645,28,Female,Student,47.2,162.8,17.8
2646,42,Male,Student,98.6,186.3,28.4
2647,50,Male,Salesperson,73.2,170.1,25.3
2648,55,Female,Software Engineer,90.8,174.0,30.0
2649,58,Male,Salesperson,88.9,184.9,26.0
2650,25,Male,Software Engineer,76.7,176.9,24.5
2651,28,Female,Software Engineer,67.8,162.7,25.6
2652,39,Male,Teacher,52.3,178.5,16.4
2653,41,Male,Manager,58.5,166.9,21.0
2654,58,Male,Student,89.5,184.8,26.2
2655,34,Male,Student,84.7,169.2,29.6
2656,29,Female,Teacher,59.2,164.0,22.0
2657,49,Female,Software Engineer,53.5,148.4,24.3
2658,32,Female,Software Engineer,40.2,152.5,17.3
2659,33,Male,Manager,95.4,175.1,31.1
2660,39,Female,Software Engineer,74.2,158.6,29.5
2661,45,Female,Manager,65.7,154.8,27.4
2662,37,Female,Teacher,72.9,166.5,26.3
2663,50,Male,Salesperson,106.4,183.8,31.5
2664,27,Female,Manager,54.0,160.7,20.9
2665,57,Female,Teacher,48.7,154.5,20.4
2666,49,Female,Manager,76.6,161.7,29.3
2667,50,Female,Healthcare Worker,62.0,146.2,29.0
2668,19,Male,Software Engineer,60.2,177.6,19.1
2669,50,Female,Software Engineer,58.3,162.4,22.1
2670,50,Male,Salesperson,104.7,180.6,32.1
2671,58,Female,Teacher,61.5,152.6,26.4
2672,30,Male,Student,87.9,177.2,28.0
2673,47,Male,Healthcare Worker,60.1,176.5,19.3
2674,50,Male,Student,95.9,186.7,27.5
2675,30,Female,Salesperson,50.1,166.3,18.1
2676,43,Male,Salesperson,55.3,185.9,16.0
2677,39,Female,Unemployed,73.2,162.3,27.8
2678,56,Female,Student,76.5,157.1,31.0
2679,19,Male,Teacher,81.6,186.7,23.4
2680,55,Male,Software Engineer,70.4,178.9,22.0
2681,56,Male,Software Engineer,101.8,177.8,32.2
2682,43,Female,Student,75.2,178.5,23.6
2683,32,Female,Teacher,60.2,157.7,24.2
2684,51,Male,Software Engineer,98.1,174.8,32.1
2685,59,Male,Student,66.2,170.0,22.9
2686,57,Female,Manager,63.1,170.9,21.6
2687,28,Female,Salesperson,63.7,150.3,28.2
2688,20,Female,Salesperson,55.9,162.0,21.3
2689,23,Female,Healthcare Worker,69.5,170.9,23.8
2690,26,Male,Software Engineer,55.4,172.6,18.6
2691,23,Male,Unemployed,78.8,176.5,25.3
2692,26,Male,Healthcare Worker,67.5,165.0,24.8
2693,56,Male,Student,102.7,188.5,28.9
2694,48,Male,Student,86.3,174.3,28.4
2695,49,Male,Software Engineer,81.7,174.0,27.0
2696,58,Male,Software Engineer,74.4,168.2,26.3
2697,29,Female,Teacher,62.6,160.8,24.2
2698,25,Female,Teacher,73.1,163.9,27.2
2699,25,Female,Salesperson,53.3,165.3,19.5
2700,45,Female,Teacher,39.2,156.6,16.0
2701,37,Male,Student,94.9,178.8,29.7
2702,24,Female,Healthcare Worker,63.6,152.1,27.5
2703,28,Male,Software Engineer,64.9,164.8,23.9
2704,37,Female,Unemployed,75.0,160.0,29.3
2705,33,Male,Student,63.7,173.3,21.2
2706,21,Non-binary,Unemployed,55.1,160.9,21.3
2707,23,Male,Student,65.0,177.2,20.7
2708,39,Male,Student,94.1,186.3,27.1
2709,43,Female,Student,46.3,163.2,17.4
2710,20,Male,Manager,62.0,171.8,21.0
2711,58,Female,Healthcare Worker,74.1,169.5,25.8
2712,59,Female,Software Engineer,51.3,163.9,19.1
2713,31,Female,Healthcare Worker,54.1,158.7,21.5
2714,28,Female,Teacher,45.3,168.3,16.0
2715,35,Female,Manager,78.1,169.4,27.2
2716,29,Male,Salesperson,67.6,177.7,21.4
2717,40,Female,Student,57.4,171.2,19.6
2718,29,Female,Software Engineer,50.4,164.2,18.7
2719,30,Female,Healthcare Worker,60.6,163.7,22.6
2720,42,Male,Healthcare Worker,56.1,179.6,17.4
2721,36,Female,Unemployed,83.5,158.6,33.2
2722,53,Non-binary,Healthcare Worker,40.3,158.7,16.0
2723,25,Female,Student,57.4,159.7,22.5
2724,46,Male,Salesperson,76.2,174.6,25.0
2725,49,Male,Software Engineer,59.8,168.7,21.0
2726,35,Male,Unemployed,76.1,172.7,25.5
2727,23,Female,Software Engineer,51.1,156.3,20.9
2728,35,Female,Teacher,92.6,171.7,31.4
2729,36,Male,Teacher,60.4,176.0,19.5
2730,39,Male,Software Engineer,47.7,172.7,16.0
2731,54,Male,Student,59.6,178.5,18.7
2732,49,Male,Healthcare Worker,70.1,163.6,26.2
2733,58,Female,Salesperson,57.5,154.8,24.0
2734,20,Female,Student,78.7,168.0,27.9
2735,45,Male,Salesperson,80.0,172.8,26.8
2736,27,Female,Manager,59.1,165.4,21.6
2737,52,Male,Software Engineer,59.9,163.9,22.3
2738,46,Female,Student,57.2,158.4,22.8
2739,32,Male,Healthcare Worker,106.3,179.5,33.0
2740,50,Male,Manager,87.9,178.5,27.6
2741,24,Male,Teacher,109.7,182.3,33.0
2742,29,Female,Manager,73.3,160.9,28.3
2743,47,Female,Student,65.9,165.0,24.2
2744,38,Female,Software Engineer,50.9,160.0,19.9
2745,48,Male,Student,82.1,179.8,25.4
2746,41,Male,Student,65.1,164.0,24.2
2747,37,Male,Manager,68.6,168.7,24.1
2748,54,Female,Healthcare Worker,65.0,166.0,23.6
2749,21,Male,Software Engineer,39.8,157.8,16.0
2750,45,Female,Student,74.0,156.5,30.2
2751,37,Female,Manager,54.3,149.5,24.3
2752,41,Female,Healthcare Worker,44.7,157.2,18.1
2753,49,Male,Salesperson,79.2,172.2,26.7
2754,58,Male,Healthcare Worker,63.7,175.9,20.6
2755,53,Male,Teacher,80.3,172.5,27.0
2756,51,Female,Salesperson,71.4,158.3,28.5
2757,53,Female,Student,80.4,166.2,29.1
2758,19,Male,Software Engineer,79.5,182.8,23.8
2759,32,Male,Software Engineer,77.3,185.0,22.6
2760,51,Female,Teacher,56.5,161.4,21.7
2761,53,Female,Healthcare Worker,52.9,158.0,21.2
2762,23,Male,Healthcare Worker,71.6,171.3,24.4
2763,56,Female,Student,61.1,160.9,23.6
2764,59,Male,Student,66.3,178.5,20.8
2765,29,Male,Software Engineer,54.7,167.9,19.4
2766,20,Female,Student,67.4,167.6,24.0
2767,35,Female,Manager,64.5,169.3,22.5
2768,57,Female,Healthcare Worker,53.7,166.3,19.4
2769,38,Male,Unemployed,82.1,170.6,28.2
2770,32,Female,Manager,77.7,154.6,32.5
2771,50,Male,Salesperson,112.9,198.0,28.8
2772,52,Male,Teacher,69.4,180.5,21.3
2773,43,Female,Student,70.8,170.7,24.3
2774,25,Male,Teacher,103.0,181.1,31.4
2775,53,Female,Teacher,55.1,169.4,19.2
2776,47,Female,Salesperson,68.0,155.8,28.0
2777,40,Male,Student,55.8,176.1,18.0
2778,59,Male,Software Engineer,99.0,175.6,32.1
2779,31,Male,Software Engineer,68.6,174.2,22.6
2780,31,Male,Unemployed,93.8,164.9,34.5
2781,19,Female,Software Engineer,84.2,161.5,32.3
2782,54,Female,Salesperson,66.2,166.1,24.0
2783,22,Male,Salesperson,58.3,165.5,21.3
2784,55,Male,Student,76.5,173.5,25.4
2785,58,Female,Teacher,58.2,156.7,23.7
2786,31,Female,Healthcare Worker,51.4,150.5,22.7
2787,56,Male,Software Engineer,55.0,179.8,17.0
2788,42,Male,Healthcare Worker,73.5,182.0,22.2
2789,37,Female,Student,53.4,165.5,19.5
2790,19,Male,Student,80.7,172.9,27.0
2791,56,Male,Healthcare Worker,89.1,175.3,29.0
2792,23,Female,Salesperson,72.1,161.1,27.8
2793,34,Female,Unemployed,60.6,152.7,26.0
2794,42,Female,Manager,45.6,148.4,20.7
2795,45,Female,Healthcare Worker,67.7,163.2,25.4
2796,19,Female,Salesperson,81.1,169.9,28.1
2797,52,Male,Salesperson,64.9,172.2,21.9
2798,54,Male,Teacher,75.4,173.7,25.0
2799,22,Male,Software Engineer,68.5,169.6,23.8
2800,18,Male,Healthcare Worker,93.1,170.6,32.0
2801,57,Female,Software Engineer,73.6,161.3,28.3
2802,29,Female,Teacher,67.1,157.1,27.2
2803,53,Female,Software Engineer,50.9,174.1,16.8
2804,40,Female,Teacher,69.0,165.2,25.3
2805,48,Male,Software Engineer,80.1,183.4,23.8
2806,28,Male,Student,71.2,173.0,23.8
2807,27,Female,Healthcare Worker,50.3,169.5,17.5
2808,20,Female,Software Engineer,47.6,155.8,19.6
2809,31,Female,Teacher,72.5,173.1,24.2
2810,33,Female,Student,62.5,145.5,29.5
2811,27,Female,Student,63.4,170.5,21.8
2812,46,Female,Student,61.7,164.9,22.7
2813,27,Male,Manager,88.5,165.0,32.5
2814,29,Female,Student,60.1,160.9,23.2
2815,47,Female,Healthcare Worker,71.8,173.3,23.9
2816,58,Male,Student,74.8,176.5,24.0
2817,18,Female,Student,45.1,156.6,18.4
2818,22,Male,Student,80.4,172.2,27.1
2819,37,Female,Student,57.5,163.1,21.6
2820,25,Male,Salesperson,69.9,169.2,24.4
2821,29,Female,Healthcare Worker,62.0,152.9,26.5
2822,18,Male,Manager,99.5,173.1,33.2
2823,37,Female,Student,46.8,158.6,18.6
2824,45,Male,Student,96.7,184.5,28.4
2825,54,Male,Software Engineer,82.9,170.9,28.4
2826,54,Female,Unemployed,63.2,171.0,21.6
2827,29,Female,Student,76.3,167.5,27.2
2828,54,Male,Salesperson,102.6,179.3,31.9
2829,45,Male,Software Engineer,64.7,175.1,21.1
2830,32,Female,Student,67.5,162.4,25.6
2831,23,Female,Software Engineer,62.4,154.0,26.3
2832,37,Female,Student,72.7,164.4,26.9
2833,31,Male,Salesperson,94.9,184.1,28.0
2834,19,Female,Student,66.3,162.2,25.2
2835,26,Male,Salesperson,86.7,179.9,26.8
2836,54,Male,Student,66.2,180.1,20.4
2837,37,Female,Unemployed,60.3,154.7,25.2
2838,43,Female,Student,62.6,167.2,22.4
2839,46,Female,Healthcare Worker,51.8,165.1,19.0
2840,18,Male,Salesperson,75.1,183.9,22.2
2841,52,Male,Unemployed,62.1,155.5,25.7
2842,23,Male,Software Engineer,80.6,174.4,26.5
2843,54,Non-binary,Salesperson,62.0,181.6,18.8
2844,22,Male,Software Engineer,55.6,165.5,20.3
2845,50,Male,Student,87.9,177.8,27.8
2846,31,Male,Software Engineer,77.6,170.2,26.8
2847,29,Female,Student,72.7,159.7,28.5
2848,59,Male,Unemployed,101.2,181.6,30.7
2849,37,Female,Student,72.1,163.7,26.9
2850,41,Male,Teacher,58.4,160.8,22.6
2851,51,Female,Manager,60.1,155.0,25.0
2852,42,Male,Teacher,105.8,181.8,32.0
2853,46,Female,Manager,92.7,158.5,36.9
2854,56,Female,Student,71.9,164.4,26.6
2855,48,Male,Teacher,93.9,186.8,26.9
2856,40,Female,Student,71.1,159.9,27.8
2857,55,Male,Healthcare Worker,91.2,192.5,24.6
2858,37,Female,Salesperson,67.6,150.9,29.7
2859,40,Female,Unemployed,71.9,157.5,29.0
2860,33,Male,Student,76.0,170.6,26.1
2861,59,Male,Student,58.5,159.2,23.1
2862,25,Male,Student,61.4,186.2,17.7
2863,38,Male,Student,96.4,186.2,27.8
2864,18,Male,Student,71.9,167.9,25.5
2865,25,Male,Manager,63.7,173.4,21.2
2866,46,Male,Student,59.9,175.7,19.4
2867,49,Female,Teacher,68.7,158.1,27.5
2868,55,Male,Healthcare Worker,45.8,162.7,17.3
2869,22,Male,Manager,77.7,173.5,25.8
2870,39,Female,Software Engineer,68.8,155.9,28.3
2871,51,Male,Software Engineer,80.2,172.3,27.0
2872,18,Male,Software Engineer,70.8,176.6,22.7
2873,43,Male,Student,64.7,185.0,18.9
2874,27,Female,Manager,77.2,168.8,27.1
2875,47,Female,Software Engineer,76.2,159.6,29.9
2876,35,Male,Healthcare Worker,71.0,180.1,21.9
2877,34,Female,Salesperson,73.0,165.0,26.8
2878,43,Female,Manager,85.0,164.0,31.6
2879,25,Female,Software Engineer,65.8,159.1,26.0
2880,57,Female,Student,55.1,155.8,22.7
2881,29,Female,Salesperson,79.5,165.0,29.2
2882,44,Male,Software Engineer,71.6,183.8,21.2
2883,25,Male,Student,64.0,185.0,18.7
2884,42,Male,Student,81.4,169.9,28.2
2885,21,Female,Student,53.8,154.0,22.7
2886,50,Female,Salesperson,56.7,156.7,23.1
2887,18,Female,Student,61.7,168.6,21.7
2888,36,Non-binary,Teacher,63.1,167.9,22.4
2889,48,Male,Software Engineer,95.5,176.1,30.8
2890,33,Female,Teacher,88.6,166.4,32.0
2891,31,Female,Healthcare Worker,91.2,167.3,32.6
2892,22,Female,Healthcare Worker,76.2,161.0,29.4
2893,58,Non-binary,Software Engineer,59.3,149.3,26.6
2894,43,Female,Student,46.8,160.8,18.1
2895,45,Male,Software Engineer,71.7,173.9,23.7
2896,19,Female,Manager,81.7,154.6,34.2
2897,23,Male,Teacher,71.7,178.5,22.5
2898,26,Female,Manager,83.9,163.7,31.3
2899,50,Female,Student,67.0,164.7,24.7
2900,58,Male,Manager,46.7,170.8,16.0
2901,42,Female,Student,75.9,166.4,27.4
2902,30,Male,Salesperson,95.1,177.5,30.2
2903,26,Male,Software Engineer,69.5,169.1,24.3
2904,30,Male,Manager,83.5,166.8,30.0
2905,48,Female,Student,42.7,158.5,17.0
2906,58,Female,Software Engineer,52.9,170.0,18.3
2907,28,Female,Manager,56.9,149.7,25.4
2908,21,Male,Student,81.7,175.3,26.6
2909,51,Female,Salesperson,76.7,158.3,30.6
2910,55,Female,Manager,68.0,157.5,27.4
2911,21,Male,Teacher,51.4,164.0,19.1
2912,55,Male,Software Engineer,71.3,167.2,25.5
2913,36,Male,Software Engineer,91.4,183.3,27.2
2914,23,Female,Teacher,39.6,156.9,16.1
2915,51,Female,Software Engineer,62.8,160.7,24.3
2916,35,Female,Manager,56.8,157.2,23.0
2917,30,Male,Software Engineer,60.1,166.8,21.6
2918,58,Female,Student,79.7,172.8,26.7
2919,40,Male,Student,62.5,180.0,19.3
2920,36,Male,Student,82.3,176.6,26.4
2921,28,Female,Software Engineer,75.5,167.2,27.0
2922,18,Male,Salesperson,80.2,165.2,29.4
2923,41,Female,Salesperson,48.5,158.1,19.4
2924,24,Male,Student,52.1,171.5,17.7
2925,42,Female,Unemployed,64.0,157.5,25.8
2926,38,Male,Teacher,63.0,164.8,23.2
2927,32,Female,Healthcare Worker,90.0,154.7,37.6
2928,18,Male,Manager,83.3,177.0,26.6
2929,29,Male,Salesperson,78.0,177.3,24.8
2930,24,Female,Student,61.3,160.8,23.7
2931,32,Male,Student,60.5,178.5,19.0
2932,38,Female,Student,71.9,163.2,27.0
2933,36,Non-binary,Manager,71.6,172.4,24.1
2934,46,Male,Software Engineer,74.5,175.8,24.1
2935,42,Male,Salesperson,77.7,176.6,24.9
2936,50,Female,Software Engineer,75.0,171.5,25.5
2937,49,Female,Salesperson,36.0,146.8,16.7
2938,52,Female,Student,69.8,157.0,28.3
2939,55,Female,Student,53.1,160.2,20.7
2940,43,Female,Software Engineer,64.9,164.8,23.9
2941,28,Male,Software Engineer,99.0,180.8,30.3
2942,52,Female,Software Engineer,79.2,156.1,32.5
2943,25,Female,Salesperson,44.5,162.8,16.8
2944,31,Male,Student,63.1,160.1,24.6
2945,27,Male,Software Engineer,72.4,167.8,25.7
2946,19,Male,Salesperson,55.0,176.2,17.7
2947,26,Male,Student,86.9,175.9,28.1
2948,20,Female,Healthcare Worker,66.6,163.2,25.0
2949,38,Male,Unemployed,80.1,177.6,25.4
2950,43,Male,Student,62.5,175.1,20.4
2951,25,Male,Student,81.6,175.8,26.4
2952,19,Non-binary,Software Engineer,83.2,171.5,28.3
2953,23,Female,Salesperson,55.6,148.8,25.1
2954,45,Male,Teacher,65.7,172.0,22.2
2955,46,Male,Manager,61.8,165.7,22.5
2956,43,Non-binary,Salesperson,69.8,165.5,25.5
2957,42,Female,Student,51.2,144.0,24.7
2958,29,Male,Salesperson,94.7,182.0,28.6
2959,22,Male,Manager,68.1,174.7,22.3
2960,51,Male,Teacher,57.3,173.7,19.0
2961,54,Male,Healthcare Worker,72.2,166.3,26.1
2962,32,Female,Manager,57.5,160.2,22.4
2963,53,Female,Student,70.2,158.3,28.0
2964,32,Female,Software Engineer,62.4,159.6,24.5
2965,40,Female,Software Engineer,66.5,155.8,27.4
2966,23,Male,Student,63.5,178.6,19.9
2967,38,Female,Unemployed,68.0,164.6,25.1
2968,40,Female,Student,56.7,162.8,21.4
2969,33,Male,Manager,57.9,174.5,19.0
2970,32,Male,Teacher,57.1,166.5,20.6
2971,42,Female,Student,60.8,166.2,22.0
2972,53,Male,Healthcare Worker,92.5,175.3,30.1
2973,28,Male,Healthcare Worker,68.0,176.2,21.9
2974,32,Female,Teacher,46.3,156.9,18.8
2975,21,Non-binary,Student,76.0,174.0,25.1
2976,38,Male,Student,93.4,194.9,24.6
2977,30,Female,Software Engineer,55.7,158.0,22.3
2978,39,Male,Student,75.0,177.5,23.8
2979,36,Female,Teacher,87.4,173.9,28.9
2980,51,Female,Unemployed,73.2,163.1,27.5
2981,31,Female,Teacher,71.6,162.5,27.1
2982,21,Male,Healthcare Worker,53.8,167.4,19.2
2983,44,Female,Manager,85.3,150.8,37.5
2984,46,Female,Software Engineer,76.8,162.2,29.2
2985,45,Male,Healthcare Worker,78.7,171.4,26.8
2986,52,Male,Software Engineer,47.6,157.0,19.3
2987,25,Male,Healthcare Worker,91.4,178.1,28.8
2988,33,Male,Student,67.8,174.7,22.2
2989,59,Female,Student,61.6,161.6,23.6
2990,53,Male,Healthcare Worker,53.3,177.6,16.9
2991,47,Male,Teacher,51.2,164.6,18.9
2992,35,Female,Healthcare Worker,67.1,159.1,26.5
2993,19,Male,Healthcare Worker,83.8,170.0,29.0
2994,30,Female,Student,71.9,161.4,27.6
2995,21,Male,Teacher,90.4,181.6,27.4
2996,43,Female,Software Engineer,63.6,162.1,24.2
2997,42,Female,Manager,61.7,164.9,22.7
2998,47,Female,Salesperson,63.4,156.8,25.8
2999,28,Male,Student,93.2,181.8,28.2
3000,24,Female,Teacher,67.0,165.4,24.5
3001,48,Male,Manager,77.4,160.9,29.9
3002,27,Male,Student,79.8,184.3,23.5
3003,56,Male,Salesperson,62.0,175.7,20.1
3004,30,Female,Manager,60.2,156.8,24.5
3005,48,Male,Healthcare Worker,71.3,168.9,25.0
3006,24,Female,Software Engineer,69.7,170.1,24.1
3007,59,Male,Student,84.2,166.7,30.3
3008,59,Male,Teacher,91.9,180.8,28.1
3009,53,Female,Student,48.4,163.5,18.1
3010,37,Male,Unemployed,88.8,168.2,31.4
3011,21,Female,Student,39.8,157.8,16.0
3012,24,Male,Salesperson,106.7,176.6,34.2
3013,18,Female,Teacher,66.1,168.8,23.2
3014,59,Female,Software Engineer,64.0,164.7,23.6
3015,30,Male,Student,87.2,189.8,24.2
3016,39,Male,Manager,72.5,166.4,26.2
3017,38,Female,Teacher,62.6,159.8,24.5
3018,39,Female,Student,64.7,164.5,23.9
3019,45,Male,Healthcare Worker,88.6,170.7,30.4
3020,26,Male,Software Engineer,88.0,180.5,27.0
3021,43,Female,Software Engineer,56.2,166.8,20.2
3022,26,Female,Teacher,64.9,152.8,27.8
3023,32,Male,Student,89.7,182.6,26.9
3024,27,Male,Healthcare Worker,73.1,182.3,22.0
3025,41,Male,Software Engineer,79.7,168.4,28.1
3026,59,Female,Student,65.7,166.2,23.8
3027,25,Male,Software Engineer,63.8,164.8,23.5
3028,41,Non-binary,Manager,69.7,172.6,23.4
3029,33,Male,Teacher,50.9,178.4,16.0
3030,43,Male,Manager,63.1,169.0,22.1
3031,44,Female,Student,66.4,154.8,27.7
3032,54,Female,Student,59.1,155.6,24.4
3033,21,Female,Salesperson,49.5,162.7,18.7
3034,41,Male,Student,94.1,180.8,28.8
3035,36,Female,Healthcare Worker,62.9,164.6,23.2
3036,53,Female,Student,55.5,170.9,19.0
3037,56,Female,Salesperson,89.3,161.1,34.4
3038,27,Male,Software Engineer,64.5,180.5,19.8
3039,42,Male,Manager,92.9,180.5,28.5
3040,35,Male,Student,58.6,167.0,21.0
3041,36,Female,Student,71.8,169.1,25.1
3042,53,Male,Student,58.2,168.9,20.4
3043,27,Female,Student,52.8,167.1,18.9
3044,50,Female,Software Engineer,77.3,169.8,26.8
3045,22,Female,Teacher,70.5,163.7,26.3
3046,52,Female,Teacher,74.6,158.5,29.7
3047,51,Male,Salesperson,79.3,180.7,24.3
3048,50,Male,Manager,90.2,161.7,34.5
3049,38,Male,Manager,73.6,169.2,25.7
3050,34,Female,Software Engineer,71.4,162.3,27.1
3051,39,Male,Software Engineer,54.3,171.8,18.4
3052,54,Female,Software Engineer,57.7,163.1,21.7
3053,32,Male,Salesperson,80.5,173.3,26.8
3054,52,Male,Student,70.4,170.9,24.1
3055,45,Male,Student,85.7,184.1,25.3
3056,24,Female,Manager,55.9,163.9,20.8
3057,49,Female,Student,59.4,154.1,25.0
3058,28,Male,Healthcare Worker,73.3,171.2,25.0
3059,27,Female,Healthcare Worker,47.5,157.3,19.2
3060,26,Male,Student,80.4,171.3,27.4
3061,31,Non-binary,Student,47.0,167.3,16.8
3062,30,Female,Software Engineer,71.6,168.2,25.3
3063,42,Male,Manager,99.3,175.1,32.4
3064,19,Female,Student,68.3,157.3,27.6
3065,52,Male,Manager,73.7,163.7,27.5
3066,24,Female,Teacher,51.5,158.5,20.5
3067,38,Male,Software Engineer,98.4,174.0,32.5
3068,35,Female,Student,79.0,160.4,30.7
3069,20,Male,Salesperson,59.3,169.3,20.7
3070,59,Female,Student,54.6,156.1,22.4
3071,56,Female,Salesperson,76.5,159.4,30.1
3072,58,Female,Software Engineer,94.4,170.2,32.6
3073,28,Female,Teacher,52.7,167.4,18.8
3074,56,Female,Healthcare Worker,59.0,171.7,20.0
3075,41,Male,Healthcare Worker,66.0,166.2,23.9
3076,36,Male,Software Engineer,56.9,188.5,16.0
3077,21,Male,Student,71.4,170.4,24.6
3078,43,Non-binary,Salesperson,74.6,158.2,29.8
3079,55,Male,Software Engineer,47.7,162.8,18.0
3080,59,Female,Student,57.2,151.0,25.1
3081,49,Female,Healthcare Worker,57.4,161.9,21.9
3082,56,Male,Student,95.7,173.2,31.9
3083,53,Male,Student,66.2,173.9,21.9
3084,57,Male,Student,103.8,182.1,31.3
3085,54,Male,Manager,65.8,173.7,21.8
3086,50,Male,Manager,102.6,191.4,28.0
3087,53,Male,Software Engineer,79.2,175.9,25.6
3088,20,Female,Software Engineer,64.0,163.7,23.9
3089,26,Female,Software Engineer,56.1,163.8,20.9
3090,25,Male,Manager,79.4,174.7,26.0
3091,50,Male,Student,65.7,170.9,22.5
3092,23,Male,Healthcare Worker,67.3,177.3,21.4
3093,58,Female,Student,86.8,167.1,31.1
3094,56,Female,Unemployed,62.1,151.6,27.0
3095,21,Male,Student,85.1,176.2,27.4
3096,30,Male,Salesperson,76.6,183.7,22.7
3097,19,Female,Student,66.7,167.8,23.7
3098,22,Female,Student,59.8,159.9,23.4
3099,44,Male,Healthcare Worker,91.9,188.0,26.0
3100,49,Female,Healthcare Worker,75.0,165.5,27.4
3101,38,Male,Software Engineer,79.0,179.9,24.4
3102,25,Male,Manager,71.1,184.4,20.9
3103,55,Female,Teacher,77.2,166.3,27.9
3104,25,Female,Healthcare Worker,54.3,148.3,24.7
3105,20,Male,Software Engineer,63.1,187.2,18.0
3106,20,Female,Teacher,46.1,169.8,16.0
3107,39,Male,Software Engineer,70.8,165.6,25.8
3108,23,Female,Software Engineer,47.3,150.8,20.8
3109,19,Male,Healthcare Worker,88.8,183.4,26.4
3110,40,Female,Student,51.4,156.5,21.0
3111,19,Female,Student,65.1,161.0,25.1
3112,55,Male,Teacher,67.4,171.9,22.8
3113,34,Female,Manager,86.2,163.1,32.4
3114,52,Female,Student,75.2,161.6,28.8
3115,51,Female,Software Engineer,88.6,170.2,30.6
3116,40,Male,Healthcare Worker,89.0,190.2,24.6
3117,47,Female,Student,76.5,164.7,28.2
3118,25,Female,Manager,71.1,169.0,24.9
3119,39,Male,Salesperson,92.4,172.4,31.1
3120,53,Female,Software Engineer,57.7,154.4,24.2
3121,22,Male,Healthcare Worker,55.0,173.9,18.2
3122,30,Male,Salesperson,50.6,177.9,16.0
3123,46,Female,Software Engineer,84.8,162.8,32.0
3124,48,Female,Teacher,66.8,158.2,26.7
3125,33,Female,Manager,67.4,158.3,26.9
3126,59,Male,Teacher,104.6,183.1,31.2
3127,47,Female,Healthcare Worker,48.2,167.9,17.1
3128,33,Male,Software Engineer,79.8,186.7,22.9
3129,29,Male,Student,86.1,191.8,23.4
3130,34,Male,Student,88.8,178.7,27.8
3131,33,Female,Student,56.7,162.8,21.4
3132,29,Female,Student,49.4,160.9,19.1
3133,25,Female,Healthcare Worker,54.7,169.3,19.1
3134,37,Female,Manager,75.8,159.8,29.7
3135,20,Male,Manager,68.6,179.9,21.2
3136,33,Female,Manager,54.4,157.2,22.0
3137,47,Male,Salesperson,83.9,175.0,27.4
3138,40,Female,Software Engineer,55.2,160.6,21.4
3139,45,Male,Healthcare Worker,53.1,177.8,16.8
3140,57,Female,Software Engineer,48.4,166.8,17.4
3141,22,Female,Healthcare Worker,57.3,153.9,24.2
3142,37,Female,Manager,70.6,162.6,26.7
3143,57,Male,Student,78.3,182.2,23.6
3144,18,Male,Teacher,78.5,172.4,26.4
3145,47,Female,Teacher,43.7,159.4,17.2
3146,38,Male,Student,50.5,169.8,17.5
3147,37,Female,Teacher,93.7,164.6,34.6
3148,23,Female,Software Engineer,77.6,160.8,30.0
3149,39,Male,Student,94.3,183.5,28.0
3150,35,Female,Healthcare Worker,55.9,161.3,21.5
3151,25,Female,Manager,61.5,162.1,23.4
3152,56,Male,Healthcare Worker,87.1,188.6,24.5
3153,49,Female,Manager,85.4,167.6,30.4
3154,50,Male,Software Engineer,81.6,176.1,26.3
3155,33,Female,Teacher,68.1,159.1,26.9
3156,29,Female,Manager,59.2,158.0,23.7
3157,55,Female,Unemployed,71.9,160.0,28.1
3158,51,Female,Student,75.4,170.6,25.9
3159,31,Male,Healthcare Worker,85.4,185.9,24.7
3160,53,Female,Healthcare Worker,51.1,155.2,21.2
3161,50,Male,Manager,74.1,175.7,24.0
3162,40,Female,Healthcare Worker,52.8,164.2,19.6
3163,19,Female,Software Engineer,59.6,156.6,24.3
3164,58,Male,Unemployed,67.6,164.8,24.9
3165,38,Male,Manager,49.4,175.8,16.0
3166,19,Female,Student,58.9,158.3,23.5
3167,44,Female,Healthcare Worker,54.0,167.7,19.2
3168,26,Male,Software Engineer,68.4,160.1,26.7
3169,18,Male,Software Engineer,71.9,162.0,27.4
3170,28,Male,Teacher,73.8,180.7,22.6
3171,20,Female,Student,69.4,160.3,27.0
3172,40,Male,Software Engineer,76.9,168.1,27.2
3173,43,Female,Salesperson,62.2,162.7,23.5
3174,21,Male,Student,98.7,177.3,31.4
3175,35,Female,Student,57.2,164.2,21.2
3176,23,Male,Student,93.9,173.8,31.1
3177,52,Female,Software Engineer,65.5,166.9,23.5
3178,39,Male,Salesperson,60.4,170.8,20.7
3179,32,Female,Salesperson,51.7,150.2,22.9
3180,39,Male,Healthcare Worker,59.8,174.6,19.6
3181,54,Female,Manager,83.1,172.3,28.0
3182,59,Female,Student,35.8,143.9,17.3
3183,29,Male,Healthcare Worker,96.7,177.2,30.8
3184,59,Female,Salesperson,52.6,161.0,20.3
3185,55,Female,Teacher,69.7,156.9,28.3
3186,35,Male,Manager,75.2,174.8,24.6
3187,52,Male,Healthcare Worker,80.9,177.4,25.7
3188,47,Male,Manager,54.2,157.7,21.8
3189,41,Female,Software Engineer,66.6,159.8,26.1
3190,59,Female,Manager,61.3,156.3,25.1
3191,47,Male,Student,49.1,165.7,17.9
3192,31,Female,Software Engineer,56.5,167.2,20.2
3193,23,Female,Software Engineer,56.4,159.7,22.1
3194,20,Female,Student,54.2,160.3,21.1
3195,33,Female,Student,96.3,178.9,30.1
3196,24,Female,Student,69.6,168.5,24.5
3197,31,Female,Manager,59.9,168.9,21.0
3198,26,Male,Salesperson,71.0,178.4,22.3
3199,32,Female,Unemployed,55.3,157.8,22.2
3200,38,Female,Software Engineer,61.2,162.4,23.2
3201,52,Male,Teacher,63.3,179.3,19.7
3202,19,Female,Healthcare Worker,61.2,171.6,20.8
3203,44,Female,Student,81.1,170.5,27.9
3204,19,Female,Manager,63.8,158.8,25.3
3205,52,Male,Salesperson,72.2,174.2,23.8
3206,35,Male,Student,75.1,175.1,24.5
3207,31,Female,Healthcare Worker,76.6,177.5,24.3
3208,37,Female,Salesperson,62.6,162.9,23.6
3209,35,Male,Student,84.3,177.4,26.8
3210,27,Female,Student,76.9,170.4,26.5
3211,42,Male,Student,50.8,170.9,17.4
3212,19,Male,Software Engineer,70.5,171.8,23.9
3213,42,Male,Teacher,57.7,180.5,17.7
3214,50,Male,Teacher,85.6,176.8,27.4
3215,53,Female,Student,69.1,157.1,28.0
3216,48,Male,Healthcare Worker,73.9,184.1,21.8
3217,31,Male,Software Engineer,63.8,163.1,24.0
3218,18,Male,Student,52.1,180.5,16.0
3219,33,Male,Software Engineer,79.7,166.1,28.9
3220,20,Male,Teacher,98.1,188.2,27.7
3221,52,Male,Software Engineer,80.1,164.2,29.7
3222,58,Female,Student,81.4,161.5,31.2
3223,23,Female,Student,56.5,172.5,19.0
3224,42,Male,Salesperson,84.7,172.4,28.5
3225,30,Male,Unemployed,97.0,176.3,31.2
3226,51,Female,Software Engineer,39.5,148.9,17.8
3227,25,Male,Software Engineer,67.4,168.7,23.7
3228,38,Male,Manager,65.6,169.3,22.9
3229,51,Male,Manager,91.2,179.5,28.3
3230,21,Male,Software Engineer,42.5,163.0,16.0
3231,42,Female,Healthcare Worker,96.6,171.9,32.7
3232,32,Male,Teacher,92.5,196.3,24.0
3233,21,Female,Software Engineer,77.8,164.9,28.6
3234,29,Male,Manager,81.0,183.0,24.2
3235,49,Male,Unemployed,78.0,170.9,26.7
3236,49,Female,Salesperson,46.3,170.1,16.0
3237,45,Male,Student,73.5,179.6,22.8
3238,30,Female,Software Engineer,72.2,159.7,28.3
3239,48,Male,Software Engineer,77.8,173.6,25.8
3240,31,Female,Software Engineer,46.6,165.1,17.1
3241,37,Male,Manager,72.4,170.9,24.8
3242,35,Female,Salesperson,60.2,170.1,20.8
3243,46,Male,Salesperson,63.7,176.7,20.4
3244,23,Female,Unemployed,50.9,169.5,17.7
3245,49,Male,Student,81.7,173.0,27.3
3246,46,Female,Healthcare Worker,74.3,158.7,29.5
3247,19,Male,Salesperson,100.6,172.0,34.0
3248,40,Female,Software Engineer,44.9,158.3,17.9
3249,36,Male,Salesperson,80.1,169.1,28.0
3250,48,Male,Student,94.7,183.3,28.2
3251,22,Female,Salesperson,55.4,159.1,21.9
3252,36,Male,Teacher,62.4,174.9,20.4
3253,51,Male,Student,55.9,168.9,19.6
3254,27,Female,Manager,56.6,160.0,22.1
3255,42,Female,Manager,66.9,162.3,25.4
3256,19,Male,Student,80.8,162.5,30.6
3257,28,Female,Student,79.6,164.3,29.5
3258,48,Female,Software Engineer,43.9,159.8,17.2
3259,32,Male,Teacher,71.4,184.4,21.0
3260,26,Female,Healthcare Worker,78.2,160.7,30.3
3261,40,Female,Healthcare Worker,53.0,158.1,21.2
3262,36,Non-binary,Teacher,63.2,161.6,24.2
3263,26,Male,Salesperson,52.2,176.2,16.8
3264,52,Female,Software Engineer,78.0,162.1,29.7
3265,38,Male,Salesperson,46.6,170.7,16.0
3266,26,Male,Student,52.8,175.7,17.1
3267,45,Male,Software Engineer,94.8,180.2,29.2
3268,24,Non-binary,Manager,87.7,162.8,33.1
3269,33,Female,Student,61.2,162.4,23.2
3270,33,Female,Salesperson,65.2,163.8,24.3
3271,50,Female,Salesperson,73.6,160.4,28.6
3272,21,Male,Software Engineer,87.2,183.8,25.8
3273,21,Male,Software Engineer,75.0,181.4,22.8
3274,56,Male,Healthcare Worker,68.5,175.3,22.3
3275,57,Male,Salesperson,53.8,175.9,17.4
3276,34,Female,Student,69.2,164.7,25.5
3277,54,Female,Software Engineer,48.6,142.0,24.1
3278,56,Male,Manager,71.8,178.6,22.5
3279,46,Male,Teacher,63.4,178.1,20.0
3280,53,Male,Student,68.7,183.5,20.4
3281,55,Male,Software Engineer,82.8,174.2,27.3
3282,56,Female,Healthcare Worker,77.0,164.4,28.5
3283,54,Female,Manager,63.2,165.8,23.0
3284,52,Female,Unemployed,63.3,167.4,22.6
3285,24,Male,Salesperson,68.0,181.3,20.7
3286,44,Male,Healthcare Worker,86.8,173.9,28.7
3287,45,Male,Student,81.8,182.3,24.6
3288,39,Female,Salesperson,63.4,155.5,26.2
3289,31,Female,Student,64.7,157.5,26.1
3290,24,Male,Manager,63.5,165.8,23.1
3291,54,Female,Software Engineer,53.8,167.0,19.3
3292,39,Male,Software Engineer,64.4,179.4,20.0
3293,22,Female,Healthcare Worker,74.7,158.9,29.6
3294,19,Female,Healthcare Worker,59.5,167.5,21.2
3295,44,Female,Student,54.5,155.0,22.7
3296,38,Female,Manager,55.1,168.5,19.4
3297,55,Male,Software Engineer,64.5,184.2,19.0
3298,32,Male,Software Engineer,68.9,181.1,21.0
3299,38,Male,Salesperson,82.1,159.9,32.1
3300,27,Male,Software Engineer,90.5,181.4,27.5
3301,40,Female,Healthcare Worker,56.4,159.8,22.1
3302,56,Female,Student,75.0,159.7,29.4
3303,22,Male,Manager,63.2,162.9,23.8
3304,18,Female,Manager,76.2,157.8,30.6
3305,30,Male,Student,96.0,166.8,34.5
3306,38,Male,Software Engineer,75.3,160.9,29.1
3307,43,Male,Salesperson,76.3,175.0,24.9
3308,38,Male,Salesperson,79.2,169.4,27.6
3309,35,Male,Software Engineer,92.0,193.4,24.6
3310,54,Male,Teacher,48.9,173.8,16.2
3311,49,Male,Student,73.2,184.1,21.6
3312,53,Non-binary,Student,52.4,161.0,20.2
3313,34,Male,Software Engineer,63.1,171.3,21.5
3314,52,Male,Student,100.6,175.7,32.6
3315,28,Male,Salesperson,83.9,168.6,29.5
3316,38,Female,Manager,70.6,163.2,26.5
3317,43,Male,Healthcare Worker,84.9,173.5,28.2
3318,21,Female,Manager,49.2,175.4,16.0
3319,51,Female,Healthcare Worker,72.1,161.0,27.8
3320,35,Female,Teacher,77.2,164.0,28.7
3321,57,Female,Manager,45.0,167.7,16.0
3322,52,Male,Unemployed,89.2,178.8,27.9
3323,58,Male,Manager,58.2,179.3,18.1
3324,46,Male,Student,48.7,174.4,16.0
3325,46,Female,Salesperson,92.4,174.1,30.5
3326,55,Male,Healthcare Worker,62.1,176.2,20.0
3327,59,Male,Salesperson,71.4,183.1,21.3
3328,38,Female,Teacher,72.5,158.1,29.0
3329,59,Male,Manager,69.4,173.3,23.1
3330,30,Female,Unemployed,66.0,166.9,23.7
3331,58,Female,Student,51.6,147.9,23.6
3332,34,Male,Manager,80.1,175.2,26.1
3333,26,Male,Student,69.3,171.7,23.5
3334,58,Male,Manager,75.4,173.7,25.0
3335,18,Female,Manager,50.6,151.0,22.2
3336,19,Female,Student,64.0,156.6,26.1
3337,46,Female,Student,67.3,161.2,25.9
3338,50,Female,Manager,85.3,160.8,33.0
3339,27,Female,Student,57.4,158.7,22.8
3340,57,Male,Student,71.2,173.3,23.7
3341,38,Male,Salesperson,73.3,169.2,25.6
3342,45,Female,Software Engineer,77.6,164.1,28.8
3343,28,Male,Software Engineer,58.0,172.0,19.6
3344,51,Male,Healthcare Worker,77.1,175.6,25.0
3345,25,Female,Student,40.1,158.4,16.0
3346,39,Male,Software Engineer,66.0,168.3,23.3
3347,25,Female,Manager,87.2,172.5,29.3
3348,32,Female,Salesperson,54.3,160.0,21.2
3349,34,Male,Healthcare Worker,85.0,183.3,25.3
3350,40,Female,Healthcare Worker,56.6,160.1,22.1
3351,41,Male,Salesperson,59.8,170.4,20.6
3352,36,Male,Student,91.4,177.8,28.9
3353,22,Male,Student,69.2,187.0,19.8
3354,49,Male,Software Engineer,84.9,181.4,25.8
3355,18,Female,Student,71.5,166.1,25.9
3356,40,Male,Manager,67.1,180.1,20.7
3357,54,Male,Manager,86.3,185.1,25.2
3358,25,Male,Student,67.6,182.5,20.3
3359,30,Female,Salesperson,69.0,160.4,26.8
3360,25,Female,Student,51.1,165.7,18.6
3361,40,Male,Software Engineer,64.5,167.4,23.0
3362,18,Male,Manager,63.3,164.5,23.4
3363,41,Male,Software Engineer,91.5,176.1,29.5
3364,52,Male,Software Engineer,77.3,175.5,25.1
3365,41,Female,Student,68.4,154.1,28.8
3366,34,Female,Software Engineer,70.1,161.1,27.0
3367,22,Male,Salesperson,70.9,162.0,27.0
3368,37,Male,Healthcare Worker,67.5,171.3,23.0
3369,38,Male,Software Engineer,85.7,171.6,29.1
3370,57,Female,Software Engineer,57.4,158.3,22.9
3371,48,Male,Manager,57.5,185.5,16.7
3372,53,Non-binary,Healthcare Worker,57.1,155.9,23.5
3373,28,Female,Student,66.0,157.8,26.5
3374,32,Male,Software Engineer,56.9,181.4,17.3
3375,36,Female,Salesperson,59.5,170.3,20.5
3376,24,Female,Manager,51.0,163.8,19.0
3377,45,Female,Student,76.8,165.6,28.0
3378,22,Male,Manager,100.3,177.0,32.0
3379,22,Male,Student,86.4,191.3,23.6
3380,47,Female,Teacher,83.2,175.9,26.9
3381,49,Female,Teacher,66.3,157.3,26.8
3382,25,Female,Healthcare Worker,75.6,154.9,31.5
3383,27,Female,Software Engineer,57.5,163.1,21.6
3384,55,Female,Student,65.8,167.3,23.5
3385,49,Female,Student,60.0,161.5,23.0
3386,45,Male,Healthcare Worker,76.0,175.1,24.8
3387,34,Female,Student,93.1,161.3,35.8
3388,48,Female,Software Engineer,67.5,165.6,24.6
3389,25,Female,Student,52.7,159.6,20.7
3390,57,Female,Salesperson,52.9,165.6,19.3
3391,42,Male,Software Engineer,92.6,175.4,30.1
3392,26,Female,Software Engineer,55.0,163.4,20.6
3393,19,Female,Software Engineer,72.0,161.8,27.5
3394,32,Male,Healthcare Worker,61.6,169.7,21.4
3395,20,Male,Teacher,59.8,178.4,18.8
3396,53,Male,Manager,100.0,191.7,27.2
3397,21,Male,Healthcare Worker,71.9,182.0,21.7
3398,31,Male,Healthcare Worker,89.3,183.9,26.4
3399,58,Male,Software Engineer,80.6,173.7,26.7
3400,58,Female,Unemployed,80.8,173.0,27.0
3401,42,Female,Student,71.4,175.0,23.3
3402,27,Female,Software Engineer,70.6,159.9,27.6
3403,38,Female,Healthcare Worker,53.7,162.6,20.3
3404,53,Male,Student,46.2,169.9,16.0
3405,29,Male,Student,81.1,171.1,27.7
3406,44,Female,Software Engineer,72.7,169.8,25.2
3407,57,Male,Manager,67.5,175.9,21.8
3408,19,Female,Software Engineer,48.7,164.9,17.9
3409,30,Female,Salesperson,38.0,154.2,16.0
3410,49,Female,Healthcare Worker,73.5,172.5,24.7
3411,48,Non-binary,Manager,85.5,163.7,31.9
3412,33,Male,Student,69.9,171.0,23.9
3413,49,Male,Healthcare Worker,64.8,168.2,22.9
3414,49,Female,Student,62.7,160.3,24.4
3415,51,Male,Student,112.9,181.4,34.3
3416,28,Female,Student,79.0,168.3,27.9
3417,27,Male,Teacher,66.0,180.3,20.3
3418,32,Female,Student,73.6,173.0,24.6
3419,34,Female,Student,76.6,171.6,26.0
3420,57,Female,Software Engineer,48.4,156.7,19.7
3421,35,Male,Student,75.4,164.4,27.9
3422,26,Male,Manager,68.8,181.9,20.8
3423,42,Female,Salesperson,50.8,169.4,17.7
3424,57,Male,Salesperson,68.6,166.3,24.8
3425,31,Female,Student,67.1,166.9,24.1
3426,42,Female,Student,79.4,180.0,24.5
3427,39,Female,Unemployed,55.8,162.6,21.1
3428,47,Female,Student,54.3,158.2,21.7
3429,37,Male,Healthcare Worker,88.2,172.6,29.6
3430,38,Female,Student,70.8,163.5,26.5
3431,49,Female,Healthcare Worker,51.0,158.9,20.2
3432,38,Male,Software Engineer,48.4,173.9,16.0
3433,52,Female,Software Engineer,48.7,154.5,20.4
3434,49,Male,Manager,73.3,170.6,25.2
3435,47,Male,Teacher,67.6,176.5,21.7
3436,56,Male,Software Engineer,65.6,175.5,21.3
3437,29,Female,Teacher,61.1,167.4,21.8
3438,58,Male,Salesperson,76.6,177.9,24.2
3439,35,Female,Student,64.4,151.6,28.0
3440,38,Female,Student,61.9,159.0,24.5
3441,30,Male,Software Engineer,84.6,184.7,24.8
3442,38,Male,Student,75.2,178.9,23.5
3443,25,Female,Manager,58.7,162.3,22.3
3444,57,Male,Student,96.1,183.6,28.5
3445,24,Female,Software Engineer,76.1,165.5,27.8
3446,40,Male,Student,111.0,181.5,33.7
3447,49,Male,Teacher,73.1,163.9,27.2
3448,28,Female,Student,53.4,154.8,22.3
3449,39,Male,Student,61.6,173.7,20.4
3450,39,Male,Student,100.4,186.7,28.8
3451,42,Male,Unemployed,68.5,181.5,20.8
3452,39,Male,Student,81.8,170.6,28.1
3453,45,Female,Manager,56.1,163.0,21.1
3454,46,Female,Student,74.6,169.1,26.1
3455,30,Male,Student,62.6,178.2,19.7
3456,35,Female,Teacher,73.0,161.5,28.0
3457,19,Female,Software Engineer,46.8,157.4,18.9
3458,46,Male,Unemployed,77.3,173.4,25.7
3459,38,Male,Healthcare Worker,73.9,177.0,23.6
3460,32,Female,Salesperson,68.1,165.0,25.0
3461,44,Female,Manager,56.5,157.8,22.7
3462,48,Female,Software Engineer,63.3,167.3,22.6
3463,32,Female,Software Engineer,58.8,152.8,25.2
3464,40,Male,Healthcare Worker,56.6,168.2,20.0
3465,41,Female,Manager,47.6,154.3,20.0
3466,30,Female,Teacher,60.0,161.8,22.9
3467,39,Female,Student,62.6,166.1,22.7
3468,54,Male,Student,61.7,175.7,20.0
3469,50,Male,Healthcare Worker,77.7,164.5,28.7
3470,20,Male,Software Engineer,64.8,167.9,23.0
3471,36,Female,Software Engineer,54.7,152.6,23.5
3472,40,Male,Student,58.7,178.2,18.5
3473,46,Male,Salesperson,97.5,169.8,33.8
3474,47,Male,Student,112.0,177.9,35.4
3475,56,Male,Salesperson,67.3,179.0,21.0
3476,42,Female,Student,71.0,153.8,30.0
3477,54,Female,Healthcare Worker,61.3,159.5,24.1
3478,25,Female,Salesperson,77.6,156.5,31.7
3479,59,Male,Student,67.1,160.7,26.0
3480,33,Female,Teacher,68.4,165.8,24.9
3481,25,Male,Software Engineer,49.6,176.1,16.0
3482,18,Male,Student,64.4,177.3,20.5
3483,22,Male,Healthcare Worker,69.9,168.6,24.6
3484,20,Male,Software Engineer,79.4,176.8,25.4
3485,18,Male,Software Engineer,55.3,170.6,19.0
3486,21,Female,Student,54.1,159.8,21.2
3487,57,Female,Software Engineer,71.5,162.7,27.0
3488,52,Female,Healthcare Worker,48.4,162.6,18.3
3489,49,Male,Software Engineer,70.8,168.0,25.1
3490,59,Male,Unemployed,84.6,167.6,30.1
3491,51,Male,Healthcare Worker,77.6,172.1,26.2
3492,42,Non-binary,Student,77.6,172.8,26.0
3493,27,Female,Student,42.0,162.0,16.0
3494,38,Female,Healthcare Worker,58.5,167.7,20.8
3495,56,Male,Software Engineer,106.1,177.4,33.7
3496,44,Female,Student,53.7,157.0,21.8
3497,44,Male,Student,83.3,166.1,30.2
3498,19,Female,Teacher,53.7,157.0,21.8
3499,58,Female,Salesperson,61.7,163.1,23.2
3500,30,Female,Student,67.6,158.8,26.8
3501,26,Female,Student,66.7,163.4,25.0
3502,53,Male,Healthcare Worker,77.5,172.0,26.2
3503,39,Female,Salesperson,44.8,146.8,20.8
3504,59,Female,Teacher,52.8,165.0,19.4
3505,43,Male,Salesperson,63.1,175.4,20.5
3506,29,Male,Software Engineer,69.6,177.4,22.1
3507,34,Male,Salesperson,91.5,197.3,23.5
3508,31,Male,Software Engineer,99.3,184.4,29.2
3509,31,Male,Student,80.6,179.9,24.9
3510,51,Female,Salesperson,73.0,165.4,26.7
3511,37,Male,Software Engineer,77.7,176.0,25.1
3512,28,Male,Unemployed,55.9,169.3,19.5
3513,33,Female,Software Engineer,61.6,158.3,24.6
3514,48,Female,Healthcare Worker,69.6,166.5,25.1
3515,23,Female,Healthcare Worker,69.1,157.4,27.9
3516,36,Male,Student,60.7,175.6,19.7
3517,54,Female,Salesperson,41.0,160.1,16.0
3518,21,Female,Software Engineer,68.9,165.0,25.3
3519,21,Male,Healthcare Worker,74.5,169.0,26.1
3520,37,Male,Software Engineer,72.7,175.2,23.7
3521,27,Female,Salesperson,64.9,162.4,24.6
3522,41,Female,Software Engineer,80.7,168.3,28.5
3523,52,Female,Student,63.0,167.7,22.4
3524,43,Female,Student,59.4,160.0,23.2
3525,54,Female,Software Engineer,62.9,158.9,24.9
3526,55,Female,Salesperson,49.0,160.6,19.0
3527,38,Male,Manager,74.4,176.8,23.8
3528,57,Male,Manager,82.1,184.2,24.2
3529,56,Male,Student,102.2,179.0,31.9
3530,38,Female,Software Engineer,58.9,159.4,23.2
3531,27,Female,Student,70.2,166.2,25.4
3532,55,Female,Salesperson,75.9,162.9,28.6
3533,21,Male,Unemployed,67.3,180.3,20.7
3534,37,Female,Software Engineer,74.9,156.2,30.7
3535,34,Male,Student,87.2,164.1,32.4
3536,24,Male,Student,80.8,182.0,24.4
3537,21,Female,Manager,61.5,166.8,22.1
3538,46,Female,Manager,91.8,169.9,31.8
3539,31,Non-binary,Salesperson,80.4,169.1,28.1
3540,20,Male,Student,70.3,168.0,24.9
3541,41,Female,Salesperson,80.3,161.2,30.9
3542,54,Male,Manager,94.6,176.4,30.4
3543,33,Male,Software Engineer,82.9,189.8,23.0
3544,21,Female,Teacher,76.4,172.8,25.6
3545,41,Female,Student,70.6,161.4,27.1
3546,51,Female,Software Engineer,71.2,170.1,24.6
3547,47,Male,Healthcare Worker,52.8,170.4,18.2
3548,35,Female,Software Engineer,56.2,166.4,20.3
3549,36,Male,Salesperson,59.0,179.0,18.4
3550,48,Female,Teacher,75.0,167.6,26.7
3551,36,Male,Student,60.1,176.9,19.2
3552,36,Male,Teacher,74.1,170.8,25.4
3553,39,Female,Teacher,76.6,153.1,32.7
3554,41,Female,Software Engineer,81.1,162.0,30.9
3555,29,Male,Student,48.7,173.4,16.2
3556,47,Male,Software Engineer,56.9,174.4,18.7
3557,55,Female,Student,49.3,153.2,21.0
3558,48,Male,Student,60.1,176.9,19.2
3559,53,Male,Software Engineer,46.6,165.0,17.1
3560,36,Male,Software Engineer,82.9,184.0,24.5
3561,53,Male,Healthcare Worker,85.6,175.8,27.7
3562,47,Female,Software Engineer,75.1,161.5,28.8
3563,50,Female,Salesperson,58.6,161.7,22.4
3564,35,Female,Teacher,57.1,156.5,23.3
3565,45,Non-binary,Manager,72.8,167.0,26.1
3566,28,Male,Student,76.7,178.8,24.0
3567,50,Male,Healthcare Worker,91.0,180.0,28.1
3568,34,Male,Teacher,89.9,184.5,26.4
3569,23,Male,Salesperson,74.9,181.2,22.8
3570,21,Male,Software Engineer,48.7,173.9,16.1
3571,37,Female,Student,80.3,160.4,31.2
3572,44,Female,Manager,54.4,159.5,21.4
3573,32,Male,Student,78.4,173.3,26.1
3574,23,Female,Software Engineer,44.6,166.9,16.0
3575,31,Female,Student,65.9,164.4,24.4
3576,28,Female,Manager,65.0,161.3,25.0
3577,56,Female,Unemployed,65.4,161.1,25.2
3578,26,Female,Software Engineer,107.0,167.6,38.1
3579,43,Female,Salesperson,58.9,164.8,21.7
3580,33,Female,Teacher,74.4,162.4,28.2
3581,22,Female,Software Engineer,70.4,161.8,26.9
3582,27,Male,Healthcare Worker,62.6,171.0,21.4
3583,20,Male,Healthcare Worker,83.1,172.0,28.1
3584,30,Female,Salesperson,66.3,166.9,23.8
3585,47,Male,Student,96.0,183.9,28.4
3586,23,Male,Teacher,99.0,172.4,33.3
3587,34,Female,Student,69.2,165.7,25.2
3588,36,Male,Software Engineer,75.1,179.9,23.2
3589,59,Female,Software Engineer,68.0,152.6,29.2
3590,52,Female,Salesperson,81.2,162.4,30.8
3591,43,Female,Healthcare Worker,47.2,151.8,20.5
3592,22,Male,Software Engineer,72.1,179.0,22.5
3593,46,Male,Student,88.6,179.5,27.5
3594,54,Female,Healthcare Worker,61.8,160.8,23.9
3595,37,Female,Student,58.2,169.7,20.2
3596,38,Non-binary,Manager,80.9,173.4,26.9
3597,27,Male,Student,87.2,178.1,27.5
3598,22,Male,Software Engineer,75.6,181.3,23.0
3599,53,Female,Unemployed,59.6,155.0,24.8
3600,23,Male,Student,71.3,180.4,21.9
3601,43,Female,Software Engineer,53.4,165.1,19.6
3602,21,Male,Software Engineer,66.3,172.4,22.3
3603,56,Male,Healthcare Worker,58.4,153.4,24.8
3604,56,Male,Healthcare Worker,56.6,177.8,17.9
3605,52,Male,Student,65.7,170.5,22.6
3606,18,Female,Student,58.4,153.1,24.9
3607,41,Female,Manager,80.1,163.7,29.9
3608,53,Male,Software Engineer,77.3,182.9,23.1
3609,23,Female,Manager,48.2,159.7,18.9
3610,58,Male,Student,78.4,182.3,23.6
3611,48,Female,Student,54.6,157.5,22.0
3612,37,Male,Manager,87.8,180.3,27.0
3613,41,Female,Student,63.8,166.6,23.0
3614,42,Female,Healthcare Worker,41.9,161.9,16.0
3615,53,Female,Student,102.7,160.2,40.0
3616,38,Female,Student,69.5,166.4,25.1
3617,47,Female,Unemployed,74.8,173.3,24.9
3618,41,Female,Software Engineer,47.2,163.8,17.6
3619,59,Female,Manager,45.2,158.9,17.9
3620,47,Female,Student,62.4,160.9,24.1
3621,39,Female,Manager,81.5,177.1,26.0
3622,45,Male,Salesperson,88.3,178.5,27.7
3623,24,Female,Software Engineer,64.2,158.4,25.6
3624,52,Male,Salesperson,59.6,176.2,19.2
3625,45,Female,Manager,36.5,151.0,16.0
3626,31,Male,Software Engineer,71.3,172.4,24.0
3627,27,Female,Teacher,60.8,165.9,22.1
3628,33,Male,Teacher,54.6,170.4,18.8
3629,33,Male,Student,90.6,179.2,28.2
3630,48,Female,Software Engineer,41.8,155.0,17.4
3631,59,Female,Software Engineer,72.4,162.8,27.3
3632,42,Male,Software Engineer,46.8,160.4,18.2
3633,30,Male,Salesperson,75.0,172.9,25.1
3634,23,Female,Software Engineer,85.0,172.1,28.7
3635,26,Female,Healthcare Worker,56.7,157.0,23.0
3636,53,Male,Student,90.9,168.3,32.1
3637,37,Male,Software Engineer,102.2,175.7,33.1
3638,35,Male,Salesperson,77.5,174.0,25.6
3639,38,Female,Teacher,69.6,160.9,26.9
3640,21,Male,Teacher,93.4,178.5,29.3
3641,50,Male,Student,70.7,162.1,26.9
3642,44,Male,Software Engineer,73.1,166.1,26.5
3643,24,Male,Student,68.0,175.4,22.1
3644,23,Female,Unemployed,46.6,166.0,16.9
3645,32,Male,Software Engineer,43.3,154.2,18.2
3646,35,Male,Healthcare Worker,119.7,184.4,35.2
3647,49,Male,Manager,84.2,180.0,26.0
3648,28,Male,Software Engineer,74.6,178.6,23.4
3649,37,Male,Teacher,88.0,170.7,30.2
3650,41,Female,Salesperson,52.3,157.5,21.1
3651,32,Female,Healthcare Worker,65.0,154.9,27.1
3652,24,Female,Student,65.7,162.8,24.8
3653,38,Female,Software Engineer,81.7,175.3,26.6
3654,59,Female,Software Engineer,52.1,150.5,23.0
3655,43,Male,Student,54.3,164.0,20.2
3656,31,Female,Teacher,56.6,164.9,20.8
3657,54,Female,Healthcare Worker,55.2,162.2,21.0
3658,38,Female,Software Engineer,66.1,164.3,24.5
3659,35,Female,Salesperson,43.5,157.7,17.5
3660,22,Male,Manager,61.3,180.1,18.9
3661,20,Female,Software Engineer,65.1,161.1,25.1
3662,40,Female,Student,57.6,155.2,23.9
3663,43,Non-binary,Manager,66.9,162.3,25.4
3664,54,Male,Healthcare Worker,74.8,175.4,24.3
3665,41,Male,Manager,126.1,187.7,35.8
3666,36,Male,Student,85.3,184.4,25.1
3667,42,Female,Student,52.1,151.1,22.8
3668,38,Male,Student,81.5,180.6,25.0
3669,29,Male,Teacher,94.2,179.9,29.1
3670,58,Non-binary,Salesperson,73.5,173.9,24.3
3671,50,Male,Student,81.5,171.8,27.6
3672,21,Female,Salesperson,69.3,162.3,26.3
3673,59,Male,Teacher,71.5,175.5,23.2
3674,24,Female,Manager,59.4,154.1,25.0
3675,39,Female,Unemployed,84.0,162.8,31.7
3676,50,Female,Student,74.6,170.7,25.6
3677,34,Female,Healthcare Worker,51.3,159.7,20.1
3678,41,Male,Student,71.6,176.0,23.1
3679,51,Male,Software Engineer,50.4,177.5,16.0
3680,45,Male,Healthcare Worker,69.5,166.4,25.1
3681,58,Female,Healthcare Worker,70.8,152.6,30.4
3682,56,Female,Teacher,48.9,162.6,18.5
3683,39,Male,Teacher,86.3,185.1,25.2
3684,34,Female,Manager,75.7,161.8,28.9
3685,51,Male,Salesperson,94.4,179.2,29.4
3686,23,Female,Student,81.8,164.3,30.3
3687,23,Female,Salesperson,41.6,160.8,16.1
3688,51,Male,Software Engineer,91.4,184.7,26.8
3689,18,Female,Software Engineer,40.8,151.9,17.7
3690,27,Male,Software Engineer,68.3,184.8,20.0
3691,38,Female,Teacher,70.0,157.6,28.2
3692,22,Female,Healthcare Worker,61.8,156.6,25.2
3693,19,Male,Teacher,80.2,169.8,27.8
3694,39,Male,Unemployed,53.6,162.5,20.3
3695,19,Male,Student,104.3,183.1,31.1
3696,27,Female,Salesperson,71.4,160.8,27.6
3697,51,Female,Salesperson,68.3,154.8,28.5
3698,33,Male,Manager,61.8,177.6,19.6
3699,56,Female,Manager,80.8,164.7,29.8
3700,39,Female,Teacher,60.8,162.3,23.1
3701,29,Male,Healthcare Worker,75.6,186.7,21.7
3702,41,Male,Salesperson,84.4,175.8,27.3
3703,57,Female,Student,75.0,166.4,27.1
3704,55,Female,Salesperson,57.8,167.1,20.7
3705,27,Male,Software Engineer,91.4,164.4,33.8
3706,52,Male,Student,90.0,165.9,32.7
3707,49,Male,Healthcare Worker,92.1,184.0,27.2
3708,24,Female,Software Engineer,73.4,166.7,26.4
3709,38,Male,Salesperson,79.8,175.2,26.0
3710,37,Male,Student,45.2,160.7,17.5
3711,43,Female,Student,66.4,163.0,25.0
3712,21,Female,Software Engineer,65.3,161.9,24.9
3713,39,Male,Student,69.1,177.6,21.9
3714,32,Male,Salesperson,81.0,187.3,23.1
3715,57,Female,Student,39.9,157.9,16.0
3716,38,Male,Software Engineer,58.9,173.4,19.6
3717,32,Male,Student,90.9,178.3,28.6
3718,39,Female,Student,83.0,160.3,32.3
3719,45,Male,Salesperson,72.8,189.4,20.3
3720,31,Female,Student,68.8,164.9,25.3
3721,44,Female,Manager,80.0,165.0,29.4
3722,58,Male,Healthcare Worker,69.1,176.4,22.2
3723,57,Male,Manager,94.2,185.1,27.5
3724,45,Female,Salesperson,55.3,150.9,24.3
3725,43,Female,Student,74.5,157.8,29.9
3726,19,Female,Student,48.5,161.0,18.7
3727,42,Female,Healthcare Worker,46.8,155.0,19.5
3728,20,Male,Manager,75.8,171.4,25.8
3729,25,Female,Manager,63.9,160.2,24.9
3730,50,Male,Manager,83.5,185.8,24.2
3731,59,Male,Software Engineer,83.2,175.2,27.1
3732,52,Male,Student,70.0,185.7,20.3
3733,23,Male,Salesperson,64.3,187.5,18.3
3734,56,Female,Manager,61.0,165.8,22.2
3735,40,Male,Software Engineer,84.3,192.3,22.8
3736,42,Male,Healthcare Worker,70.9,174.8,23.2
3737,36,Male,Software Engineer,90.9,173.5,30.2
3738,22,Female,Student,73.8,162.4,28.0
3739,28,Female,Healthcare Worker,65.4,155.9,26.9
3740,29,Male,Salesperson,78.6,175.6,25.5
3741,27,Male,Teacher,76.9,184.9,22.5
3742,25,Male,Student,63.5,175.1,20.7
3743,41,Female,Student,50.6,162.8,19.1
3744,45,Female,Manager,59.1,166.2,21.4
3745,58,Female,Software Engineer,62.1,159.8,24.3
3746,53,Female,Salesperson,52.2,164.4,19.3
3747,54,Male,Healthcare Worker,81.9,179.9,25.3
3748,38,Female,Salesperson,66.3,167.6,23.6
3749,25,Female,Software Engineer,58.8,160.9,22.7
3750,26,Male,Salesperson,99.0,182.6,29.7
3751,32,Male,Software Engineer,46.4,170.3,16.0
3752,57,Female,Student,59.1,161.0,22.8
3753,35,Female,Student,39.6,157.3,16.0
3754,59,Male,Software Engineer,74.2,170.2,25.6
3755,37,Female,Healthcare Worker,77.5,166.7,27.9
3756,23,Female,Student,44.5,155.5,18.4
3757,29,Male,Student,54.3,169.0,19.0
3758,19,Male,Unemployed,53.0,177.1,16.9
3759,24,Male,Student,80.4,180.0,24.8
3760,33,Female,Salesperson,64.1,167.0,23.0
3761,20,Male,Software Engineer,65.7,168.3,23.2
3762,20,Male,Student,72.2,178.0,22.8
3763,44,Female,Healthcare Worker,46.7,152.4,20.1
3764,57,Female,Student,85.4,169.9,29.6
3765,55,Male,Teacher,73.0,168.5,25.7
3766,50,Male,Student,55.3,169.7,19.2
3767,45,Male,Student,68.0,178.7,21.3
3768,18,Female,Student,59.5,169.9,20.6
3769,25,Female,Student,94.5,175.2,30.8
3770,54,Male,Student,87.3,177.5,27.7
3771,49,Female,Salesperson,57.8,155.5,23.9
3772,54,Female,Software Engineer,89.4,166.6,32.2
3773,21,Female,Software Engineer,84.5,165.1,31.0
3774,47,Female,Software Engineer,65.3,166.7,23.5
3775,23,Male,Healthcare Worker,74.0,180.6,22.7
3776,36,Male,Healthcare Worker,66.9,170.9,22.9
3777,49,Female,Manager,53.5,162.7,20.2
3778,26,Female,Healthcare Worker,77.3,154.7,32.3
3779,29,Female,Software Engineer,51.5,160.5,20.0
3780,28,Male,Software Engineer,92.7,180.7,28.4
3781,33,Female,Manager,81.2,171.5,27.6
3782,18,Female,Manager,57.7,158.0,23.1
3783,38,Male,Software Engineer,109.8,183.5,32.6
3784,47,Male,Software Engineer,50.8,170.3,17.5
3785,30,Female,Unemployed,60.4,158.3,24.1
3786,51,Female,Salesperson,50.5,150.5,22.3
3787,21,Female,Software Engineer,79.0,165.6,28.8
3788,45,Female,Salesperson,75.3,169.8,26.1
3789,55,Male,Student,53.4,178.9,16.7
3790,48,Male,Student,95.0,177.7,30.1
3791,44,Female,Software Engineer,74.3,166.8,26.7
3792,22,Female,Software Engineer,45.8,152.1,19.8
3793,42,Female,Student,65.6,169.3,22.9
3794,20,Female,Salesperson,45.9,156.6,18.7
3795,50,Male,Software Engineer,81.6,185.6,23.7
3796,21,Female,Teacher,67.4,163.5,25.2
3797,42,Male,Student,76.4,182.2,23.0
3798,37,Male,Student,73.5,180.8,22.5
3799,51,Male,Healthcare Worker,55.7,179.9,17.2
3800,43,Male,Manager,86.9,182.8,26.0
3801,22,Male,Unemployed,48.7,174.4,16.0
3802,52,Male,Unemployed,64.5,161.9,24.6
3803,45,Male,Software Engineer,49.9,174.5,16.4
3804,46,Male,Student,69.8,168.1,24.7
3805,26,Female,Healthcare Worker,69.1,167.9,24.5
3806,55,Male,Unemployed,72.7,166.3,26.3
3807,23,Male,Manager,83.7,171.7,28.4
3808,36,Female,Salesperson,72.8,157.9,29.2
3809,28,Female,Salesperson,46.4,163.8,17.3
3810,19,Female,Software Engineer,65.6,164.6,24.2
3811,26,Male,Teacher,121.6,190.5,33.5
3812,38,Female,Salesperson,71.2,168.8,25.0
3813,41,Male,Manager,62.7,173.6,20.8
3814,51,Male,Student,73.5,174.6,24.1
3815,39,Male,Software Engineer,67.5,172.1,22.8
3816,20,Female,Student,50.2,161.7,19.2
3817,29,Male,Student,86.7,174.7,28.4
3818,45,Male,Healthcare Worker,77.5,169.1,27.1
3819,47,Male,Student,64.6,186.8,18.5
3820,43,Female,Student,58.0,155.2,24.1
3821,38,Female,Software Engineer,56.5,160.2,22.0
3822,45,Male,Manager,52.6,174.3,17.3
3823,43,Female,Teacher,48.7,164.0,18.1
3824,50,Female,Student,50.6,164.0,18.8
3825,38,Female,Student,58.1,154.9,24.2
3826,52,Male,Student,67.3,173.3,22.4
3827,51,Female,Teacher,56.7,167.6,20.2
3828,58,Male,Student,63.3,167.0,22.7
3829,35,Female,Healthcare Worker,70.5,159.0,27.9
3830,28,Male,Software Engineer,68.9,162.5,26.1
3831,40,Male,Student,82.3,168.5,29.0
3832,39,Male,Salesperson,72.5,175.7,23.5
3833,34,Female,Software Engineer,83.5,162.3,31.7
3834,22,Male,Manager,67.7,161.1,26.1
3835,28,Female,Student,56.3,158.9,22.3
3836,47,Male,Teacher,79.7,178.9,24.9
3837,32,Female,Salesperson,45.7,155.5,18.9
3838,44,Female,Healthcare Worker,62.8,164.9,23.1
3839,52,Female,Student,65.9,158.0,26.4
3840,50,Female,Software Engineer,76.9,167.8,27.3
3841,37,Female,Software Engineer,58.6,160.7,22.7
3842,33,Male,Healthcare Worker,114.3,176.2,36.8
3843,51,Female,Healthcare Worker,61.1,160.6,23.7
3844,19,Male,Student,48.7,169.8,16.9
3845,52,Female,Student,84.8,168.1,30.0
3846,57,Female,Software Engineer,69.5,159.8,27.2
3847,45,Male,Student,73.9,170.2,25.5
3848,56,Male,Software Engineer,74.8,182.7,22.4
3849,23,Male,Student,66.0,158.4,26.3
3850,26,Female,Manager,94.1,172.0,31.8
3851,37,Female,Healthcare Worker,73.1,169.6,25.4
3852,18,Female,Unemployed,44.0,156.7,17.9
3853,25,Female,Software Engineer,45.1,167.9,16.0
3854,40,Female,Teacher,76.8,171.2,26.2
3855,20,Male,Healthcare Worker,66.1,181.3,20.1
3856,21,Male,Student,75.1,176.5,24.1
3857,42,Female,Manager,58.8,167.8,20.9
3858,55,Female,Software Engineer,52.6,160.2,20.5
3859,32,Female,Student,52.0,157.0,21.1
3860,38,Male,Software Engineer,69.8,180.2,21.5
3861,52,Male,Student,96.2,185.4,28.0
3862,31,Male,Manager,66.6,156.8,27.1
3863,53,Male,Student,59.0,175.8,19.1
3864,29,Male,Software Engineer,52.2,162.8,19.7
3865,34,Female,Student,62.6,154.6,26.2
3866,56,Male,Healthcare Worker,86.1,171.7,29.2
3867,26,Female,Software Engineer,73.8,159.0,29.2
3868,52,Male,Teacher,61.1,174.8,20.0
3869,30,Female,Teacher,85.6,171.8,29.0
3870,32,Male,Software Engineer,46.8,168.5,16.5
3871,35,Male,Student,81.7,186.1,23.6
3872,50,Male,Salesperson,88.1,181.7,26.7
3873,23,Female,Student,43.3,164.6,16.0
3874,44,Female,Student,90.3,163.2,33.9
3875,40,Male,Manager,95.6,177.0,30.5
3876,44,Male,Student,82.1,173.1,27.4
3877,51,Female,Software Engineer,61.0,173.8,20.2
3878,55,Male,Software Engineer,68.1,167.7,24.2
3879,31,Male,Software Engineer,86.6,175.6,28.1
3880,53,Female,Manager,52.8,164.9,19.4
3881,25,Female,Manager,60.7,160.0,23.7
3882,52,Male,Manager,88.8,176.2,28.6
3883,36,Male,Manager,55.8,177.0,17.8
3884,47,Female,Student,65.5,158.7,26.0
3885,31,Male,Software Engineer,50.7,174.7,16.6
3886,37,Male,Software Engineer,66.0,180.3,20.3
3887,42,Female,Software Engineer,61.5,166.5,22.2
3888,57,Female,Unemployed,65.4,156.2,26.8
3889,41,Male,Salesperson,71.4,183.1,21.3
3890,31,Non-binary,Student,73.9,171.6,25.1
3891,43,Female,Student,47.6,149.1,21.4
3892,55,Male,Student,60.8,165.8,22.1
3893,40,Non-binary,Student,86.6,169.6,30.1
3894,39,Male,Student,60.4,176.9,19.3
3895,36,Male,Teacher,85.6,175.2,27.9
3896,20,Female,Healthcare Worker,61.9,159.0,24.5
3897,59,Male,Salesperson,60.7,166.5,21.9
3898,36,Male,Student,66.0,186.4,19.0
3899,26,Male,Software Engineer,63.4,181.3,19.3
3900,45,Male,Teacher,64.6,174.5,21.2
3901,37,Female,Salesperson,58.0,156.1,23.8
3902,24,Female,Salesperson,66.4,156.3,27.2
3903,31,Non-binary,Healthcare Worker,62.2,164.1,23.1
3904,26,Male,Teacher,72.5,175.7,23.5
3905,36,Male,Manager,74.7,176.0,24.1
3906,31,Male,Student,81.6,175.1,26.6
3907,55,Male,Teacher,96.3,187.5,27.4
3908,53,Male,Student,54.4,172.4,18.3
3909,57,Female,Software Engineer,61.9,163.4,23.2
3910,34,Female,Manager,80.6,163.9,30.0
3911,47,Female,Student,42.1,150.4,18.6
3912,26,Male,Student,83.1,183.0,24.8
3913,50,Female,Student,67.7,169.0,23.7
3914,42,Male,Student,66.0,173.6,21.9
3915,31,Male,Student,109.0,185.4,31.7
3916,28,Female,Student,66.8,164.5,24.7
3917,52,Female,Student,78.7,158.6,31.3
3918,58,Male,Student,76.6,176.8,24.5
3919,31,Male,Unemployed,75.2,168.1,26.6
3920,47,Male,Software Engineer,64.9,172.1,21.9
3921,58,Female,Student,51.9,153.6,22.0
3922,21,Male,Teacher,80.8,175.3,26.3
3923,21,Non-binary,Healthcare Worker,67.2,159.5,26.4
3924,45,Male,Manager,93.9,185.8,27.2
3925,25,Male,Student,74.8,169.0,26.2
3926,19,Male,Teacher,57.2,175.8,18.5
3927,58,Female,Manager,54.9,162.1,20.9
3928,39,Male,Salesperson,97.5,185.6,28.3
3929,58,Female,Manager,45.0,167.7,16.0
3930,33,Female,Healthcare Worker,61.4,154.3,25.8
3931,46,Female,Healthcare Worker,66.9,166.9,24.0
3932,47,Female,Teacher,71.2,158.6,28.3
3933,29,Female,Software Engineer,75.0,168.6,26.4
3934,52,Female,Manager,57.8,164.0,21.5
3935,28,Female,Salesperson,55.0,160.7,21.3
3936,38,Male,Student,66.5,173.5,22.1
3937,38,Male,Unemployed,83.8,175.9,27.1
3938,22,Male,Student,48.1,173.3,16.0
3939,37,Male,Software Engineer,63.5,158.8,25.2
3940,54,Male,Healthcare Worker,62.9,175.1,20.5
3941,20,Female,Student,70.2,166.2,25.4
3942,50,Male,Software Engineer,76.7,171.4,26.1
3943,26,Male,Student,47.4,166.9,17.0
3944,26,Female,Software Engineer,56.9,155.6,23.5
3945,21,Male,Student,81.9,180.3,25.2
3946,52,Male,Software Engineer,88.8,188.8,24.9
3947,34,Male,Software Engineer,81.9,184.7,24.0
3948,51,Male,Unemployed,52.1,165.6,19.0
3949,41,Male,Unemployed,64.5,181.0,19.7
3950,49,Female,Student,43.6,154.4,18.3
3951,18,Female,Salesperson,69.1,160.0,27.0
3952,25,Male,Student,70.8,171.8,24.0
3953,40,Male,Student,78.6,179.9,24.3
3954,57,Male,Student,55.5,181.7,16.8
3955,29,Female,Unemployed,59.4,156.3,24.3
3956,29,Male,Healthcare Worker,83.3,174.4,27.4
3957,32,Male,Student,51.4,178.2,16.2
3958,58,Female,Student,57.0,160.6,22.1
3959,36,Male,Student,58.4,183.2,17.4
3960,43,Male,Teacher,62.3,166.0,22.6
3961,46,Male,Teacher,62.5,175.1,20.4
3962,39,Female,Student,67.3,160.3,26.2
3963,57,Female,Salesperson,65.1,160.4,25.3
3964,38,Female,Software Engineer,81.7,164.2,30.3
3965,55,Male,Healthcare Worker,74.2,174.7,24.3
3966,37,Female,Manager,65.0,158.1,26.0
3967,46,Female,Software Engineer,54.5,157.4,22.0
3968,21,Female,Salesperson,48.9,158.3,19.5
3969,24,Male,Salesperson,85.8,174.1,28.3
3970,45,Female,Student,70.0,152.5,30.1
3971,45,Male,Software Engineer,80.3,170.3,27.7
3972,21,Male,Healthcare Worker,85.3,184.3,25.1
3973,39,Female,Student,56.2,167.2,20.1
3974,29,Male,Student,101.2,184.9,29.6
3975,20,Female,Software Engineer,69.8,160.5,27.1
3976,39,Male,Salesperson,87.4,161.3,33.6
3977,19,Female,Salesperson,51.2,162.9,19.3
3978,41,Female,Healthcare Worker,72.3,159.5,28.4
3979,51,Female,Teacher,74.0,165.6,27.0
3980,44,Male,Student,62.5,164.9,23.0
3981,58,Male,Teacher,99.6,180.4,30.6
3982,18,Female,Salesperson,64.2,156.2,26.3
3983,25,Male,Student,66.7,181.3,20.3
3984,40,Female,Student,63.4,162.5,24.0
3985,55,Female,Student,47.7,153.6,20.2
3986,23,Male,Teacher,78.2,186.8,22.4
3987,39,Male,Healthcare Worker,100.0,190.0,27.7
3988,42,Male,Manager,84.7,170.9,29.0
3989,35,Female,Unemployed,58.9,152.0,25.5
3990,34,Male,Student,54.2,160.3,21.1
3991,29,Male,Healthcare Worker,89.0,184.3,26.2
3992,23,Male,Salesperson,84.8,174.7,27.8
3993,43,Female,Software Engineer,39.8,157.8,16.0
3994,44,Male,Unemployed,66.0,162.5,25.0
3995,25,Male,Student,68.0,169.7,23.6
3996,36,Female,Healthcare Worker,76.0,162.4,28.8
3997,59,Female,Healthcare Worker,66.8,159.7,26.2
3998,18,Female,Salesperson,70.9,163.0,26.7
3999,46,Male,Teacher,62.7,167.7,22.3
4000,52,Male,Student,70.4,169.5,24.5
4001,57,Female,Teacher,82.7,169.7,28.7
4002,31,Male,Software Engineer,75.6,176.7,24.2
4003,52,Female,Salesperson,67.5,163.4,25.3
4004,37,Female,Salesperson,44.7,159.4,17.6
4005,30,Male,Healthcare Worker,57.6,154.3,24.2
4006,55,Female,Student,39.3,156.7,16.0
4007,25,Female,Salesperson,58.3,162.0,22.2
4008,37,Male,Healthcare Worker,78.0,177.4,24.8
4009,50,Female,Salesperson,69.5,157.6,28.0
4010,43,Male,Student,64.7,179.9,20.0
4011,56,Male,Student,98.8,194.2,26.2
4012,38,Male,Student,99.6,179.0,31.1
4013,59,Female,Manager,54.4,158.7,21.6
4014,58,Female,Manager,43.5,157.6,17.5
4015,26,Female,Unemployed,64.3,157.9,25.8
4016,41,Male,Software Engineer,67.4,187.8,19.1
4017,54,Female,Software Engineer,54.2,161.4,20.8
4018,58,Male,Manager,89.7,176.8,28.7
4019,34,Female,Salesperson,88.1,163.6,32.9
4020,41,Male,Healthcare Worker,65.4,180.8,20.0
4021,38,Male,Salesperson,73.3,185.9,21.2
4022,56,Male,Software Engineer,69.1,175.3,22.5
4023,58,Female,Manager,57.0,160.9,22.0
4024,56,Male,Healthcare Worker,104.6,177.5,33.2
4025,30,Female,Software Engineer,56.5,159.9,22.1
4026,28,Male,Student,70.3,175.6,22.8
4027,36,Male,Student,98.8,176.3,31.8
4028,28,Male,Student,81.9,173.8,27.1
4029,30,Female,Manager,80.3,166.7,28.9
4030,18,Female,Student,53.7,162.2,20.4
4031,57,Male,Student,62.4,168.1,22.1
4032,36,Male,Student,55.8,167.9,19.8
4033,29,Male,Teacher,84.3,173.2,28.1
4034,25,Female,Software Engineer,87.3,170.6,30.0
4035,25,Male,Manager,67.5,176.0,21.8
4036,29,Female,Student,57.8,158.9,22.9
4037,50,Female,Student,66.9,170.2,23.1
4038,43,Male,Software Engineer,52.2,172.7,17.5
4039,56,Female,Software Engineer,57.4,163.4,21.5
4040,45,Female,Student,81.0,170.1,28.0
4041,22,Female,Student,50.8,157.0,20.6
4042,25,Male,Healthcare Worker,77.7,176.6,24.9
4043,42,Male,Manager,63.1,184.2,18.6
4044,44,Male,Student,69.9,171.0,23.9
4045,40,Male,Student,69.5,177.8,22.0
4046,47,Male,Unemployed,57.9,174.5,19.0
4047,40,Male,Manager,89.0,178.0,28.1
4048,37,Female,Software Engineer,66.7,153.5,28.3
4049,35,Male,Manager,62.1,175.8,20.1
4050,35,Male,Salesperson,78.5,182.8,23.5
4051,19,Male,Salesperson,70.0,168.4,24.7
4052,21,Female,Software Engineer,38.5,153.6,16.3
4053,47,Female,Software Engineer,52.5,169.9,18.2
4054,50,Male,Student,84.3,166.8,30.3
4055,53,Male,Healthcare Worker,63.3,179.2,19.7
4056,35,Female,Manager,73.3,155.8,30.2
4057,54,Male,Student,55.0,172.9,18.4
4058,36,Male,Healthcare Worker,88.4,179.3,27.5
4059,45,Male,Healthcare Worker,73.1,177.9,23.1
4060,57,Male,Unemployed,70.4,172.3,23.7
4061,37,Male,Healthcare Worker,102.3,176.3,32.9
4062,50,Female,Unemployed,49.3,161.5,18.9
4063,29,Female,Student,72.8,163.6,27.2
4064,32,Male,Salesperson,81.3,173.5,27.0
4065,58,Female,Salesperson,101.4,160.0,39.6
4066,56,Male,Student,64.3,180.7,19.7
4067,19,Male,Student,80.3,192.4,21.7
4068,46,Female,Unemployed,82.3,170.8,28.2
4069,58,Female,Student,64.5,165.3,23.6
4070,27,Male,Healthcare Worker,61.5,165.7,22.4
4071,19,Male,Student,82.5,169.3,28.8
4072,28,Female,Student,62.0,163.1,23.3
4073,30,Female,Software Engineer,48.0,153.0,20.5
4074,27,Female,Student,71.5,160.4,27.8
4075,31,Male,Manager,72.5,166.3,26.2
4076,35,Male,Teacher,64.9,167.6,23.1
4077,26,Male,Student,68.2,172.6,22.9
4078,56,Male,Student,62.2,174.6,20.4
4079,45,Female,Software Engineer,74.7,163.9,27.8
4080,20,Male,Student,72.7,178.2,22.9
4081,37,Male,Salesperson,62.2,172.1,21.0
4082,23,Female,Software Engineer,53.4,169.0,18.7
4083,44,Female,Student,64.6,156.7,26.3
4084,19,Male,Software Engineer,63.1,168.6,22.2
4085,46,Female,Student,41.4,160.9,16.0
4086,55,Female,Student,52.0,165.0,19.1
4087,20,Female,Student,57.6,156.9,23.4
4088,33,Male,Healthcare Worker,81.9,186.3,23.6
4089,47,Female,Healthcare Worker,62.2,163.0,23.4
4090,57,Female,Salesperson,60.9,163.4,22.8
4091,19,Male,Software Engineer,58.1,180.2,17.9
4092,34,Male,Student,70.8,185.4,20.6
4093,58,Female,Teacher,91.5,175.2,29.8
4094,29,Male,Salesperson,93.0,178.5,29.2
4095,52,Female,Unemployed,67.8,158.2,27.1
4096,18,Male,Student,70.9,163.0,26.7
4097,32,Male,Student,83.9,171.3,28.6
4098,43,Male,Manager,55.4,168.6,19.5
4099,54,Female,Salesperson,69.8,168.4,24.6
4100,38,Male,Salesperson,57.9,172.3,19.5
4101,48,Female,Manager,51.4,162.4,19.5
4102,42,Female,Unemployed,74.7,168.8,26.2
4103,40,Female,Teacher,82.8,169.6,28.8
4104,41,Female,Healthcare Worker,55.8,153.7,23.6
4105,55,Female,Unemployed,78.7,157.1,31.9
4106,45,Male,Salesperson,73.3,169.6,25.5
4107,38,Female,Software Engineer,55.5,162.6,21.0
4108,35,Female,Student,50.6,160.6,19.6
4109,53,Male,Teacher,86.9,172.8,29.1
4110,52,Male,Software Engineer,76.6,174.7,25.1
4111,26,Female,Healthcare Worker,81.6,172.3,27.5
4112,55,Male,Student,45.3,168.3,16.0
4113,47,Female,Student,63.0,156.9,25.6
4114,51,Male,Salesperson,63.5,169.1,22.2
4115,49,Male,Student,52.2,169.3,18.2
4116,20,Female,Software Engineer,66.0,165.1,24.2
4117,20,Male,Software Engineer,89.5,174.5,29.4
4118,45,Male,Manager,114.4,181.6,34.7
4119,32,Female,Student,64.9,159.2,25.6
4120,58,Male,Healthcare Worker,61.5,169.9,21.3
4121,40,Female,Software Engineer,65.1,176.1,21.0
4122,57,Female,Healthcare Worker,72.4,158.5,28.8
4123,28,Female,Software Engineer,53.1,162.9,20.0
4124,49,Male,Student,78.8,169.9,27.3
4125,53,Male,Student,73.6,168.9,25.8
4126,50,Female,Student,62.6,157.3,25.3
4127,41,Female,Teacher,49.3,168.3,17.4
4128,56,Female,Student,60.8,162.9,22.9
4129,51,Female,Software Engineer,43.8,156.4,17.9
4130,45,Male,Teacher,62.1,168.4,21.9
4131,54,Male,Student,80.8,168.1,28.6
4132,24,Male,Student,85.3,168.6,30.0
4133,21,Male,Salesperson,77.4,174.2,25.5
4134,54,Male,Healthcare Worker,65.9,173.5,21.9
4135,18,Female,Student,87.7,166.6,31.6
4136,18,Male,Student,68.5,176.9,21.9
4137,37,Male,Unemployed,70.6,190.8,19.4
4138,36,Male,Student,81.2,171.5,27.6
4139,46,Female,Unemployed,76.3,169.4,26.6
4140,27,Female,Student,63.0,168.8,22.1
4141,35,Female,Healthcare Worker,63.5,159.4,25.0
4142,45,Female,Software Engineer,63.1,154.3,26.5
4143,52,Male,Healthcare Worker,73.4,170.0,25.4
4144,48,Female,Software Engineer,67.4,159.2,26.6
4145,44,Male,Manager,69.9,177.4,22.2
4146,28,Male,Student,78.4,170.7,26.9
4147,55,Female,Student,61.0,157.5,24.6
4148,22,Female,Salesperson,63.7,168.6,22.4
4149,25,Male,Teacher,79.7,184.6,23.4
4150,51,Male,Healthcare Worker,66.5,166.1,24.1
4151,29,Female,Software Engineer,41.4,151.7,18.0
4152,55,Male,Healthcare Worker,63.2,171.1,21.6
4153,18,Male,Software Engineer,75.9,174.9,24.8
4154,48,Male,Unemployed,55.1,173.1,18.4
4155,21,Male,Unemployed,58.8,164.6,21.7
4156,22,Female,Software Engineer,77.0,147.9,35.2
4157,47,Male,Healthcare Worker,58.9,174.3,19.4
4158,41,Male,Salesperson,66.4,170.6,22.8
4159,20,Female,Student,60.0,170.2,20.7
4160,28,Female,Manager,58.9,156.7,24.0
4161,21,Male,Student,63.3,174.5,20.8
4162,43,Male,Salesperson,73.0,176.6,23.4
4163,44,Male,Student,54.5,159.9,21.3
4164,44,Female,Student,75.3,160.6,29.2
4165,59,Female,Software Engineer,67.6,164.8,24.9
4166,23,Female,Teacher,56.9,168.6,20.0
4167,32,Female,Healthcare Worker,70.7,158.1,28.3
4168,47,Female,Unemployed,54.0,163.5,20.2
4169,59,Female,Software Engineer,39.7,150.7,17.5
4170,54,Female,Student,67.7,166.2,24.5
4171,54,Male,Salesperson,110.8,183.0,33.1
4172,59,Non-binary,Teacher,50.4,175.8,16.3
4173,54,Male,Software Engineer,53.2,169.5,18.5
4174,52,Male,Software Engineer,82.3,171.7,27.9
4175,40,Female,Teacher,56.8,162.2,21.6
4176,23,Male,Software Engineer,80.4,171.6,27.3
4177,21,Female,Salesperson,52.8,159.7,20.7
4178,35,Female,Teacher,63.8,159.4,25.1
4179,26,Male,Healthcare Worker,103.6,178.8,32.4
4180,46,Female,Teacher,50.3,162.3,19.1
4181,30,Male,Student,83.6,169.5,29.1
4182,34,Male,Healthcare Worker,78.7,168.9,27.6
4183,49,Female,Teacher,52.3,171.4,17.8
4184,39,Female,Student,68.7,159.5,27.0
4185,21,Female,Manager,59.3,154.6,24.8
4186,22,Male,Software Engineer,72.6,170.7,24.9
4187,54,Female,Salesperson,64.7,157.7,26.0
4188,58,Male,Software Engineer,68.7,173.2,22.9
4189,30,Female,Salesperson,65.7,162.8,24.8
4190,51,Male,Student,70.1,165.5,25.6
4191,39,Female,Software Engineer,69.9,158.3,27.9
4192,40,Male,Unemployed,45.7,161.1,17.6
4193,20,Male,Salesperson,98.1,179.9,30.3
4194,59,Male,Student,62.6,180.1,19.3
4195,51,Female,Student,76.9,166.0,27.9
4196,49,Female,Software Engineer,56.3,150.4,24.9
4197,38,Female,Manager,45.6,156.1,18.7
4198,38,Male,Salesperson,86.1,178.9,26.9
4199,28,Female,Salesperson,51.1,159.1,20.2
4200,56,Male,Teacher,83.6,168.9,29.3
4201,21,Female,Salesperson,56.4,162.7,21.3
4202,18,Male,Software Engineer,56.0,177.4,17.8
4203,45,Female,Student,89.2,168.5,31.4
4204,41,Female,Teacher,61.9,156.4,25.3
4205,52,Female,Unemployed,68.1,154.8,28.4
4206,30,Female,Salesperson,65.7,178.2,20.7
4207,51,Female,Teacher,45.4,168.4,16.0
4208,28,Female,Manager,87.6,165.5,32.0
4209,53,Male,Healthcare Worker,68.4,167.1,24.5
4210,34,Female,Software Engineer,71.5,163.6,26.7
4211,52,Male,Software Engineer,89.2,180.1,27.5
4212,35,Female,Unemployed,61.0,162.9,23.0
4213,57,Male,Healthcare Worker,76.9,173.7,25.5
4214,39,Male,Software Engineer,95.2,173.3,31.7
4215,41,Male,Software Engineer,81.9,183.2,24.4
4216,36,Male,Software Engineer,84.5,171.6,28.7
4217,54,Female,Student,41.6,161.2,16.0
4218,56,Male,Unemployed,88.2,172.6,29.6
4219,38,Female,Software Engineer,40.7,151.6,17.7
4220,25,Male,Healthcare Worker,94.2,180.2,29.0
4221,45,Female,Student,61.3,152.7,26.3
4222,22,Female,Teacher,57.7,154.7,24.1
4223,34,Female,Student,59.4,157.0,24.1
4224,54,Female,Salesperson,62.9,163.9,23.4
4225,53,Male,Teacher,64.3,175.8,20.8
4226,36,Female,Manager,58.8,157.9,23.6
4227,44,Male,Student,96.7,167.7,34.4
4228,51,Male,Student,94.6,176.4,30.4
4229,28,Female,Student,52.9,160.3,20.6
4230,29,Male,Student,82.0,178.6,25.7
4231,38,Female,Manager,66.6,163.6,24.9
4232,28,Female,Teacher,63.7,163.2,23.9
4233,56,Male,Manager,55.0,165.9,20.0
4234,45,Male,Teacher,90.9,185.2,26.5
4235,22,Male,Student,95.3,183.5,28.3
4236,34,Female,Student,57.5,166.6,20.7
4237,37,Female,Student,81.0,156.0,33.3
4238,58,Male,Salesperson,89.3,168.9,31.3
4239,29,Male,Manager,92.8,185.4,27.0
4240,23,Female,Student,54.4,169.2,19.0
4241,34,Female,Student,77.4,171.5,26.3
4242,36,Male,Healthcare Worker,76.0,171.6,25.8
4243,43,Male,Salesperson,83.3,176.3,26.8
4244,49,Female,Manager,74.0,152.8,31.7
4245,23,Male,Software Engineer,71.5,173.7,23.7
4246,53,Male,Student,98.2,170.7,33.7
4247,55,Female,Unemployed,65.7,158.0,26.3
4248,28,Female,Salesperson,65.1,167.5,23.2
4249,50,Male,Software Engineer,112.0,178.1,35.3
4250,41,Male,Salesperson,85.2,173.8,28.2
4251,40,Male,Salesperson,58.5,161.3,22.5
4252,32,Male,Student,70.8,168.6,24.9
4253,44,Female,Software Engineer,76.1,166.7,27.4
4254,28,Male,Student,74.0,176.3,23.8
4255,34,Female,Student,63.6,159.2,25.1
4256,31,Female,Salesperson,56.2,164.4,20.8
4257,44,Male,Student,47.2,167.1,16.9
4258,35,Male,Salesperson,75.2,173.4,25.0
4259,45,Female,Unemployed,70.3,167.4,25.1
4260,21,Female,Student,83.7,176.4,26.9
4261,24,Female,Software Engineer,59.6,164.9,21.9
4262,52,Male,Salesperson,55.8,173.7,18.5
4263,26,Female,Salesperson,51.2,159.2,20.2
4264,25,Female,Salesperson,80.0,165.2,29.3
4265,34,Female,Software Engineer,54.8,159.7,21.5
4266,34,Male,Software Engineer,69.9,176.2,22.5
4267,50,Female,Teacher,61.4,163.0,23.1
4268,49,Female,Unemployed,55.5,159.9,21.7
4269,25,Male,Software Engineer,59.5,166.8,21.4
4270,36,Male,Healthcare Worker,62.4,174.1,20.6
4271,55,Male,Student,88.2,169.2,30.8
4272,20,Male,Unemployed,88.6,179.2,27.6
4273,22,Male,Manager,91.1,174.0,30.1
4274,30,Female,Software Engineer,83.5,164.1,31.0
4275,48,Male,Manager,53.6,183.1,16.0
4276,33,Male,Student,78.6,173.9,26.0
4277,49,Female,Student,59.8,165.2,21.9
4278,39,Male,Student,87.5,172.2,29.5
4279,46,Male,Student,65.1,175.2,21.2
4280,39,Female,Software Engineer,43.5,148.3,19.8
4281,20,Female,Salesperson,50.0,166.7,18.0
4282,27,Female,Manager,63.9,166.3,23.1
4283,59,Female,Student,78.1,165.2,28.6
4284,38,Male,Healthcare Worker,84.7,181.5,25.7
4285,33,Female,Manager,52.2,165.3,19.1
4286,29,Male,Unemployed,109.5,178.9,34.2
4287,19,Female,Manager,68.1,157.6,27.4
4288,58,Male,Student,97.8,186.9,28.0
4289,41,Female,Software Engineer,78.4,160.9,30.3
4290,52,Female,Manager,41.3,155.4,17.1
4291,47,Female,Student,56.4,166.3,20.4
4292,47,Male,Student,90.7,179.3,28.2
4293,52,Male,Student,66.9,178.9,20.9
4294,36,Female,Student,58.8,158.8,23.3
4295,25,Female,Software Engineer,59.8,157.2,24.2
4296,43,Male,Software Engineer,59.0,177.1,18.8
4297,57,Female,Student,60.8,162.9,22.9
4298,24,Female,Manager,82.9,170.3,28.6
4299,47,Male,Teacher,87.5,177.4,27.8
4300,24,Female,Student,82.5,167.2,29.5
4301,20,Female,Student,92.9,179.0,29.0
4302,18,Male,Student,81.0,175.5,26.3
4303,53,Male,Software Engineer,76.7,171.7,26.0
4304,42,Female,Student,70.7,166.2,25.6
4305,54,Female,Software Engineer,51.1,153.5,21.7
4306,18,Male,Manager,60.0,173.7,19.9
4307,32,Female,Teacher,57.4,163.8,21.4
4308,54,Female,Student,59.2,160.4,23.0
4309,30,Female,Software Engineer,52.8,156.7,21.5
4310,57,Male,Manager,79.2,173.2,26.4
4311,25,Female,Healthcare Worker,62.0,156.2,25.4
4312,22,Male,Salesperson,84.4,180.5,25.9
4313,26,Male,Teacher,95.6,191.4,26.1
4314,18,Male,Software Engineer,92.6,176.0,29.9
4315,53,Male,Software Engineer,68.9,167.7,24.5
4316,52,Female,Healthcare Worker,74.5,160.3,29.0
4317,19,Male,Student,94.8,188.1,26.8
4318,57,Female,Unemployed,72.7,156.7,29.6
4319,40,Male,Manager,104.1,180.9,31.8
4320,26,Male,Manager,91.4,183.6,27.1
4321,51,Non-binary,Student,74.1,172.2,25.0
4322,31,Female,Manager,62.9,158.9,24.9
4323,21,Male,Software Engineer,64.8,170.1,22.4
4324,47,Female,Student,57.4,160.8,22.2
4325,48,Male,Student,90.8,178.2,28.6
4326,55,Male,Healthcare Worker,66.5,181.4,20.2
4327,28,Female,Teacher,80.2,158.8,31.8
4328,52,Female,Software Engineer,68.1,169.1,23.8
4329,25,Male,Student,119.7,178.9,37.4
4330,20,Female,Manager,51.5,155.2,21.4
4331,31,Female,Manager,64.9,159.2,25.6
4332,30,Male,Manager,65.5,169.1,22.9
4333,49,Female,Teacher,49.6,154.0,20.9
4334,51,Female,Software Engineer,86.5,171.8,29.3
4335,36,Female,Teacher,54.5,167.2,19.5
4336,55,Male,Student,55.2,160.3,21.5
4337,33,Female,Healthcare Worker,73.2,164.4,27.1
4338,19,Male,Teacher,89.0,178.6,27.9
4339,57,Female,Software Engineer,53.3,171.2,18.2
4340,34,Female,Software Engineer,66.6,156.8,27.1
4341,51,Male,Salesperson,81.5,180.2,25.1
4342,59,Female,Student,54.1,162.9,20.4
4343,33,Female,Student,60.9,170.3,21.0
4344,55,Female,Manager,45.3,168.3,16.0
4345,19,Male,Software Engineer,99.9,176.1,32.2
4346,19,Male,Salesperson,86.3,172.2,29.1
4347,43,Female,Student,47.9,160.0,18.7
4348,30,Male,Salesperson,72.7,160.9,28.1
4349,48,Female,Student,56.9,161.2,21.9
4350,51,Male,Student,89.4,176.8,28.6
4351,56,Male,Healthcare Worker,67.2,173.6,22.3
4352,20,Male,Teacher,77.4,183.9,22.9
4353,25,Male,Software Engineer,63.4,165.3,23.2
4354,40,Female,Student,57.0,162.8,21.5
4355,31,Male,Manager,88.0,169.0,30.8
4356,44,Male,Teacher,85.3,173.0,28.5
4357,46,Male,Unemployed,77.0,175.5,25.0
4358,56,Female,Unemployed,69.1,154.1,29.1
4359,56,Male,Manager,51.2,172.6,17.2
4360,18,Female,Software Engineer,48.6,159.9,19.0
4361,34,Female,Software Engineer,72.8,165.4,26.6
4362,58,Female,Manager,69.4,158.0,27.8
4363,47,Female,Student,75.0,170.5,25.8
4364,30,Female,Software Engineer,45.2,168.0,16.0
4365,38,Female,Student,52.9,163.8,19.7
4366,36,Male,Student,71.8,164.9,26.4
4367,36,Male,Student,105.6,172.7,35.4
4368,42,Male,Software Engineer,86.8,170.1,30.0
4369,39,Female,Salesperson,84.4,163.4,31.6
4370,48,Female,Software Engineer,73.6,168.3,26.0
4371,34,Female,Software Engineer,75.7,170.6,26.0
4372,40,Male,Student,60.7,175.1,19.8
4373,49,Female,Teacher,69.8,155.7,28.8
4374,27,Male,Student,70.5,170.7,24.2
4375,27,Male,Manager,82.0,172.4,27.6
4376,53,Male,Unemployed,74.0,173.4,24.6
4377,25,Male,Student,84.2,180.7,25.8
4378,37,Female,Student,63.2,161.9,24.1
4379,49,Male,Software Engineer,83.4,180.8,25.5
4380,31,Male,Unemployed,93.0,179.1,29.0
4381,45,Female,Salesperson,49.8,162.8,18.8
4382,41,Female,Healthcare Worker,47.9,164.1,17.8
4383,32,Female,Software Engineer,75.3,168.9,26.4
4384,39,Male,Unemployed,91.4,171.7,31.0
4385,47,Female,Student,97.6,174.4,32.1
4386,21,Female,Student,48.2,159.3,19.0
4387,30,Male,Healthcare Worker,54.7,155.3,22.7
4388,40,Female,Healthcare Worker,43.4,156.2,17.8
4389,25,Male,Student,68.1,175.9,22.0
4390,35,Male,Student,72.7,156.7,29.6
4391,29,Female,Student,69.4,168.7,24.4
4392,48,Female,Student,57.7,159.1,22.8
4393,31,Male,Student,84.9,177.3,27.0
4394,51,Female,Unemployed,52.2,158.1,20.9
4395,35,Female,Manager,89.0,167.6,31.7
4396,51,Female,Salesperson,61.2,158.1,24.5
4397,28,Male,Salesperson,64.5,168.5,22.7
4398,58,Female,Teacher,66.0,156.0,27.1
4399,29,Male,Salesperson,86.9,174.0,28.7
4400,32,Female,Teacher,89.2,167.7,31.7
4401,48,Male,Software Engineer,67.0,168.5,23.6
4402,46,Male,Teacher,98.9,183.4,29.4
4403,43,Female,Teacher,64.1,160.1,25.0
4404,35,Male,Salesperson,72.9,183.3,21.7
4405,49,Male,Unemployed,66.8,178.4,21.0
4406,39,Male,Software Engineer,61.4,177.0,19.6
4407,55,Female,Salesperson,59.8,168.0,21.2
4408,34,Male,Student,88.6,173.3,29.5
4409,40,Female,Salesperson,78.8,168.7,27.7
4410,41,Male,Software Engineer,49.7,162.2,18.9
4411,25,Male,Student,55.2,182.4,16.6
4412,58,Male,Software Engineer,56.4,170.1,19.5
4413,23,Male,Manager,70.6,183.4,21.0
4414,22,Male,Student,75.8,181.2,23.1
4415,46,Male,Healthcare Worker,95.4,178.9,29.8
4416,45,Female,Student,49.2,149.5,22.0
4417,28,Female,Healthcare Worker,89.4,166.9,32.1
4418,18,Male,Manager,59.7,188.0,16.9
4419,36,Male,Software Engineer,70.4,175.3,22.9
4420,26,Female,Software Engineer,71.1,159.4,28.0
4421,44,Male,Salesperson,82.3,170.5,28.3
4422,51,Male,Manager,65.3,168.5,23.0
4423,21,Female,Manager,81.0,167.1,29.0
4424,53,Female,Software Engineer,72.7,160.6,28.2
4425,35,Female,Software Engineer,59.5,166.8,21.4
4426,32,Male,Unemployed,70.4,164.9,25.9
4427,30,Male,Student,76.4,166.1,27.7
4428,36,Female,Software Engineer,56.9,161.6,21.8
4429,23,Male,Student,93.5,170.7,32.1
4430,29,Female,Salesperson,55.1,163.2,20.7
4431,54,Female,Salesperson,74.7,172.5,25.1
4432,34,Male,Student,52.8,167.1,18.9
4433,40,Female,Student,66.3,162.8,25.0
4434,43,Female,Student,52.4,163.1,19.7
4435,46,Female,Software Engineer,63.7,165.7,23.2
4436,50,Male,Software Engineer,62.2,189.0,17.4
4437,44,Male,Unemployed,91.3,180.3,28.1
4438,42,Female,Software Engineer,68.6,162.1,26.1
4439,27,Male,Student,85.9,170.9,29.4
4440,40,Female,Healthcare Worker,60.0,161.9,22.9
4441,38,Male,Software Engineer,92.6,176.9,29.6
4442,38,Male,Teacher,80.9,181.0,24.7
4443,30,Male,Student,76.0,174.3,25.0
4444,54,Female,Software Engineer,89.6,162.3,34.0
4445,50,Male,Healthcare Worker,77.6,186.6,22.3
4446,41,Male,Teacher,95.9,178.8,30.0
4447,28,Male,Software Engineer,91.6,185.2,26.7
4448,34,Female,Manager,45.7,144.5,21.9
4449,21,Male,Healthcare Worker,53.2,169.1,18.6
4450,42,Female,Student,52.4,162.2,19.9
4451,47,Female,Teacher,70.3,154.1,29.6
4452,26,Male,Unemployed,94.0,170.6,32.3
4453,38,Female,Student,76.7,175.5,24.9
4454,37,Male,Manager,84.4,183.4,25.1
4455,36,Female,Manager,79.6,168.6,28.0
4456,36,Female,Manager,74.1,172.8,24.8
4457,29,Male,Software Engineer,92.2,177.1,29.4
4458,54,Male,Software Engineer,75.4,170.9,25.8
4459,59,Male,Manager,86.1,185.2,25.1
4460,34,Non-binary,Student,63.1,171.7,21.4
4461,54,Male,Software Engineer,63.1,176.8,20.2
4462,56,Female,Student,41.7,161.5,16.0
4463,45,Male,Student,91.8,174.6,30.1
4464,58,Female,Unemployed,61.8,161.1,23.8
4465,52,Male,Software Engineer,74.4,181.1,22.7
4466,35,Female,Unemployed,41.3,160.7,16.0
4467,31,Male,Student,62.6,170.3,21.6
4468,52,Female,Teacher,47.5,150.4,21.0
4469,58,Male,Student,65.9,177.6,20.9
4470,24,Male,Salesperson,71.6,166.0,26.0
4471,58,Male,Salesperson,71.7,169.0,25.1
4472,30,Female,Student,42.8,152.6,18.4
4473,35,Male,Healthcare Worker,58.7,177.2,18.7
4474,54,Female,Student,47.6,159.5,18.7
4475,30,Male,Manager,93.1,169.0,32.6
4476,53,Female,Unemployed,83.7,163.8,31.2
4477,48,Female,Healthcare Worker,50.9,156.8,20.7
4478,19,Female,Unemployed,42.9,163.7,16.0
4479,33,Male,Software Engineer,66.5,162.8,25.1
4480,26,Male,Student,82.7,183.0,24.7
4481,26,Male,Student,85.6,181.8,25.9
4482,55,Male,Teacher,76.7,166.1,27.8
4483,28,Female,Salesperson,63.2,154.4,26.5
4484,39,Female,Student,52.1,163.5,19.5
4485,50,Female,Manager,67.5,161.8,25.8
4486,53,Male,Software Engineer,84.3,172.6,28.3
4487,40,Female,Software Engineer,57.0,164.0,21.2
4488,51,Male,Manager,92.2,189.0,25.8
4489,26,Female,Software Engineer,60.3,165.6,22.0
4490,41,Male,Salesperson,96.0,169.3,33.5
4491,25,Male,Student,53.3,169.7,18.5
4492,24,Male,Salesperson,98.7,182.3,29.7
4493,53,Female,Student,51.2,173.6,17.0
4494,35,Female,Student,85.6,162.0,32.6
4495,20,Male,Manager,66.5,185.1,19.4
4496,45,Male,Healthcare Worker,79.3,176.7,25.4
4497,23,Female,Student,45.0,161.7,17.2
4498,38,Female,Software Engineer,46.7,159.3,18.4
4499,45,Male,Teacher,89.0,176.7,28.5
4500,57,Female,Student,77.8,163.5,29.1
4501,18,Non-binary,Salesperson,72.3,168.1,25.6
4502,53,Female,Salesperson,64.3,152.1,27.8
4503,38,Male,Student,98.6,183.8,29.2
4504,52,Female,Software Engineer,55.5,161.0,21.4
4505,30,Female,Salesperson,50.5,166.5,18.2
4506,27,Male,Software Engineer,82.2,183.5,24.4
4507,27,Female,Manager,55.5,159.2,21.9
4508,30,Female,Student,72.2,166.0,26.2
4509,54,Male,Manager,82.3,174.6,27.0
4510,55,Male,Student,61.0,168.9,21.4
4511,41,Female,Salesperson,79.1,169.0,27.7
4512,19,Female,Software Engineer,71.1,161.1,27.4
4513,39,Male,Student,84.0,173.8,27.8
4514,34,Female,Salesperson,61.4,164.5,22.7
4515,53,Female,Student,77.0,165.8,28.0
4516,31,Female,Software Engineer,62.5,152.7,26.8
4517,27,Male,Software Engineer,79.5,170.3,27.4
4518,52,Female,Student,82.3,160.1,32.1
4519,42,Male,Healthcare Worker,82.7,178.3,26.0
4520,20,Male,Salesperson,72.1,181.9,21.8
4521,55,Female,Student,55.8,169.1,19.5
4522,34,Male,Manager,86.0,170.5,29.6
4523,29,Female,Teacher,66.8,160.0,26.1
4524,41,Male,Healthcare Worker,102.0,178.5,32.0
4525,46,Male,Software Engineer,49.6,176.0,16.0
4526,42,Male,Teacher,86.7,174.1,28.6
4527,53,Non-binary,Teacher,66.1,168.4,23.3
4528,43,Female,Software Engineer,68.5,172.9,22.9
4529,55,Female,Software Engineer,59.3,167.6,21.1
4530,18,Male,Student,87.5,175.2,28.5
4531,37,Male,Salesperson,71.8,162.2,27.3
4532,45,Female,Software Engineer,52.9,165.2,19.4
4533,33,Male,Unemployed,83.2,181.7,25.2
4534,34,Male,Student,82.3,172.4,27.7
4535,57,Female,Manager,58.5,152.1,25.3
4536,45,Male,Healthcare Worker,89.1,173.8,29.5
4537,29,Female,Manager,60.1,161.0,23.2
4538,44,Female,Healthcare Worker,41.9,161.8,16.0
4539,59,Male,Salesperson,82.3,180.4,25.3
4540,47,Male,Software Engineer,71.1,167.6,25.3
4541,58,Male,Manager,74.9,170.1,25.9
4542,51,Female,Student,77.5,162.1,29.5
4543,54,Female,Teacher,36.5,151.0,16.0
4544,23,Male,Student,65.6,167.4,23.4
4545,24,Male,Salesperson,56.4,166.7,20.3
4546,49,Female,Teacher,48.0,158.5,19.1
4547,49,Female,Software Engineer,67.6,167.1,24.2
4548,42,Male,Student,80.2,170.2,27.7
4549,50,Male,Unemployed,79.3,175.0,25.9
4550,24,Male,Student,73.8,185.7,21.4
4551,29,Female,Student,57.6,155.6,23.8
4552,33,Female,Student,75.3,162.0,28.7
4553,33,Male,Unemployed,87.6,178.2,27.6
4554,53,Female,Unemployed,65.9,173.1,22.0
4555,30,Male,Manager,62.7,170.0,21.7
4556,24,Male,Healthcare Worker,54.2,179.6,16.8
4557,53,Male,Student,74.0,180.9,22.6
4558,26,Female,Unemployed,41.3,157.2,16.7
4559,49,Male,Student,98.1,170.4,33.8
4560,28,Female,Student,52.3,158.9,20.7
4561,25,Male,Student,94.6,179.1,29.5
4562,50,Male,Teacher,105.6,179.7,32.7
4563,40,Male,Salesperson,85.6,183.2,25.5
4564,42,Female,Software Engineer,63.5,162.6,24.0
4565,25,Male,Unemployed,60.3,180.6,18.5
4566,39,Female,Software Engineer,61.5,166.5,22.2
4567,21,Male,Student,101.3,178.8,31.7
4568,57,Male,Software Engineer,77.8,172.7,26.1
4569,20,Male,Manager,76.4,176.2,24.6
4570,46,Male,Salesperson,88.8,170.9,30.4
4571,58,Male,Software Engineer,84.6,175.1,27.6
4572,46,Male,Teacher,66.2,166.8,23.8
4573,51,Female,Student,63.5,157.8,25.5
4574,51,Female,Manager,50.3,154.8,21.0
4575,45,Male,Unemployed,62.4,168.4,22.0
4576,30,Male,Student,69.4,171.5,23.6
4577,32,Male,Healthcare Worker,81.7,173.9,27.0
4578,40,Male,Teacher,59.7,177.8,18.9
4579,43,Male,Student,81.8,181.6,24.8
4580,21,Female,Unemployed,55.5,156.3,22.7
4581,43,Male,Software Engineer,69.3,184.3,20.4
4582,57,Male,Software Engineer,75.2,181.6,22.8
4583,26,Male,Student,51.0,178.5,16.0
4584,22,Male,Student,65.4,176.1,21.1
4585,49,Female,Salesperson,50.4,160.3,19.6
4586,37,Male,Manager,77.9,183.3,23.2
4587,28,Male,Healthcare Worker,53.9,183.6,16.0
4588,32,Female,Student,76.7,173.8,25.4
4589,49,Male,Student,87.9,175.3,28.6
4590,45,Female,Student,71.2,172.2,24.0
4591,39,Female,Teacher,64.6,155.6,26.7
4592,58,Male,Unemployed,64.6,170.6,22.2
4593,34,Female,Manager,44.5,159.4,17.5
4594,43,Male,Software Engineer,75.1,175.1,24.5
4595,24,Female,Healthcare Worker,80.7,171.0,27.6
4596,59,Male,Salesperson,60.9,181.4,18.5
4597,43,Male,Student,67.4,173.4,22.4
4598,42,Female,Salesperson,59.5,159.5,23.4
4599,27,Female,Software Engineer,92.2,157.2,37.3
4600,36,Non-binary,Student,73.8,170.1,25.5
4601,28,Female,Student,41.3,160.7,16.0
4602,30,Male,Software Engineer,44.2,166.2,16.0
4603,25,Male,Software Engineer,87.4,177.3,27.8
4604,57,Male,Student,121.5,184.5,35.7
4605,21,Male,Student,71.3,175.3,23.2
4606,48,Male,Salesperson,71.7,176.5,23.0
4607,45,Female,Unemployed,73.2,166.5,26.4
4608,28,Male,Salesperson,56.3,164.2,20.9
4609,18,Male,Student,51.0,178.6,16.0
4610,55,Male,Student,89.3,174.9,29.2
4611,41,Female,Student,50.1,152.0,21.7
4612,48,Female,Student,78.3,163.8,29.2
4613,58,Female,Teacher,58.6,166.7,21.1
4614,43,Male,Manager,77.4,176.0,25.0
4615,22,Female,Manager,75.0,162.8,28.3
4616,37,Male,Manager,96.0,181.0,29.3
4617,58,Female,Student,60.2,153.7,25.5
4618,28,Female,Software Engineer,59.0,152.7,25.3
4619,50,Male,Manager,72.7,163.2,27.3
4620,55,Female,Software Engineer,73.3,166.0,26.6
4621,44,Female,Student,40.5,147.1,18.7
4622,51,Male,Software Engineer,56.1,172.7,18.8
4623,32,Female,Student,39.6,157.4,16.0
4624,49,Male,Student,74.8,163.7,27.9
4625,38,Male,Salesperson,78.0,185.4,22.7
4626,22,Male,Healthcare Worker,84.6,173.2,28.2
4627,23,Male,Student,73.3,167.0,26.3
4628,55,Female,Student,57.0,168.8,20.0
4629,39,Male,Salesperson,69.3,169.9,24.0
4630,35,Female,Student,58.6,161.4,22.5
4631,31,Male,Software Engineer,63.4,170.5,21.8
4632,27,Female,Student,76.5,163.5,28.6
4633,30,Female,Student,94.2,162.2,35.8
4634,48,Female,Salesperson,75.0,159.4,29.5
4635,47,Male,Salesperson,75.9,176.4,24.4
4636,20,Male,Student,83.9,166.7,30.2
4637,47,Male,Software Engineer,94.8,171.6,32.2
4638,23,Female,Student,49.3,164.6,18.2
4639,46,Female,Student,85.9,169.2,30.0
4640,25,Male,Unemployed,87.5,176.8,28.0
4641,50,Male,Manager,96.3,179.8,29.8
4642,34,Female,Teacher,74.9,163.0,28.2
4643,28,Male,Salesperson,71.6,174.5,23.5
4644,30,Female,Salesperson,82.9,157.1,33.6
4645,28,Female,Salesperson,69.8,163.9,26.0
4646,48,Female,Student,63.3,167.7,22.5
4647,45,Male,Student,75.7,168.1,26.8
4648,23,Male,Manager,90.7,177.2,28.9
4649,58,Female,Software Engineer,59.8,155.0,24.9
4650,33,Female,Unemployed,65.2,157.4,26.3
4651,21,Male,Manager,70.6,168.4,24.9
4652,52,Male,Unemployed,66.7,176.2,21.5
4653,43,Female,Student,54.8,162.3,20.8
4654,29,Female,Healthcare Worker,44.4,156.2,18.2
4655,28,Female,Software Engineer,92.0,171.4,31.3
4656,54,Non-binary,Unemployed,65.6,167.1,23.5
4657,42,Male,Student,41.9,161.8,16.0
4658,35,Male,Teacher,69.4,162.4,26.3
4659,36,Female,Salesperson,70.3,163.8,26.2
4660,40,Female,Software Engineer,42.4,162.3,16.1
4661,55,Male,Software Engineer,55.7,163.7,20.8
4662,35,Male,Unemployed,65.3,178.1,20.6
4663,43,Female,Software Engineer,54.5,160.4,21.2
4664,23,Male,Manager,106.3,188.2,30.0
4665,21,Male,Student,74.8,177.3,23.8
4666,46,Female,Salesperson,56.9,158.7,22.6
4667,51,Female,Manager,76.9,161.2,29.6
4668,34,Female,Software Engineer,70.2,162.1,26.7
4669,33,Male,Student,48.8,171.0,16.7
4670,19,Female,Teacher,59.7,165.8,21.7
4671,51,Female,Student,66.1,159.8,25.9
4672,25,Female,Student,50.0,156.9,20.3
4673,30,Female,Manager,85.9,159.9,33.6
4674,59,Male,Student,77.4,175.9,25.0
4675,25,Male,Student,69.9,182.0,21.1
4676,47,Male,Manager,59.6,175.3,19.4
4677,49,Male,Student,80.7,167.7,28.7
4678,53,Female,Software Engineer,62.3,169.8,21.6
4679,47,Female,Student,70.2,163.7,26.2
4680,18,Female,Teacher,46.7,155.6,19.3
4681,56,Female,Manager,63.8,160.4,24.8
4682,34,Male,Salesperson,69.4,179.3,21.6
4683,37,Male,Student,81.5,187.8,23.1
4684,41,Male,Student,75.9,190.6,20.9
4685,39,Male,Student,87.9,173.8,29.1
4686,46,Male,Software Engineer,63.9,169.3,22.3
4687,39,Female,Healthcare Worker,63.9,163.5,23.9
4688,26,Non-binary,Student,71.2,171.9,24.1
4689,54,Male,Student,94.0,171.9,31.8
4690,27,Male,Student,95.3,182.9,28.5
4691,53,Female,Manager,69.0,156.7,28.1
4692,54,Male,Manager,60.1,185.8,17.4
4693,45,Female,Manager,56.1,161.6,21.5
4694,45,Female,Healthcare Worker,89.9,173.7,29.8
4695,59,Female,Software Engineer,53.9,167.5,19.2
4696,38,Male,Student,73.1,171.3,24.9
4697,41,Female,Student,50.7,160.4,19.7
4698,59,Male,Manager,61.6,174.6,20.2
4699,57,Female,Manager,84.0,161.8,32.1
4700,19,Male,Teacher,82.9,173.0,27.7
4701,25,Male,Manager,83.8,170.3,28.9
4702,44,Female,Manager,71.3,159.6,28.0
4703,39,Female,Healthcare Worker,62.9,162.2,23.9
4704,54,Female,Teacher,48.3,150.2,21.4
4705,44,Female,Salesperson,52.9,152.7,22.7
4706,46,Female,Student,63.6,164.1,23.6
4707,20,Male,Manager,100.3,175.7,32.5
4708,30,Female,Healthcare Worker,49.8,164.1,18.5
4709,27,Female,Software Engineer,54.7,157.7,22.0
4710,53,Female,Salesperson,47.9,153.3,20.4
4711,26,Female,Salesperson,81.4,166.7,29.3
4712,44,Male,Student,100.2,174.8,32.8
4713,51,Female,Teacher,71.3,165.9,25.9
4714,18,Male,Student,73.3,166.9,26.3
4715,49,Male,Unemployed,62.3,158.2,24.9
4716,42,Female,Salesperson,69.7,162.2,26.5
4717,46,Male,Student,64.9,152.2,28.0
4718,24,Female,Student,68.7,161.3,26.4
4719,20,Male,Teacher,83.2,176.5,26.7
4720,37,Male,Software Engineer,79.5,168.5,28.0
4721,37,Female,Student,36.0,147.7,16.5
4722,47,Female,Teacher,63.4,160.9,24.5
4723,52,Female,Software Engineer,75.8,171.1,25.9
4724,52,Female,Student,73.1,166.4,26.4
4725,56,Female,Salesperson,63.3,163.4,23.7
4726,44,Male,Healthcare Worker,71.8,168.8,25.2
4727,43,Male,Salesperson,69.6,180.8,21.3
4728,31,Male,Salesperson,53.8,180.6,16.5
4729,34,Female,Student,84.9,171.4,28.9
4730,35,Female,Student,47.3,156.1,19.4
4731,46,Male,Student,70.3,171.9,23.8
4732,37,Female,Salesperson,51.9,156.9,21.1
4733,44,Female,Healthcare Worker,74.1,153.1,31.6
4734,35,Male,Manager,69.9,170.3,24.1
4735,21,Male,Healthcare Worker,73.6,178.5,23.1
4736,18,Female,Manager,69.4,157.7,27.9
4737,18,Female,Software Engineer,66.0,138.9,34.2
4738,43,Female,Software Engineer,74.6,168.4,26.3
4739,37,Male,Student,67.6,172.2,22.8
4740,40,Non-binary,Student,78.3,168.4,27.6
4741,27,Male,Manager,58.4,183.2,17.4
4742,28,Male,Software Engineer,69.4,167.6,24.7
4743,58,Non-binary,Teacher,89.8,163.7,33.5
4744,58,Male,Teacher,80.7,179.0,25.2
4745,22,Female,Student,62.3,157.8,25.0
4746,18,Male,Software Engineer,82.8,183.5,24.6
4747,34,Female,Software Engineer,53.2,153.1,22.7
4748,39,Female,Software Engineer,68.9,163.1,25.9
4749,51,Male,Salesperson,82.5,171.7,28.0
4750,58,Female,Software Engineer,58.8,159.9,23.0
4751,46,Male,Manager,53.8,183.4,16.0
4752,21,Female,Healthcare Worker,70.8,163.1,26.6
4753,22,Male,Healthcare Worker,106.7,176.9,34.1
4754,28,Male,Healthcare Worker,70.7,176.1,22.8
4755,38,Male,Student,50.2,167.5,17.9
4756,52,Male,Student,90.9,181.8,27.5
4757,29,Female,Student,80.6,158.0,32.3
4758,43,Male,Student,69.8,161.1,26.9
4759,36,Male,Healthcare Worker,101.1,176.9,32.3
4760,24,Male,Manager,80.8,169.6,28.1
4761,24,Male,Student,92.5,182.7,27.7
4762,43,Female,Student,57.8,161.3,22.2
4763,57,Female,Student,67.9,162.2,25.8
4764,22,Male,Manager,76.9,177.5,24.4
4765,38,Female,Salesperson,61.2,159.0,24.2
4766,31,Female,Healthcare Worker,62.3,163.2,23.4
4767,21,Male,Healthcare Worker,68.9,164.4,25.5
4768,40,Female,Student,46.9,158.3,18.7
4769,59,Female,Software Engineer,74.4,162.4,28.2
4770,37,Female,Student,58.1,168.0,20.6
4771,32,Female,Software Engineer,62.2,163.1,23.4
4772,46,Male,Healthcare Worker,79.5,174.9,26.0
4773,25,Female,Teacher,50.5,157.8,20.3
4774,58,Female,Salesperson,48.3,173.8,16.0
4775,36,Male,Software Engineer,79.0,186.1,22.8
4776,56,Female,Student,41.8,152.0,18.1
4777,45,Male,Student,80.7,170.7,27.7
4778,44,Non-binary,Teacher,46.7,155.6,19.3
4779,21,Female,Manager,80.1,160.2,31.2
4780,32,Male,Student,73.3,173.0,24.5
4781,52,Male,Salesperson,74.5,173.3,24.8
4782,54,Female,Salesperson,43.1,164.1,16.0
4783,18,Male,Software Engineer,82.6,181.1,25.2
4784,20,Male,Salesperson,79.7,181.9,24.1
4785,41,Male,Software Engineer,59.3,178.1,18.7
4786,44,Male,Manager,65.7,162.4,24.9
4787,57,Male,Salesperson,67.6,172.6,22.7
4788,53,Male,Unemployed,85.8,191.1,23.5
4789,51,Male,Software Engineer,77.6,177.6,24.6
4790,46,Female,Software Engineer,61.0,165.0,22.4
4791,41,Female,Student,67.7,162.6,25.6
4792,41,Male,Student,76.3,177.9,24.1
4793,59,Male,Manager,66.7,158.3,26.6
4794,21,Female,Healthcare Worker,58.1,162.1,22.1
4795,20,Male,Software Engineer,60.1,174.7,19.7
4796,51,Male,Student,72.1,184.0,21.3
4797,40,Male,Student,95.3,175.3,31.0
4798,40,Female,Software Engineer,67.9,153.5,28.8
4799,22,Female,Student,93.1,176.2,30.0
4800,48,Female,Student,84.8,167.3,30.3
4801,58,Female,Salesperson,51.3,151.3,22.4
4802,23,Female,Student,66.6,160.7,25.8
4803,54,Male,Teacher,79.3,178.8,24.8
4804,27,Female,Salesperson,74.3,164.4,27.5
4805,57,Male,Student,73.8,178.4,23.2
4806,24,Female,Manager,65.5,162.2,24.9
4807,56,Female,Manager,64.5,161.3,24.8
4808,55,Female,Manager,66.8,157.6,26.9
4809,38,Male,Software Engineer,89.0,179.9,27.5
4810,37,Male,Software Engineer,62.2,158.1,24.9
4811,20,Female,Salesperson,57.8,151.8,25.1
4812,39,Female,Salesperson,69.3,164.9,25.5
4813,21,Female,Software Engineer,88.8,166.8,31.9
4814,45,Male,Student,50.6,174.0,16.7
4815,29,Female,Student,52.9,162.3,20.1
4816,55,Female,Student,78.5,169.0,27.5
4817,53,Female,Teacher,64.0,157.8,25.7
4818,58,Female,Student,64.5,158.4,25.7
4819,22,Female,Software Engineer,69.5,159.0,27.5
4820,30,Female,Salesperson,72.8,169.0,25.5
4821,40,Female,Student,63.4,169.8,22.0
4822,47,Female,Salesperson,64.4,153.6,27.3
4823,54,Male,Salesperson,71.2,170.1,24.6
4824,42,Male,Student,71.3,178.0,22.5
4825,44,Female,Salesperson,81.0,171.3,27.6
4826,31,Female,Salesperson,74.0,164.3,27.4
4827,53,Female,Software Engineer,66.7,161.7,25.5
4828,56,Male,Student,102.1,178.1,32.2
4829,33,Male,Teacher,94.7,176.2,30.5
4830,39,Female,Healthcare Worker,89.3,175.5,29.0
4831,38,Female,Manager,101.4,167.8,36.0
4832,38,Male,Student,68.2,169.3,23.8
4833,25,Male,Manager,66.4,172.2,22.4
4834,33,Female,Software Engineer,71.3,158.5,28.4
4835,48,Male,Teacher,76.7,181.1,23.4
4836,59,Female,Salesperson,63.5,160.7,24.6
4837,27,Male,Teacher,66.6,182.0,20.1
4838,49,Female,Salesperson,71.4,162.0,27.2
4839,51,Female,Salesperson,50.6,168.1,17.9
4840,26,Female,Manager,64.8,164.0,24.1
4841,34,Male,Student,74.0,174.1,24.4
4842,28,Female,Salesperson,59.4,162.5,22.5
4843,49,Male,Healthcare Worker,55.2,182.4,16.6
4844,27,Male,Student,48.7,171.3,16.6
4845,39,Non-binary,Software Engineer,59.6,168.1,21.1
4846,34,Female,Student,66.6,157.4,26.9
4847,21,Female,Salesperson,65.6,159.4,25.8
4848,42,Male,Salesperson,80.1,181.2,24.4
4849,38,Male,Student,63.9,176.5,20.5
4850,54,Male,Healthcare Worker,77.0,172.1,26.0
4851,55,Female,Student,35.8,147.8,16.4
4852,18,Female,Salesperson,42.2,162.5,16.0
4853,42,Female,Software Engineer,65.6,167.4,23.4
4854,53,Female,Software Engineer,55.5,158.9,22.0
4855,34,Male,Student,89.2,175.1,29.1
4856,58,Male,Student,68.1,164.4,25.2
4857,41,Male,Manager,103.0,179.7,31.9
4858,19,Male,Teacher,68.4,176.3,22.0
4859,57,Male,Student,88.4,182.0,26.7
4860,32,Female,Student,60.1,160.3,23.4
4861,49,Male,Student,81.4,162.8,30.7
4862,56,Female,Salesperson,61.8,161.8,23.6
4863,23,Male,Manager,85.3,173.6,28.3
4864,18,Non-binary,Student,51.8,162.2,19.7
4865,40,Female,Teacher,62.1,165.8,22.6
4866,56,Female,Student,63.0,161.7,24.1
4867,34,Male,Healthcare Worker,96.3,178.6,30.2
4868,51,Female,Healthcare Worker,41.0,160.1,16.0
4869,58,Female,Manager,61.6,163.7,23.0
4870,46,Male,Healthcare Worker,66.6,170.6,22.9
4871,26,Male,Salesperson,46.2,169.9,16.0
4872,30,Male,Salesperson,66.3,172.1,22.4
4873,23,Female,Teacher,53.2,173.9,17.6
4874,23,Female,Software Engineer,49.8,176.4,16.0
4875,37,Female,Student,64.7,166.6,23.3
4876,20,Male,Software Engineer,66.0,168.7,23.2
4877,34,Male,Manager,82.2,187.4,23.4
4878,29,Female,Student,71.7,167.4,25.6
4879,18,Male,Student,53.8,162.0,20.5
4880,34,Female,Software Engineer,89.0,165.2,32.6
4881,20,Female,Student,72.5,172.4,24.4
4882,43,Male,Teacher,95.2,177.3,30.3
4883,32,Female,Healthcare Worker,41.4,156.5,16.9
4884,53,Male,Salesperson,69.4,183.1,20.7
4885,49,Female,Manager,76.9,166.9,27.6
4886,49,Male,Teacher,74.8,178.4,23.5
4887,21,Female,Software Engineer,48.3,156.6,19.7
4888,35,Male,Student,51.4,178.2,16.2
4889,36,Male,Healthcare Worker,88.2,178.1,27.8
4890,52,Female,Student,67.5,157.0,27.4
4891,57,Male,Student,85.5,182.7,25.6
4892,31,Female,Salesperson,56.2,158.7,22.3
4893,50,Male,Student,62.8,179.4,19.5
4894,31,Female,Software Engineer,65.1,163.7,24.3
4895,51,Male,Student,59.3,178.5,18.6
4896,21,Female,Student,54.4,160.5,21.1
4897,41,Male,Student,82.5,165.3,30.2
4898,46,Male,Student,49.1,174.1,16.2
4899,36,Male,Manager,86.1,176.9,27.5
4900,23,Female,Salesperson,91.2,171.0,31.2
4901,50,Male,Software Engineer,88.5,177.2,28.2
4902,57,Female,Healthcare Worker,57.5,147.9,26.3
4903,36,Female,Student,64.1,169.1,22.4
4904,18,Male,Software Engineer,67.4,176.6,21.6
4905,22,Female,Student,45.0,167.7,16.0
4906,44,Male,Manager,78.5,178.3,24.7
4907,33,Male,Software Engineer,70.6,176.4,22.7
4908,23,Female,Manager,53.8,158.5,21.4
4909,57,Female,Salesperson,60.1,157.0,24.4
4910,30,Female,Teacher,73.8,172.5,24.8
4911,52,Male,Manager,73.1,184.0,21.6
4912,36,Male,Healthcare Worker,97.7,175.3,31.8
4913,29,Male,Student,73.2,162.3,27.8
4914,33,Female,Software Engineer,78.0,165.4,28.5
4915,27,Female,Manager,48.4,142.0,24.0
4916,42,Female,Manager,67.0,158.1,26.8
4917,37,Male,Student,65.0,178.1,20.5
4918,48,Male,Software Engineer,85.0,175.8,27.5
4919,21,Male,Software Engineer,71.3,173.8,23.6
4920,40,Male,Software Engineer,60.5,174.3,19.9
4921,19,Male,Student,69.6,168.9,24.4
4922,39,Female,Healthcare Worker,59.5,160.1,23.2
4923,54,Female,Salesperson,99.6,168.7,35.0
4924,25,Female,Software Engineer,77.0,170.5,26.5
4925,24,Male,Manager,94.2,172.7,31.6
4926,31,Male,Healthcare Worker,89.0,173.4,29.6
4927,20,Female,Student,71.0,169.6,24.7
4928,33,Male,Student,68.2,174.1,22.5
4929,36,Female,Teacher,43.4,161.3,16.7
4930,35,Male,Salesperson,71.1,185.8,20.6
4931,33,Male,Student,90.1,181.0,27.5
4932,25,Female,Unemployed,58.0,158.4,23.1
4933,50,Male,Software Engineer,82.4,177.3,26.2
4934,29,Female,Software Engineer,42.2,162.4,16.0
4935,28,Female,Student,77.7,171.2,26.5
4936,22,Male,Student,97.3,181.9,29.4
4937,44,Male,Salesperson,53.0,179.3,16.5
4938,29,Female,Unemployed,77.1,171.5,26.2
4939,34,Female,Software Engineer,76.2,158.1,30.5
4940,23,Male,Unemployed,99.0,175.6,32.1
4941,50,Female,Salesperson,57.4,160.8,22.2
4942,22,Male,Software Engineer,82.5,171.7,28.0
4943,45,Male,Manager,95.9,176.2,30.9
4944,31,Male,Software Engineer,87.1,182.0,26.3
4945,22,Male,Teacher,99.5,181.2,30.3
4946,50,Male,Student,76.6,177.5,24.3
4947,58,Non-binary,Manager,71.7,165.1,26.3
4948,36,Male,Student,73.4,183.9,21.7
4949,39,Male,Salesperson,72.1,174.0,23.8
4950,22,Male,Salesperson,74.1,167.2,26.5
4951,19,Female,Student,55.3,160.7,21.4
4952,47,Female,Software Engineer,60.2,160.0,23.5
4953,56,Male,Software Engineer,80.8,170.2,27.9
4954,21,Male,Teacher,88.9,162.4,33.7
4955,50,Male,Student,51.3,179.0,16.0
4956,30,Male,Teacher,89.4,163.6,33.4
4957,37,Male,Student,67.1,169.7,23.3
4958,24,Male,Student,92.4,179.1,28.8
4959,32,Male,Student,96.3,180.1,29.7
4960,40,Female,Student,81.9,161.2,31.5
4961,31,Male,Salesperson,64.3,174.1,21.2
4962,40,Female,Unemployed,64.4,165.6,23.5
4963,36,Female,Software Engineer,64.3,162.7,24.3
4964,46,Female,Teacher,57.7,158.7,22.9
4965,37,Male,Student,89.4,171.5,30.4
4966,46,Male,Teacher,72.7,173.3,24.2
4967,41,Male,Student,46.7,164.7,17.2
4968,35,Female,Manager,50.5,152.6,21.7
4969,27,Male,Healthcare Worker,55.5,178.6,17.4
4970,58,Female,Student,62.8,163.5,23.5
4971,25,Female,Salesperson,74.0,164.0,27.5
4972,43,Male,Student,61.8,169.2,21.6
4973,46,Female,Software Engineer,57.1,158.6,22.7
4974,27,Male,Student,60.9,161.7,23.3
4975,34,Male,Software Engineer,97.4,197.0,25.1
4976,19,Male,Student,81.1,174.0,26.8
4977,23,Male,Software Engineer,93.4,182.3,28.1
4978,22,Female,Software Engineer,90.6,161.8,34.6
4979,45,Male,Software Engineer,83.1,182.0,25.1
4980,58,Male,Manager,98.3,188.0,27.8
4981,22,Female,Healthcare Worker,45.9,162.4,17.4
4982,35,Female,Software Engineer,52.5,151.8,22.8
4983,43,Male,Student,70.5,174.0,23.3
4984,37,Female,Student,54.6,165.6,19.9
4985,58,Female,Healthcare Worker,50.6,151.3,22.1
4986,44,Male,Teacher,78.4,180.7,24.0
4987,29,Male,Software Engineer,67.8,174.7,22.2
4988,24,Male,Student,108.3,173.0,36.2
4989,20,Female,Software Engineer,66.9,158.0,26.8
4990,27,Female,Student,77.9,152.5,33.5
4991,51,Female,Healthcare Worker,85.0,165.1,31.2
4992,42,Female,Healthcare Worker,62.5,170.1,21.6
4993,52,Male,Student,91.1,192.1,24.7
4994,33,Male,Teacher,61.8,165.7,22.5
4995,19,Male,Student,72.4,174.4,23.8
4996,41,Female,Software Engineer,55.0,165.4,20.1
4997,27,Female,Healthcare Worker,64.6,169.4,22.5
4998,55,Male,Teacher,76.7,171.4,26.1
4999,39,Female,Software Engineer,60.9,153.0,26.0
5000,43,Male,Student,78.4,175.0,25.6
5001,56,Male,Salesperson,69.8,169.8,24.2
5002,44,Male,Manager,86.5,174.5,28.4
5003,46,Male,Software Engineer,69.7,173.0,23.3
5004,55,Male,Student,95.2,175.8,30.8
5005,37,Male,Software Engineer,46.7,169.8,16.2
5006,44,Male,Unemployed,75.9,166.1,27.5
5007,58,Male,Teacher,81.5,174.7,26.7
5008,37,Female,Software Engineer,55.0,160.0,21.5
5009,36,Male,Teacher,70.6,175.6,22.9
5010,37,Female,Salesperson,71.0,163.4,26.6
5011,52,Male,Software Engineer,93.0,180.3,28.6
5012,19,Male,Student,50.2,173.9,16.6
5013,47,Male,Teacher,96.6,188.1,27.3
5014,51,Male,Manager,68.6,175.0,22.4
5015,39,Female,Manager,75.6,159.8,29.6
5016,20,Male,Healthcare Worker,46.7,169.7,16.2
5017,23,Female,Software Engineer,93.4,162.2,35.5
5018,32,Female,Student,50.0,156.2,20.5
5019,44,Female,Unemployed,74.4,155.2,30.9
5020,27,Female,Software Engineer,51.8,146.3,24.2
5021,26,Female,Manager,61.9,172.5,20.8
5022,50,Male,Manager,80.5,177.0,25.7
5023,49,Female,Teacher,75.7,161.3,29.1
5024,23,Male,Student,53.0,174.1,17.5
5025,58,Male,Salesperson,86.8,177.0,27.7
5026,53,Male,Salesperson,74.5,174.7,24.4
5027,19,Female,Teacher,74.9,166.3,27.1
5028,46,Female,Software Engineer,68.9,167.7,24.5
5029,21,Male,Student,67.1,175.1,21.9
5030,18,Female,Student,51.8,163.0,19.5
5031,36,Male,Software Engineer,86.3,177.2,27.5
5032,43,Male,Software Engineer,88.6,179.5,27.5
5033,42,Male,Unemployed,87.2,178.1,27.5
5034,27,Male,Salesperson,79.2,173.2,26.4
5035,32,Male,Manager,97.6,184.1,28.8
5036,39,Female,Teacher,75.0,156.0,30.8
5037,38,Female,Student,39.0,155.6,16.1
5038,39,Male,Unemployed,47.7,172.7,16.0
5039,53,Female,Software Engineer,79.9,157.5,32.2
5040,51,Female,Student,44.9,155.8,18.5
5041,47,Female,Software Engineer,54.2,166.3,19.6
5042,42,Female,Healthcare Worker,62.4,164.0,23.2
5043,45,Male,Healthcare Worker,47.5,166.6,17.1
5044,18,Female,Student,62.1,165.1,22.8
5045,21,Female,Healthcare Worker,50.1,157.5,20.2
5046,24,Male,Student,88.8,194.8,23.4
5047,26,Male,Student,68.9,163.4,25.8
5048,53,Female,Salesperson,56.3,156.5,23.0
5049,36,Male,Healthcare Worker,76.0,183.0,22.7
5050,18,Non-binary,Teacher,73.6,169.2,25.7
5051,27,Male,Teacher,95.7,181.0,29.2
5052,53,Female,Salesperson,80.6,159.5,31.7
5053,26,Male,Salesperson,80.0,184.5,23.5
5054,59,Female,Healthcare Worker,82.9,159.2,32.7
5055,49,Female,Teacher,79.5,167.3,28.4
5056,49,Male,Unemployed,59.3,176.7,19.0
5057,23,Female,Unemployed,52.9,167.7,18.8
5058,55,Male,Student,62.3,168.6,21.9
5059,34,Male,Salesperson,104.6,183.7,31.0
5060,27,Male,Software Engineer,75.3,184.2,22.2
5061,44,Female,Software Engineer,47.5,172.3,16.0
5062,52,Male,Manager,71.1,173.9,23.5
5063,38,Male,Student,48.4,174.0,16.0
5064,42,Male,Teacher,60.5,174.8,19.8
5065,45,Female,Healthcare Worker,53.6,156.4,21.9
5066,32,Female,Student,69.0,165.5,25.2
5067,21,Male,Software Engineer,83.9,169.8,29.1
5068,46,Male,Healthcare Worker,78.9,169.1,27.6
5069,26,Female,Software Engineer,43.2,150.0,19.2
5070,44,Male,Software Engineer,67.3,171.8,22.8
5071,43,Female,Software Engineer,64.0,160.6,24.8
5072,36,Female,Teacher,71.4,175.0,23.3
5073,45,Female,Manager,64.8,166.8,23.3
5074,34,Male,Salesperson,57.7,185.9,16.7
5075,58,Female,Software Engineer,48.5,158.5,19.3
5076,59,Female,Salesperson,55.0,155.7,22.7
5077,37,Female,Teacher,43.6,165.1,16.0
5078,57,Male,Software Engineer,90.4,181.6,27.4
5079,56,Male,Manager,53.0,170.2,18.3
5080,40,Male,Manager,83.2,173.6,27.6
5081,49,Female,Teacher,66.4,156.2,27.2
5082,50,Female,Student,66.1,172.9,22.1
5083,22,Male,Student,93.8,179.8,29.0
5084,51,Male,Student,86.0,175.9,27.8
5085,57,Male,Student,78.4,184.2,23.1
5086,28,Female,Manager,57.9,160.0,22.6
5087,20,Female,Student,71.9,156.4,29.4
5088,50,Male,Salesperson,70.5,166.3,25.5
5089,28,Male,Student,90.1,175.7,29.2
5090,33,Male,Software Engineer,52.0,180.2,16.0
5091,35,Female,Teacher,64.9,161.5,24.9
5092,47,Female,Student,44.2,159.3,17.4
5093,27,Female,Healthcare Worker,62.1,159.5,24.4
5094,35,Male,Student,74.0,163.4,27.7
5095,55,Female,Software Engineer,76.7,154.1,32.3
5096,36,Male,Salesperson,71.1,187.2,20.3
5097,53,Female,Manager,61.2,166.4,22.1
5098,30,Male,Student,81.2,183.6,24.1
5099,20,Female,Software Engineer,56.3,167.4,20.1
5100,27,Female,Manager,76.7,162.9,28.9
5101,55,Female,Unemployed,69.4,169.3,24.2
5102,18,Female,Healthcare Worker,58.4,152.9,25.0
5103,44,Male,Software Engineer,81.0,172.2,27.3
5104,25,Male,Unemployed,66.5,165.8,24.2
5105,59,Female,Student,44.3,146.0,20.8
5106,34,Male,Student,69.2,169.1,24.2
5107,26,Male,Salesperson,64.1,176.4,20.6
5108,23,Male,Student,76.6,175.0,25.0
5109,42,Female,Student,72.2,157.8,29.0
5110,56,Male,Student,59.7,176.4,19.2
5111,45,Male,Software Engineer,58.5,182.3,17.6
5112,50,Male,Salesperson,78.1,177.8,24.7
5113,54,Male,Manager,63.7,174.2,21.0
5114,26,Female,Student,62.8,159.8,24.6
5115,35,Non-binary,Teacher,72.8,167.7,25.9
5116,38,Female,Healthcare Worker,37.7,153.5,16.0
5117,19,Male,Salesperson,83.2,173.6,27.6
5118,55,Female,Software Engineer,53.7,167.3,19.2
5119,57,Female,Unemployed,67.8,166.7,24.4
5120,53,Male,Manager,55.4,160.5,21.5
5121,54,Female,Student,63.1,169.4,22.0
5122,32,Female,Student,71.5,149.2,32.1
5123,45,Female,Student,70.3,164.7,25.9
5124,35,Female,Salesperson,72.1,158.8,28.6
5125,51,Male,Student,80.7,179.0,25.2
5126,39,Male,Teacher,80.4,171.6,27.3
5127,28,Female,Student,60.7,151.6,26.4
5128,30,Male,Healthcare Worker,82.6,179.6,25.6
5129,21,Male,Software Engineer,95.3,179.7,29.5
5130,39,Female,Healthcare Worker,68.5,164.9,25.2
5131,24,Female,Healthcare Worker,92.2,162.8,34.8
5132,41,Male,Student,84.8,171.6,28.8
5133,21,Female,Software Engineer,53.8,166.5,19.4
5134,45,Female,Student,65.4,166.1,23.7
5135,32,Female,Healthcare Worker,69.4,162.5,26.3
5136,18,Male,Teacher,85.7,186.3,24.7
5137,20,Male,Student,86.6,177.1,27.6
5138,31,Male,Student,80.8,169.6,28.1
5139,55,Male,Software Engineer,48.9,163.1,18.4
5140,18,Male,Healthcare Worker,100.7,182.3,30.3
5141,55,Male,Manager,58.8,162.4,22.3
5142,55,Male,Healthcare Worker,64.9,172.6,21.8
5143,38,Female,Software Engineer,58.3,163.6,21.8
5144,46,Male,Student,85.6,174.5,28.1
5145,22,Female,Unemployed,48.7,144.6,23.3
5146,27,Female,Student,61.6,169.2,21.5
5147,45,Male,Healthcare Worker,56.5,158.1,22.6
5148,38,Female,Software Engineer,41.1,158.3,16.4
5149,24,Female,Student,50.1,155.6,20.7
5150,20,Male,Manager,61.3,180.1,18.9
5151,37,Female,Unemployed,60.3,160.9,23.3
5152,36,Male,Unemployed,70.3,159.9,27.5
5153,52,Female,Student,71.1,162.3,27.0
5154,21,Male,Student,88.3,171.0,30.2
5155,22,Female,Teacher,69.3,154.1,29.2
5156,18,Male,Manager,68.8,176.4,22.1
5157,21,Female,Salesperson,67.5,165.6,24.6
5158,29,Male,Student,82.0,183.3,24.4
5159,44,Female,Unemployed,39.0,156.2,16.0
5160,59,Female,Manager,56.9,173.0,19.0
5161,40,Male,Salesperson,76.6,179.8,23.7
5162,42,Female,Teacher,65.5,166.3,23.7
5163,38,Male,Software Engineer,92.0,185.3,26.8
5164,41,Female,Unemployed,65.8,157.3,26.6
5165,42,Female,Teacher,48.5,171.4,16.5
5166,49,Female,Healthcare Worker,74.7,167.0,26.8
5167,49,Female,Unemployed,63.7,158.7,25.3
5168,22,Male,Manager,96.5,188.0,27.3
5169,53,Male,Teacher,88.2,173.5,29.3
5170,59,Male,Student,71.7,173.2,23.9
5171,59,Female,Student,86.5,169.5,30.1
5172,56,Male,Student,61.1,172.7,20.5
5173,33,Female,Student,46.9,152.3,20.2
5174,50,Female,Student,70.1,162.9,26.4
5175,38,Male,Software Engineer,68.1,172.8,22.8
5176,26,Female,Software Engineer,61.1,154.2,25.7
5177,23,Male,Software Engineer,95.1,168.5,33.5
5178,52,Male,Student,76.5,170.6,26.3
5179,56,Female,Student,68.4,163.8,25.5
5180,39,Male,Manager,60.7,171.6,20.6
5181,58,Male,Teacher,49.1,170.4,16.9
5182,22,Female,Software Engineer,57.5,154.1,24.2
5183,59,Male,Manager,82.5,167.8,29.3
5184,40,Female,Salesperson,59.2,160.5,23.0
5185,34,Female,Software Engineer,78.3,172.5,26.3
5186,29,Male,Manager,99.4,179.4,30.9
5187,40,Male,Unemployed,93.9,174.6,30.8
5188,33,Female,Salesperson,76.7,170.5,26.4
5189,20,Male,Software Engineer,80.3,178.2,25.3
5190,47,Male,Manager,55.4,176.9,17.7
5191,39,Female,Student,63.1,170.5,21.7
5192,26,Male,Teacher,62.5,164.1,23.2
5193,46,Female,Unemployed,58.4,168.0,20.7
5194,54,Male,Teacher,71.4,167.0,25.6
5195,40,Male,Healthcare Worker,96.0,170.3,33.1
5196,30,Male,Software Engineer,96.1,175.2,31.3
5197,49,Female,Unemployed,68.8,163.9,25.6
5198,40,Female,Teacher,72.5,160.9,28.0
5199,34,Female,Student,57.0,163.9,21.2
5200,57,Male,Teacher,101.2,180.4,31.1
5201,38,Male,Student,54.9,177.1,17.5
5202,19,Male,Student,96.9,184.1,28.6
5203,54,Male,Salesperson,85.5,179.0,26.7
5204,23,Female,Student,54.4,160.6,21.1
5205,35,Female,Salesperson,53.5,150.5,23.6
5206,47,Male,Student,60.9,177.2,19.4
5207,39,Female,Student,54.1,166.1,19.6
5208,50,Male,Unemployed,48.9,168.1,17.3
5209,47,Female,Software Engineer,67.4,155.1,28.0
5210,34,Male,Manager,92.7,176.1,29.9
5211,49,Male,Manager,55.1,185.6,16.0
5212,59,Male,Teacher,97.1,172.1,32.8
5213,31,Male,Healthcare Worker,78.3,179.1,24.4
5214,27,Female,Manager,59.3,151.6,25.8
5215,53,Male,Software Engineer,49.3,166.0,17.9
5216,51,Male,Healthcare Worker,98.6,180.1,30.4
5217,26,Female,Student,75.1,171.9,25.4
5218,59,Female,Teacher,84.2,168.7,29.6
5219,45,Female,Unemployed,75.0,158.1,30.0
5220,28,Male,Manager,100.3,181.3,30.5
5221,31,Female,Salesperson,55.9,160.8,21.6
5222,56,Female,Manager,61.5,161.4,23.6
5223,36,Male,Salesperson,62.1,169.1,21.7
5224,32,Male,Healthcare Worker,83.7,171.4,28.5
5225,45,Male,Student,58.2,149.6,26.0
5226,41,Male,Student,105.3,189.6,29.3
5227,25,Male,Software Engineer,94.4,178.9,29.5
5228,26,Male,Manager,48.0,169.6,16.7
5229,50,Female,Student,79.2,160.9,30.6
5230,50,Female,Student,71.1,157.1,28.8
5231,36,Female,Software Engineer,60.1,162.4,22.8
5232,20,Female,Unemployed,68.9,162.5,26.1
5233,27,Male,Manager,72.4,174.0,23.9
5234,57,Female,Software Engineer,81.3,172.6,27.3
5235,59,Female,Student,59.2,161.2,22.8
5236,18,Male,Software Engineer,82.3,175.6,26.7
5237,46,Female,Student,66.2,163.4,24.8
5238,51,Female,Student,58.3,160.6,22.6
5239,30,Female,Healthcare Worker,66.1,161.3,25.4
5240,18,Female,Unemployed,95.8,161.6,36.7
5241,51,Male,Student,63.5,172.2,21.4
5242,46,Male,Student,79.3,184.1,23.4
5243,30,Male,Software Engineer,63.8,172.2,21.5
5244,46,Female,Software Engineer,60.6,165.9,22.0
5245,56,Female,Student,79.0,167.4,28.2
5246,41,Non-binary,Software Engineer,80.6,170.6,27.7
5247,43,Male,Student,73.3,173.0,24.5
5248,34,Male,Salesperson,87.3,173.2,29.1
5249,24,Female,Manager,77.7,166.3,28.1
5250,30,Female,Manager,66.1,166.7,23.8
5251,22,Male,Software Engineer,55.0,176.8,17.6
5252,43,Female,Healthcare Worker,68.1,155.4,28.2
5253,20,Female,Unemployed,64.5,159.7,25.3
5254,24,Female,Student,64.5,161.9,24.6
5255,56,Female,Student,57.7,160.5,22.4
5256,18,Male,Teacher,91.0,180.6,27.9
5257,34,Female,Student,77.5,172.3,26.1
5258,42,Female,Software Engineer,60.2,160.4,23.4
5259,20,Male,Teacher,60.4,178.3,19.0
5260,32,Male,Teacher,89.1,174.4,29.3
5261,46,Female,Software Engineer,59.5,147.9,27.2
5262,49,Male,Teacher,86.3,183.6,25.6
5263,43,Male,Unemployed,52.8,181.7,16.0
5264,33,Female,Student,62.2,160.0,24.3
5265,42,Male,Manager,64.5,166.0,23.4
5266,45,Female,Student,63.2,170.7,21.7
5267,26,Male,Student,88.0,177.6,27.9
5268,18,Female,Teacher,77.9,167.7,27.7
5269,46,Male,Student,84.3,178.4,26.5
5270,39,Male,Student,92.7,178.2,29.2
5271,33,Male,Student,74.8,193.9,19.9
5272,58,Female,Teacher,52.5,152.8,22.5
5273,58,Female,Manager,66.9,164.2,24.8
5274,24,Male,Student,64.0,171.7,21.7
5275,31,Female,Manager,71.8,160.7,27.8
5276,46,Female,Student,56.7,159.8,22.2
5277,36,Female,Manager,91.8,174.1,30.3
5278,36,Male,Software Engineer,70.8,186.7,20.3
5279,19,Female,Manager,95.8,167.6,34.1
5280,58,Male,Unemployed,98.9,171.6,33.6
5281,32,Male,Healthcare Worker,75.1,176.5,24.1
5282,20,Female,Student,84.9,169.1,29.7
5283,28,Female,Healthcare Worker,66.2,170.8,22.7
5284,47,Male,Student,98.5,184.0,29.1
5285,57,Male,Unemployed,68.8,170.4,23.7
5286,35,Female,Student,50.4,164.2,18.7
5287,19,Female,Software Engineer,42.0,162.0,16.0
5288,49,Male,Student,70.9,174.5,23.3
5289,25,Female,Student,64.3,157.9,25.8
5290,39,Male,Salesperson,93.2,174.8,30.5
5291,23,Male,Healthcare Worker,73.6,172.6,24.7
5292,29,Female,Manager,81.3,167.4,29.0
5293,57,Male,Manager,69.1,175.2,22.5
5294,53,Male,Salesperson,68.8,172.9,23.0
5295,32,Female,Student,72.6,157.7,29.2
5296,45,Female,Student,32.6,142.8,16.0
5297,35,Male,Student,80.6,181.0,24.6
5298,19,Female,Software Engineer,59.7,162.2,22.7
5299,30,Female,Student,79.5,161.2,30.6
5300,32,Male,Student,68.5,176.1,22.1
5301,37,Female,Student,73.3,165.4,26.8
5302,46,Male,Student,107.3,193.7,28.6
5303,59,Male,Healthcare Worker,56.3,177.9,17.8
5304,46,Female,Student,61.0,159.8,23.9
5305,20,Female,Teacher,57.2,159.1,22.6
5306,36,Male,Teacher,92.7,179.4,28.8
5307,20,Male,Teacher,87.8,178.7,27.5
5308,31,Male,Student,65.8,167.3,23.5
5309,57,Male,Software Engineer,62.5,177.6,19.8
5310,21,Male,Student,80.2,165.7,29.2
5311,28,Male,Software Engineer,73.1,173.8,24.2
5312,48,Female,Student,43.5,159.0,17.2
5313,49,Male,Teacher,55.5,177.5,17.6
5314,44,Male,Manager,83.3,177.3,26.5
5315,47,Female,Teacher,49.3,162.0,18.8
5316,19,Female,Software Engineer,89.8,165.2,32.9
5317,26,Male,Software Engineer,59.2,170.8,20.3
5318,45,Male,Salesperson,73.5,173.2,24.5
5319,48,Female,Student,67.9,164.1,25.2
5320,51,Male,Salesperson,70.6,182.5,21.2
5321,32,Male,Salesperson,44.6,167.0,16.0
5322,42,Female,Software Engineer,69.6,165.5,25.4
5323,53,Male,Student,60.9,169.9,21.1
5324,25,Male,Software Engineer,83.1,182.3,25.0
5325,26,Male,Student,80.5,183.5,23.9
5326,54,Male,Student,73.0,168.5,25.7
5327,56,Male,Student,98.9,177.2,31.5
5328,49,Non-binary,Student,65.3,172.3,22.0
5329,34,Male,Teacher,70.9,177.9,22.4
5330,52,Male,Salesperson,58.2,185.0,17.0
5331,54,Male,Student,78.2,182.0,23.6
5332,36,Female,Healthcare Worker,67.7,160.5,26.3
5333,46,Female,Unemployed,57.3,160.3,22.3
5334,24,Male,Unemployed,81.0,175.2,26.4
5335,45,Female,Salesperson,66.1,167.0,23.7
5336,26,Male,Software Engineer,61.2,181.4,18.6
5337,45,Male,Student,82.0,177.9,25.9
5338,23,Male,Teacher,56.3,154.4,23.6
5339,46,Male,Teacher,69.0,165.8,25.1
5340,34,Male,Salesperson,55.9,159.7,21.9
5341,33,Female,Unemployed,52.2,155.5,21.6
5342,40,Male,Teacher,78.7,176.7,25.2
5343,48,Female,Software Engineer,58.2,157.4,23.5
5344,20,Male,Student,91.5,168.3,32.3
5345,38,Male,Student,90.7,179.7,28.1
5346,43,Male,Teacher,87.5,180.0,27.0
5347,53,Female,Teacher,73.3,175.9,23.7
5348,59,Male,Salesperson,43.4,164.7,16.0
5349,54,Female,Teacher,57.4,165.7,20.9
5350,39,Male,Healthcare Worker,75.9,187.5,21.6
5351,59,Male,Manager,81.4,186.9,23.3
5352,29,Male,Salesperson,77.8,178.9,24.3
5353,59,Male,Student,79.4,169.9,27.5
5354,30,Male,Healthcare Worker,84.4,181.2,25.7
5355,28,Male,Manager,87.7,171.8,29.7
5356,33,Female,Student,62.2,164.1,23.1
5357,25,Male,Student,65.8,160.0,25.7
5358,57,Female,Healthcare Worker,65.1,158.2,26.0
5359,57,Male,Student,74.5,170.6,25.6
5360,19,Female,Software Engineer,92.2,174.4,30.3
5361,47,Female,Software Engineer,74.5,162.8,28.1
5362,47,Male,Manager,57.7,176.2,18.6
5363,29,Male,Salesperson,59.9,158.0,24.0
5364,27,Female,Software Engineer,67.6,166.5,24.4
5365,28,Female,Software Engineer,82.2,155.0,34.2
5366,32,Male,Unemployed,68.8,173.0,23.0
5367,33,Male,Salesperson,64.3,178.9,20.1
5368,34,Female,Healthcare Worker,76.0,169.3,26.5
5369,43,Male,Software Engineer,82.2,175.5,26.7
5370,19,Female,Student,54.3,149.8,24.2
5371,29,Male,Software Engineer,55.2,153.3,23.5
5372,43,Male,Manager,85.1,171.9,28.8
5373,40,Female,Student,48.1,152.5,20.7
5374,35,Female,Student,55.2,154.9,23.0
5375,49,Male,Student,76.1,185.2,22.2
5376,55,Male,Software Engineer,82.1,167.1,29.4
5377,20,Female,Salesperson,70.8,165.6,25.8
5378,55,Female,Student,47.1,154.6,19.7
5379,20,Male,Manager,69.6,185.6,20.2
5380,47,Female,Healthcare Worker,94.2,169.2,32.9
5381,18,Female,Student,70.5,154.8,29.4
5382,47,Female,Manager,82.7,170.9,28.3
5383,49,Female,Unemployed,59.6,155.6,24.6
5384,45,Male,Unemployed,98.5,177.4,31.3
5385,38,Female,Student,49.8,159.8,19.5
5386,30,Female,Student,67.1,155.1,27.9
5387,44,Male,Student,66.3,171.7,22.5
5388,53,Male,Manager,68.5,171.1,23.4
5389,24,Male,Salesperson,82.5,172.3,27.8
5390,39,Female,Manager,68.0,168.7,23.9
5391,27,Male,Software Engineer,69.1,175.3,22.5
5392,56,Female,Student,53.5,154.9,22.3
5393,32,Female,Teacher,38.2,154.5,16.0
5394,32,Female,Software Engineer,66.3,154.2,27.9
5395,21,Female,Salesperson,49.0,156.6,20.0
5396,49,Female,Software Engineer,93.5,168.6,32.9
5397,40,Male,Software Engineer,59.8,160.5,23.2
5398,23,Female,Student,76.6,158.7,30.4
5399,41,Male,Student,44.2,164.2,16.4
5400,37,Female,Student,80.7,170.4,27.8
5401,54,Male,Student,86.0,172.5,28.9
5402,37,Non-binary,Software Engineer,102.3,183.4,30.4
5403,29,Female,Student,37.5,146.0,17.6
5404,50,Female,Student,57.1,163.8,21.3
5405,45,Male,Salesperson,88.2,180.4,27.1
5406,25,Male,Software Engineer,86.8,185.6,25.2
5407,18,Female,Manager,71.4,166.4,25.8
5408,54,Male,Manager,74.4,180.2,22.9
5409,39,Female,Teacher,75.3,154.6,31.5
5410,23,Male,Unemployed,119.3,181.5,36.2
5411,38,Female,Student,64.1,160.1,25.0
5412,49,Male,Salesperson,70.8,163.5,26.5
5413,52,Female,Unemployed,61.4,157.4,24.8
5414,32,Female,Healthcare Worker,82.2,164.7,30.3
5415,22,Male,Student,82.8,171.4,28.2
5416,23,Male,Software Engineer,59.3,173.5,19.7
5417,42,Male,Student,70.3,180.0,21.7
5418,57,Female,Manager,45.9,151.5,20.0
5419,46,Female,Manager,100.7,165.9,36.6
5420,24,Female,Software Engineer,83.7,174.8,27.4
5421,57,Female,Teacher,60.3,166.3,21.8
5422,30,Male,Manager,61.0,168.5,21.5
5423,55,Male,Software Engineer,75.3,163.7,28.1
5424,35,Male,Healthcare Worker,88.1,175.5,28.6
5425,19,Male,Salesperson,82.2,171.0,28.1
5426,25,Female,Student,57.9,160.0,22.6
5427,28,Female,Manager,64.7,158.0,25.9
5428,50,Male,Student,73.3,171.2,25.0
5429,55,Female,Teacher,52.0,160.1,20.3
5430,44,Female,Unemployed,59.6,171.4,20.3
5431,37,Male,Healthcare Worker,79.3,173.3,26.4
5432,29,Male,Software Engineer,70.4,166.5,25.4
5433,48,Male,Student,74.0,165.6,27.0
5434,44,Female,Student,80.4,169.2,28.1
5435,49,Female,Teacher,91.8,171.5,31.2
5436,27,Female,Student,55.5,162.5,21.0
5437,20,Male,Teacher,72.6,163.1,27.3
5438,44,Male,Student,87.9,177.5,27.9
5439,52,Female,Software Engineer,60.2,161.4,23.1
5440,48,Female,Student,57.8,152.1,25.0
5441,32,Female,Unemployed,68.1,171.3,23.2
5442,33,Female,Salesperson,90.9,163.5,34.0
5443,30,Male,Software Engineer,78.5,177.2,25.0
5444,52,Female,Student,59.3,149.6,26.5
5445,28,Female,Teacher,51.0,148.0,23.3
5446,38,Male,Student,62.3,167.2,22.3
5447,28,Female,Teacher,46.6,158.3,18.6
5448,47,Male,Salesperson,96.4,181.1,29.4
5449,52,Male,Manager,75.5,164.2,28.0
5450,39,Male,Manager,75.3,180.6,23.1
5451,55,Male,Teacher,63.0,175.7,20.4
5452,48,Male,Healthcare Worker,82.4,180.5,25.3
5453,31,Male,Healthcare Worker,64.9,170.6,22.3
5454,41,Female,Teacher,54.7,152.6,23.5
5455,49,Male,Software Engineer,61.5,180.9,18.8
5456,53,Male,Software Engineer,75.9,172.5,25.5
5457,49,Male,Student,78.5,175.1,25.6
5458,32,Female,Manager,84.2,169.2,29.4
5459,52,Male,Teacher,82.9,186.6,23.8
5460,20,Male,Student,69.8,174.2,23.0
5461,33,Female,Student,51.2,171.0,17.5
5462,22,Female,Software Engineer,81.6,166.3,29.5
5463,38,Female,Healthcare Worker,71.9,158.8,28.5
5464,27,Female,Teacher,65.5,163.2,24.6
5465,36,Male,Manager,50.7,165.6,18.5
5466,42,Female,Software Engineer,48.0,158.9,19.0
5467,21,Male,Teacher,69.1,177.2,22.0
5468,46,Male,Software Engineer,91.6,178.3,28.8
5469,36,Male,Manager,78.4,174.3,25.8
5470,19,Female,Student,43.3,156.0,17.8
5471,27,Male,Software Engineer,79.6,174.0,26.3
5472,42,Female,Student,55.2,163.3,20.7
5473,37,Female,Software Engineer,62.5,167.8,22.2
5474,36,Male,Unemployed,94.1,180.4,28.9
5475,40,Female,Student,67.2,155.2,27.9
5476,41,Female,Software Engineer,69.8,154.1,29.4
5477,28,Female,Teacher,59.8,156.6,24.4
5478,51,Male,Healthcare Worker,96.0,183.5,28.5
5479,45,Female,Software Engineer,59.7,165.1,21.9
5480,22,Male,Salesperson,69.5,172.7,23.3
5481,22,Female,Healthcare Worker,53.9,153.1,23.0
5482,38,Male,Software Engineer,73.2,172.5,24.6
5483,29,Male,Software Engineer,60.7,180.1,18.7
5484,21,Female,Software Engineer,63.5,164.4,23.5
5485,59,Female,Salesperson,84.3,164.9,31.0
5486,37,Female,Student,47.1,155.0,19.6
5487,55,Male,Software Engineer,57.4,176.2,18.5
5488,42,Male,Manager,54.4,169.6,18.9
5489,31,Female,Teacher,101.8,167.0,36.5
5490,28,Female,Software Engineer,68.9,161.0,26.6
5491,49,Female,Teacher,59.7,160.1,23.3
5492,28,Male,Student,83.3,183.3,24.8
5493,35,Male,Software Engineer,74.0,170.4,25.5
5494,44,Female,Teacher,57.7,163.5,21.6
5495,35,Female,Healthcare Worker,53.5,155.2,22.2
5496,40,Male,Student,73.6,175.8,23.8
5497,28,Female,Healthcare Worker,56.5,163.3,21.2
5498,38,Female,Manager,59.6,162.1,22.7
5499,22,Male,Student,79.4,174.4,26.1
5500,40,Male,Salesperson,70.5,187.7,20.0
5501,58,Male,Student,111.8,175.7,36.2
5502,42,Female,Unemployed,68.0,156.1,27.9
5503,58,Male,Healthcare Worker,58.6,176.5,18.8
5504,27,Male,Student,47.5,172.3,16.0
5505,39,Female,Student,58.9,165.9,21.4
5506,36,Male,Software Engineer,87.5,178.1,27.6
5507,18,Male,Software Engineer,77.6,170.5,26.7
5508,24,Male,Software Engineer,76.3,178.3,24.0
5509,21,Female,Software Engineer,51.5,153.7,21.8
5510,18,Female,Manager,45.9,150.0,20.4
5511,32,Male,Student,74.9,181.6,22.7
5512,57,Female,Salesperson,53.5,163.9,19.9
5513,29,Female,Salesperson,61.6,164.7,22.7
5514,39,Male,Software Engineer,96.6,178.0,30.5
5515,39,Male,Healthcare Worker,63.1,173.3,21.0
5516,34,Male,Student,88.9,180.8,27.2
5517,46,Male,Student,91.3,180.9,27.9
5518,31,Female,Manager,57.4,171.2,19.6
5519,37,Female,Software Engineer,52.3,159.0,20.7
5520,50,Male,Teacher,88.5,173.8,29.3
5521,32,Male,Healthcare Worker,58.7,170.0,20.3
5522,29,Male,Unemployed,77.4,178.8,24.2
5523,57,Female,Manager,89.8,163.2,33.7
5524,37,Male,Salesperson,94.1,180.4,28.9
5525,47,Female,Student,67.5,164.6,24.9
5526,55,Male,Student,90.8,179.1,28.3
5527,20,Female,Salesperson,55.3,151.2,24.2
5528,45,Female,Software Engineer,70.9,156.1,29.1
5529,43,Male,Software Engineer,52.5,181.1,16.0
5530,47,Female,Software Engineer,62.0,161.1,23.9
5531,30,Female,Manager,43.6,165.1,16.0
5532,30,Male,Student,71.8,168.8,25.2
5533,19,Female,Manager,67.3,169.6,23.4
5534,54,Male,Student,86.4,168.0,30.6
5535,55,Female,Student,67.5,156.1,27.7
5536,19,Male,Software Engineer,75.1,184.3,22.1
5537,53,Female,Student,62.9,166.4,22.7
5538,43,Female,Healthcare Worker,68.9,162.2,26.2
5539,28,Female,Student,60.2,165.8,21.9
5540,25,Female,Student,67.0,165.7,24.4
5541,57,Female,Teacher,68.3,149.9,30.4
5542,39,Male,Software Engineer,55.4,163.2,20.8
5543,37,Female,Student,54.7,155.9,22.5
5544,25,Female,Student,57.0,157.1,23.1
5545,46,Female,Unemployed,98.5,159.5,38.7
5546,57,Female,Manager,76.8,168.0,27.2
5547,43,Female,Software Engineer,84.7,169.2,29.6
5548,47,Female,Software Engineer,71.9,160.2,28.0
5549,34,Male,Student,76.3,164.2,28.3
5550,37,Male,Software Engineer,101.3,195.1,26.6
5551,33,Male,Manager,81.7,176.9,26.1
5552,24,Male,Healthcare Worker,55.6,175.8,18.0
5553,33,Female,Student,72.6,166.8,26.1
5554,44,Male,Salesperson,75.0,176.8,24.0
5555,40,Male,Student,81.7,173.9,27.0
5556,41,Non-binary,Student,63.7,162.2,24.2
5557,26,Male,Student,78.3,167.5,27.9
5558,52,Male,Student,93.6,180.6,28.7
5559,37,Male,Healthcare Worker,56.9,188.6,16.0
5560,54,Male,Software Engineer,71.0,177.6,22.5
5561,59,Female,Student,42.8,163.0,16.1
5562,34,Female,Unemployed,61.7,155.2,25.6
5563,48,Female,Healthcare Worker,55.8,155.4,23.1
5564,25,Male,Salesperson,102.0,182.6,30.6
5565,32,Female,Healthcare Worker,71.1,167.3,25.4
5566,48,Male,Student,75.6,184.1,22.3
5567,47,Male,Salesperson,80.5,167.5,28.7
5568,37,Male,Manager,70.3,174.5,23.1
5569,56,Male,Healthcare Worker,69.8,176.9,22.3
5570,29,Male,Salesperson,78.9,173.2,26.3
5571,34,Male,Software Engineer,100.4,177.7,31.8
5572,59,Non-binary,Salesperson,75.8,163.7,28.3
5573,47,Male,Student,89.8,182.0,27.1
5574,46,Male,Software Engineer,128.8,186.8,36.9
5575,36,Male,Student,63.2,172.7,21.2
5576,28,Female,Healthcare Worker,56.5,163.7,21.1
5577,51,Male,Student,79.4,177.5,25.2
5578,24,Female,Teacher,82.4,162.3,31.3
5579,51,Female,Software Engineer,58.6,169.9,20.3
5580,37,Male,Unemployed,104.7,179.8,32.4
5581,55,Male,Software Engineer,58.3,179.9,18.0
5582,41,Male,Salesperson,74.6,176.3,24.0
5583,27,Female,Healthcare Worker,62.7,157.4,25.3
5584,49,Male,Software Engineer,58.2,168.5,20.5
5585,32,Male,Software Engineer,54.9,159.0,21.7
5586,54,Male,Salesperson,78.6,167.2,28.1
5587,37,Female,Healthcare Worker,91.0,171.3,31.0
5588,20,Male,Salesperson,53.4,182.7,16.0
5589,54,Male,Student,76.9,174.3,25.3
5590,57,Female,Healthcare Worker,71.3,172.4,24.0
5591,25,Female,Software Engineer,66.3,162.8,25.0
5592,57,Female,Teacher,53.4,152.1,23.1
5593,40,Male,Salesperson,63.7,184.5,18.7
5594,57,Female,Student,80.1,159.7,31.4
5595,28,Female,Salesperson,70.8,154.4,29.7
5596,25,Male,Teacher,65.1,164.7,24.0
5597,46,Female,Healthcare Worker,55.0,157.1,22.3
5598,47,Male,Student,77.5,188.6,21.8
5599,27,Female,Software Engineer,41.4,160.8,16.0
5600,56,Male,Salesperson,70.4,164.2,26.1
5601,45,Female,Student,85.3,174.5,28.0
5602,53,Male,Student,79.1,177.5,25.1
5603,30,Female,Unemployed,65.3,164.6,24.1
5604,49,Male,Student,63.3,158.8,25.1
5605,53,Female,Unemployed,55.7,164.1,20.7
5606,54,Female,Student,60.4,164.6,22.3
5607,43,Male,Software Engineer,68.4,169.5,23.8
5608,39,Female,Salesperson,73.9,163.6,27.6
5609,21,Non-binary,Manager,98.5,179.1,30.7
5610,48,Male,Teacher,71.9,174.9,23.5
5611,35,Male,Teacher,56.4,168.8,19.8
5612,55,Female,Salesperson,60.5,156.5,24.7
5613,41,Male,Student,88.9,162.7,33.6
5614,40,Male,Software Engineer,63.4,177.2,20.2
5615,39,Male,Student,68.5,155.0,28.5
5616,19,Male,Teacher,91.3,173.0,30.5
5617,48,Male,Student,75.4,181.4,22.9
5618,28,Male,Software Engineer,59.8,167.6,21.3
5619,45,Female,Software Engineer,68.3,158.7,27.1
5620,49,Female,Student,70.1,163.9,26.1
5621,22,Male,Student,63.6,151.8,27.6
5622,55,Female,Manager,89.9,163.1,33.8
5623,27,Female,Software Engineer,71.4,168.0,25.3
5624,57,Female,Healthcare Worker,47.5,157.7,19.1
5625,41,Male,Manager,75.9,174.9,24.8
5626,52,Male,Student,63.6,157.6,25.6
5627,40,Female,Manager,91.5,174.1,30.2
5628,34,Female,Student,60.9,160.7,23.6
5629,18,Female,Salesperson,62.7,166.2,22.7
5630,48,Female,Unemployed,48.1,162.1,18.3
5631,48,Male,Teacher,71.2,162.4,27.0
5632,59,Female,Manager,100.0,158.9,39.6
5633,59,Male,Student,59.3,158.9,23.5
5634,51,Male,Software Engineer,93.3,187.6,26.5
5635,26,Female,Healthcare Worker,48.6,148.7,22.0
5636,39,Male,Student,60.3,179.6,18.7
5637,30,Male,Student,83.1,177.1,26.5
5638,42,Female,Software Engineer,65.2,162.8,24.6
5639,35,Male,Manager,49.3,175.5,16.0
5640,29,Female,Software Engineer,88.0,166.6,31.7
5641,57,Non-binary,Healthcare Worker,77.6,171.5,26.4
5642,34,Female,Student,62.4,158.6,24.8
5643,32,Male,Software Engineer,69.0,174.7,22.6
5644,59,Male,Manager,82.3,176.9,26.3
5645,32,Male,Student,81.9,175.8,26.5
5646,32,Male,Manager,71.3,164.7,26.3
5647,56,Male,Student,80.4,165.6,29.3
5648,30,Female,Student,87.8,170.2,30.3
5649,34,Male,Student,100.1,172.9,33.5
5650,49,Female,Healthcare Worker,60.0,170.2,20.7
5651,26,Male,Teacher,61.4,167.4,21.9
5652,57,Female,Salesperson,71.1,165.0,26.1
5653,37,Female,Software Engineer,50.6,155.3,21.0
5654,43,Male,Teacher,65.2,173.4,21.7
5655,44,Male,Software Engineer,77.1,170.3,26.6
5656,38,Female,Healthcare Worker,78.6,165.8,28.6
5657,35,Female,Salesperson,79.3,162.0,30.2
5658,30,Female,Salesperson,57.2,155.7,23.6
5659,33,Male,Student,84.1,177.8,26.6
5660,26,Male,Teacher,64.0,158.1,25.6
5661,29,Female,Software Engineer,63.4,160.6,24.6
5662,55,Female,Healthcare Worker,55.1,162.7,20.8
5663,36,Male,Student,63.3,176.6,20.3
5664,24,Female,Student,70.0,159.5,27.5
5665,52,Male,Software Engineer,75.1,190.0,20.8
5666,35,Male,Student,56.5,185.1,16.5
5667,33,Male,Student,70.4,169.8,24.4
5668,56,Male,Healthcare Worker,94.0,174.1,31.0
5669,21,Female,Teacher,40.6,159.3,16.0
5670,42,Male,Healthcare Worker,76.0,181.0,23.2
5671,49,Male,Salesperson,84.4,175.2,27.5
5672,57,Female,Student,36.8,150.2,16.3
5673,30,Female,Teacher,61.4,161.6,23.5
5674,34,Female,Student,52.2,164.1,19.4
5675,54,Female,Healthcare Worker,50.3,158.6,20.0
5676,23,Male,Software Engineer,71.9,178.0,22.7
5677,36,Female,Software Engineer,49.2,159.3,19.4
5678,30,Female,Software Engineer,48.3,159.1,19.1
5679,43,Female,Software Engineer,63.5,162.0,24.2
5680,31,Male,Student,113.3,181.2,34.5
5681,48,Male,Software Engineer,103.6,192.7,27.9
5682,21,Female,Salesperson,79.8,165.9,29.0
5683,56,Male,Salesperson,91.7,180.6,28.1
5684,25,Female,Software Engineer,64.5,173.6,21.4
5685,42,Female,Software Engineer,62.1,154.9,25.9
5686,30,Female,Healthcare Worker,72.3,156.8,29.4
5687,49,Female,Student,72.9,160.8,28.2
5688,55,Female,Healthcare Worker,68.7,164.5,25.4
5689,55,Male,Student,80.1,172.9,26.8
5690,45,Female,Manager,87.8,157.0,35.6
5691,47,Female,Teacher,77.5,165.5,28.3
5692,20,Male,Teacher,73.2,178.0,23.1
5693,45,Male,Healthcare Worker,81.0,183.0,24.2
5694,20,Male,Student,58.1,171.3,19.8
5695,51,Female,Software Engineer,86.1,156.6,35.1
5696,33,Male,Teacher,96.7,174.7,31.7
5697,39,Female,Salesperson,73.3,171.6,24.9
5698,49,Male,Student,111.3,180.1,34.3
5699,55,Male,Salesperson,97.6,189.1,27.3
5700,25,Female,Software Engineer,66.9,172.1,22.6
5701,25,Male,Student,81.7,169.0,28.6
5702,23,Female,Salesperson,73.9,167.6,26.3
5703,31,Female,Student,66.2,152.9,28.3
5704,49,Female,Teacher,49.5,164.5,18.3
5705,52,Male,Student,61.3,171.2,20.9
5706,27,Female,Software Engineer,89.6,169.5,31.2
5707,20,Female,Manager,91.7,169.0,32.1
5708,29,Female,Teacher,84.5,165.4,30.9
5709,48,Male,Software Engineer,98.2,168.7,34.5
5710,46,Female,Software Engineer,73.9,165.1,27.1
5711,22,Female,Student,70.7,162.4,26.8
5712,42,Female,Software Engineer,53.3,161.6,20.4
5713,58,Male,Unemployed,67.2,175.2,21.9
5714,48,Male,Healthcare Worker,49.7,176.3,16.0
5715,38,Male,Student,73.6,178.5,23.1
5716,37,Male,Student,50.5,177.7,16.0
5717,56,Male,Healthcare Worker,89.2,174.2,29.4
5718,39,Male,Teacher,80.5,175.3,26.2
5719,21,Female,Teacher,41.0,160.0,16.0
5720,30,Male,Salesperson,68.9,170.9,23.6
5721,59,Female,Software Engineer,82.9,157.5,33.4
5722,37,Male,Software Engineer,68.9,169.8,23.9
5723,30,Male,Unemployed,65.5,181.0,20.0
5724,34,Male,Manager,47.9,170.4,16.5
5725,53,Male,Student,51.7,176.5,16.6
5726,50,Female,Student,65.9,156.5,26.9
5727,18,Female,Student,57.9,160.4,22.5
5728,32,Male,Salesperson,75.3,181.3,22.9
5729,30,Male,Student,73.1,179.9,22.6
5730,34,Male,Student,61.4,160.3,23.9
5731,41,Female,Healthcare Worker,44.9,153.7,19.0
5732,25,Female,Student,62.1,154.8,25.9
5733,44,Female,Student,54.4,173.4,18.1
5734,40,Female,Student,55.3,161.9,21.1
5735,25,Female,Student,73.1,158.8,29.0
5736,25,Male,Software Engineer,68.3,161.4,26.2
5737,43,Male,Healthcare Worker,79.6,169.8,27.6
5738,30,Female,Healthcare Worker,96.0,167.5,34.2
5739,56,Female,Software Engineer,60.9,158.6,24.2
5740,54,Female,Software Engineer,63.2,160.3,24.6
5741,45,Female,Teacher,62.6,163.9,23.3
5742,42,Male,Student,68.8,174.9,22.5
5743,33,Female,Student,50.5,158.9,20.0
5744,19,Female,Healthcare Worker,66.2,163.0,24.9
5745,35,Male,Student,84.4,179.8,26.1
5746,34,Female,Student,75.7,169.7,26.3
5747,47,Female,Software Engineer,68.8,166.5,24.8
5748,56,Male,Software Engineer,89.6,176.7,28.7
5749,30,Male,Student,71.7,170.7,24.6
5750,49,Male,Student,71.2,177.1,22.7
5751,46,Female,Software Engineer,55.5,165.4,20.3
5752,47,Male,Manager,51.4,171.4,17.5
5753,35,Female,Student,82.2,162.6,31.1
5754,30,Female,Software Engineer,55.1,160.4,21.4
5755,38,Male,Teacher,61.0,173.3,20.3
5756,47,Female,Healthcare Worker,60.3,163.3,22.6
5757,38,Non-binary,Software Engineer,62.0,163.5,23.2
5758,34,Male,Student,96.1,173.6,31.9
5759,57,Male,Software Engineer,69.6,174.0,23.0
5760,36,Female,Salesperson,104.7,169.6,36.4
5761,32,Female,Student,67.5,165.0,24.8
5762,26,Male,Software Engineer,95.3,167.9,33.8
5763,27,Male,Student,89.5,177.2,28.5
5764,48,Male,Student,82.6,177.9,26.1
5765,40,Non-binary,Software Engineer,92.7,171.3,31.6
5766,47,Male,Student,91.2,175.5,29.6
5767,50,Female,Salesperson,73.5,163.8,27.4
5768,26,Female,Manager,80.2,151.6,34.9
5769,18,Male,Software Engineer,62.2,167.0,22.3
5770,52,Female,Software Engineer,50.9,159.6,20.0
5771,28,Male,Software Engineer,59.5,166.4,21.5
5772,51,Female,Student,82.9,160.0,32.4
5773,33,Male,Healthcare Worker,107.4,186.1,31.0
5774,26,Female,Unemployed,55.5,158.5,22.1
5775,49,Female,Student,39.8,157.8,16.0
5776,32,Male,Student,68.5,170.4,23.6
5777,29,Male,Student,65.5,181.4,19.9
5778,50,Male,Manager,63.8,169.2,22.3
5779,31,Male,Manager,64.6,180.6,19.8
5780,25,Female,Salesperson,42.6,157.0,17.3
5781,25,Female,Salesperson,90.2,165.3,33.0
5782,44,Male,Software Engineer,69.6,180.3,21.4
5783,29,Female,Manager,86.3,167.1,30.9
5784,18,Female,Manager,53.7,151.2,23.5
5785,57,Female,Teacher,53.7,166.4,19.4
5786,59,Male,Software Engineer,79.2,171.9,26.8
5787,28,Male,Manager,70.4,176.1,22.7
5788,56,Male,Teacher,67.5,169.1,23.6
5789,48,Female,Manager,72.0,169.0,25.2
5790,34,Male,Manager,52.1,158.2,20.8
5791,50,Male,Manager,49.4,169.5,17.2
5792,49,Male,Manager,71.4,171.4,24.3
5793,46,Female,Teacher,71.2,157.2,28.8
5794,38,Male,Manager,55.7,165.2,20.4
5795,38,Male,Software Engineer,81.1,179.4,25.2
5796,57,Male,Student,96.1,175.2,31.3
5797,40,Male,Student,83.4,186.0,24.1
5798,23,Female,Teacher,64.5,160.9,24.9
5799,39,Male,Teacher,78.3,178.0,24.7
5800,55,Male,Unemployed,67.2,177.2,21.4
5801,54,Female,Software Engineer,53.5,163.5,20.0
5802,25,Male,Software Engineer,48.9,156.4,20.0
5803,58,Male,Student,71.5,165.2,26.2
5804,52,Female,Student,77.5,166.7,27.9
5805,28,Male,Salesperson,90.3,179.3,28.1
5806,41,Male,Student,71.4,177.0,22.8
5807,38,Male,Manager,83.8,168.8,29.4
5808,19,Female,Manager,61.7,154.4,25.9
5809,57,Female,Software Engineer,59.6,155.0,24.8
5810,36,Female,Healthcare Worker,39.0,156.2,16.0
5811,56,Female,Software Engineer,53.6,160.6,20.8
5812,45,Male,Student,51.8,171.1,17.7
5813,34,Male,Healthcare Worker,90.9,182.5,27.3
5814,23,Female,Healthcare Worker,57.6,152.1,24.9
5815,36,Female,Student,49.1,157.8,19.7
5816,55,Male,Student,81.7,177.6,25.9
5817,45,Female,Student,39.0,146.8,18.1
5818,19,Male,Student,56.6,169.0,19.8
5819,55,Male,Unemployed,64.8,174.4,21.3
5820,54,Male,Teacher,89.0,181.9,26.9
5821,21,Male,Software Engineer,91.0,171.9,30.8
5822,39,Female,Healthcare Worker,57.8,162.5,21.9
5823,43,Female,Software Engineer,77.5,159.4,30.5
5824,53,Male,Software Engineer,73.8,172.9,24.7
5825,30,Male,Healthcare Worker,87.3,184.7,25.6
5826,49,Female,Salesperson,64.9,163.8,24.2
5827,34,Male,Salesperson,81.3,185.6,23.6
5828,58,Female,Teacher,68.8,161.1,26.5
5829,53,Male,Salesperson,85.0,174.9,27.8
5830,36,Female,Student,54.3,162.7,20.5
5831,52,Male,Teacher,71.8,174.4,23.6
5832,57,Male,Unemployed,96.4,173.6,32.0
5833,45,Male,Student,69.9,166.2,25.3
5834,18,Male,Salesperson,77.7,173.5,25.8
5835,59,Male,Software Engineer,85.5,169.4,29.8
5836,35,Female,Student,52.7,154.1,22.2
5837,57,Male,Salesperson,82.4,184.1,24.3
5838,50,Male,Student,78.1,166.4,28.2
5839,29,Female,Manager,79.8,162.8,30.1
5840,25,Female,Student,33.7,145.1,16.0
5841,41,Female,Healthcare Worker,53.3,158.5,21.2
5842,33,Female,Student,58.1,170.4,20.0
5843,21,Male,Student,70.6,171.9,23.9
5844,55,Female,Student,51.3,158.9,20.3
5845,44,Female,Healthcare Worker,69.9,159.4,27.5
5846,26,Female,Manager,69.2,165.4,25.3
5847,33,Male,Salesperson,92.4,180.1,28.5
5848,29,Male,Software Engineer,86.2,173.0,28.8
5849,48,Male,Software Engineer,75.0,164.9,27.6
5850,41,Female,Student,57.9,158.6,23.0
5851,31,Female,Teacher,59.3,154.0,25.0
5852,42,Female,Student,57.8,160.7,22.4
5853,51,Male,Unemployed,61.8,183.3,18.4
5854,20,Female,Salesperson,68.7,154.4,28.8
5855,41,Female,Software Engineer,66.3,165.9,24.1
5856,59,Male,Student,57.0,179.4,17.7
5857,26,Female,Salesperson,74.3,166.2,26.9
5858,43,Male,Student,70.7,173.5,23.5
5859,37,Female,Student,36.0,150.1,16.0
5860,57,Female,Student,49.7,164.8,18.3
5861,27,Female,Teacher,53.2,158.0,21.3
5862,36,Female,Salesperson,62.4,156.7,25.4
5863,20,Female,Software Engineer,66.8,154.5,28.0
5864,41,Female,Student,71.7,160.3,27.9
5865,22,Male,Software Engineer,87.6,179.5,27.2
5866,20,Female,Salesperson,61.4,159.0,24.3
5867,44,Male,Student,90.9,167.8,32.3
5868,33,Male,Student,91.5,182.1,27.6
5869,32,Female,Healthcare Worker,67.8,163.0,25.5
5870,52,Female,Unemployed,60.2,149.3,27.0
5871,29,Male,Unemployed,74.5,181.2,22.7
5872,58,Male,Salesperson,74.3,175.2,24.2
5873,43,Male,Student,42.2,162.4,16.0
5874,51,Male,Student,79.9,187.2,22.8
5875,40,Male,Software Engineer,95.1,171.3,32.4
5876,48,Female,Software Engineer,65.7,161.5,25.2
5877,37,Male,Unemployed,78.1,176.8,25.0
5878,29,Male,Salesperson,93.3,179.4,29.0
5879,40,Male,Salesperson,92.9,188.7,26.1
5880,21,Non-binary,Student,55.8,163.0,21.0
5881,40,Male,Healthcare Worker,80.4,180.8,24.6
5882,18,Male,Salesperson,63.0,180.2,19.4
5883,42,Male,Student,76.6,174.0,25.3
5884,19,Female,Healthcare Worker,54.6,162.4,20.7
5885,47,Female,Student,70.6,156.8,28.7
5886,20,Male,Student,60.7,165.3,22.2
5887,38,Male,Manager,72.9,187.2,20.8
5888,42,Male,Manager,64.6,164.1,24.0
5889,37,Female,Student,75.5,170.1,26.1
5890,39,Female,Software Engineer,48.9,160.0,19.1
5891,38,Male,Unemployed,78.9,188.5,22.2
5892,50,Male,Manager,74.6,172.8,25.0
5893,55,Male,Salesperson,93.2,174.8,30.5
5894,32,Male,Student,54.8,185.0,16.0
5895,32,Female,Student,70.6,160.8,27.3
5896,42,Male,Student,63.4,166.8,22.8
5897,38,Male,Student,66.0,172.1,22.3
5898,41,Male,Student,72.9,184.6,21.4
5899,22,Female,Student,60.0,161.8,22.9
5900,23,Female,Teacher,66.3,155.8,27.3
5901,40,Male,Software Engineer,71.8,180.2,22.1
5902,21,Male,Salesperson,93.0,170.5,32.0
5903,44,Male,Student,84.0,175.4,27.3
5904,35,Female,Software Engineer,71.4,167.7,25.4
5905,38,Male,Student,69.0,170.3,23.8
5906,45,Female,Software Engineer,86.5,170.1,29.9
5907,52,Female,Student,89.8,171.6,30.5
5908,39,Female,Unemployed,53.7,166.8,19.3
5909,57,Male,Salesperson,62.0,170.6,21.3
5910,40,Female,Software Engineer,66.8,156.1,27.4
5911,20,Female,Student,69.0,155.1,28.7
5912,57,Male,Teacher,81.8,188.2,23.1
5913,27,Male,Salesperson,74.8,187.8,21.2
5914,42,Male,Student,67.5,164.6,24.9
5915,25,Male,Teacher,86.9,167.2,31.1
5916,28,Male,Salesperson,69.7,168.0,24.7
5917,22,Female,Salesperson,48.4,160.5,18.8
5918,54,Male,Salesperson,78.6,177.3,25.0
5919,55,Female,Healthcare Worker,75.2,163.9,28.0
5920,46,Male,Healthcare Worker,86.2,189.5,24.0
5921,22,Female,Software Engineer,78.3,161.0,30.2
5922,26,Male,Teacher,87.0,175.0,28.4
5923,19,Female,Salesperson,63.4,161.8,24.2
5924,18,Male,Manager,84.9,185.4,24.7
5925,57,Male,Unemployed,47.8,171.8,16.2
5926,47,Female,Student,74.3,157.6,29.9
5927,28,Male,Software Engineer,69.2,173.5,23.0
5928,45,Female,Student,52.7,152.3,22.7
5929,29,Female,Student,59.2,164.1,22.0
5930,56,Male,Student,82.0,175.6,26.6
5931,43,Female,Manager,54.0,166.8,19.4
5932,30,Female,Student,51.7,160.4,20.1
5933,25,Male,Salesperson,67.4,166.5,24.3
5934,45,Female,Manager,60.2,166.5,21.7
5935,47,Female,Student,71.5,165.8,26.0
5936,26,Male,Student,67.8,176.4,21.8
5937,56,Male,Manager,104.7,181.7,31.7
5938,48,Female,Salesperson,72.3,161.8,27.6
5939,38,Male,Healthcare Worker,82.6,173.0,27.6
5940,51,Male,Healthcare Worker,66.2,174.2,21.8
5941,48,Male,Unemployed,103.7,171.4,35.3
5942,42,Female,Teacher,62.0,166.0,22.5
5943,29,Male,Healthcare Worker,61.6,170.0,21.3
5944,18,Male,Salesperson,81.1,171.1,27.7
5945,39,Female,Healthcare Worker,76.1,173.1,25.4
5946,57,Male,Student,69.4,182.6,20.8
5947,54,Male,Unemployed,101.3,171.6,34.4
5948,18,Non-binary,Software Engineer,81.2,167.6,28.9
5949,18,Female,Salesperson,65.1,163.0,24.5
5950,59,Female,Student,87.7,157.6,35.3
5951,59,Male,Software Engineer,93.9,182.8,28.1
5952,38,Female,Student,67.8,166.7,24.4
5953,32,Male,Student,115.5,182.2,34.8
5954,34,Male,Student,84.1,174.9,27.5
5955,39,Male,Salesperson,88.0,179.5,27.3
5956,55,Male,Student,62.8,166.0,22.8
5957,52,Female,Software Engineer,65.1,162.4,24.7
5958,33,Male,Student,66.2,170.8,22.7
5959,25,Female,Teacher,72.7,153.1,31.0
5960,34,Female,Student,45.9,162.9,17.3
5961,34,Female,Student,87.8,169.4,30.6
5962,43,Male,Software Engineer,57.9,167.7,20.6
5963,30,Female,Manager,63.8,162.4,24.2
5964,34,Male,Student,71.9,176.0,23.2
5965,55,Male,Student,74.0,182.6,22.2
5966,34,Non-binary,Student,63.9,152.1,27.6
5967,31,Male,Unemployed,66.9,165.3,24.5
5968,23,Male,Software Engineer,61.6,169.3,21.5
5969,52,Female,Teacher,67.2,163.3,25.2
5970,31,Male,Student,64.5,173.6,21.4
5971,25,Female,Software Engineer,56.9,160.5,22.1
5972,32,Male,Student,53.9,174.0,17.8
5973,44,Male,Student,63.7,168.2,22.5
5974,30,Male,Software Engineer,79.8,172.9,26.7
5975,48,Male,Software Engineer,69.9,168.2,24.7
5976,52,Male,Student,95.6,171.0,32.7
5977,23,Female,Manager,96.8,163.3,36.3
5978,22,Female,Unemployed,54.6,156.1,22.4
5979,39,Female,Software Engineer,53.2,159.9,20.8
5980,40,Male,Manager,90.5,174.9,29.6
5981,42,Female,Unemployed,68.1,161.8,26.0
5982,51,Female,Salesperson,74.3,158.4,29.6
5983,43,Female,Software Engineer,73.0,166.6,26.3
5984,22,Male,Salesperson,69.1,171.1,23.6
5985,43,Female,Student,58.0,156.5,23.7
5986,37,Female,Teacher,69.3,162.0,26.4
5987,23,Male,Student,79.0,183.3,23.5
5988,23,Female,Student,77.7,160.9,30.0
5989,35,Male,Software Engineer,52.7,168.3,18.6
5990,21,Female,Student,72.4,155.4,30.0
5991,34,Female,Manager,45.0,167.1,16.1
5992,31,Female,Software Engineer,70.6,167.4,25.2
5993,31,Male,Teacher,64.0,166.8,23.0
5994,30,Male,Student,54.0,174.7,17.7
5995,24,Female,Student,33.3,144.2,16.0
5996,32,Male,Teacher,63.4,179.8,19.6
5997,36,Male,Unemployed,79.8,179.7,24.7
5998,52,Female,Student,57.8,162.9,21.8
5999,34,Male,Student,54.7,166.2,19.8
6000,52,Male,Healthcare Worker,96.7,177.8,30.6
